# This file uses centimeters as units for non-parametric coordinates.

mtllib mindNmuscl_logo_v04.mtl
g default
v 1.136835 0.571615 -0.203994
v 1.175176 0.619688 -0.203994
v 1.215130 0.666475 -0.203994
v 1.257106 0.713858 -0.203994
v 1.299805 0.762230 -0.203994
v 1.342336 0.811875 -0.203994
v 1.384107 0.863384 -0.203994
v 1.424583 0.916453 -0.203994
v 1.463349 0.970851 -0.203994
v 1.500399 1.026474 -0.203994
v 1.535698 1.083243 -0.203994
v 1.569249 1.141188 -0.203994
v 1.600623 1.200283 -0.203994
v 1.629743 1.260665 -0.203994
v 1.656249 1.322320 -0.203994
v 1.679853 1.385222 -0.203994
v 1.680281 1.721441 -0.203994
v 1.688142 1.785362 -0.203994
v 1.693539 1.848850 -0.203994
v 1.696513 1.912334 -0.203994
v 1.697009 1.976156 -0.203994
v 1.695094 2.040097 -0.203994
v 1.690904 2.104139 -0.203994
v 1.684450 2.168315 -0.203994
v 1.675685 2.232579 -0.203994
v 1.664416 2.296682 -0.203994
v 1.650996 2.359997 -0.203994
v 1.635197 2.422406 -0.203994
v 1.616842 2.483687 -0.203994
v 1.166540 3.082995 -0.203994
v 1.123053 3.125596 -0.203994
v 1.077998 3.166451 -0.203994
v 1.031027 3.205598 -0.203994
v 0.982480 3.243065 -0.203994
v 0.932458 3.278987 -0.203994
v 1.082482 0.605213 -0.203994
v 1.017232 0.634449 -0.203994
v 1.115543 0.660539 -0.203994
v 1.047705 0.699748 -0.203994
v 1.154414 0.711524 -0.203994
v 1.091915 0.756331 -0.203994
v 1.196575 0.760855 -0.203994
v 1.137851 0.807490 -0.203994
v 1.239604 0.809330 -0.203994
v 1.182652 0.855621 -0.203994
v 1.282055 0.857863 -0.203994
v 1.225432 0.902666 -0.203994
v 1.323414 0.907697 -0.203994
v 1.266341 0.950561 -0.203994
v 1.363102 0.958791 -0.203994
v 1.304822 0.999578 -0.203994
v 1.400745 1.011072 -0.203994
v 1.341044 1.049772 -0.203994
v 1.436534 1.064644 -0.203994
v 1.375095 1.101454 -0.203994
v 1.470416 1.119378 -0.203994
v 1.407203 1.154305 -0.203994
v 1.502313 1.175309 -0.203994
v 1.437232 1.208402 -0.203994
v 1.532007 1.232238 -0.203994
v 1.465174 1.263213 -0.203994
v 1.559524 1.290132 -0.203994
v 1.491044 1.318652 -0.203994
v 1.584497 1.348974 -0.203994
v 1.514271 1.375056 -0.203994
v 1.606899 1.408645 -0.203994
v 1.535219 1.432112 -0.203994
v 1.626679 1.469329 -0.203994
v 1.554510 1.489610 -0.203994
v 1.643628 1.531287 -0.203994
v 1.571175 1.548255 -0.203994
v 1.657928 1.594185 -0.203994
v 1.584429 1.608322 -0.203994
v 1.670124 1.657568 -0.203994
v 1.596041 1.669077 -0.203994
v 1.605997 1.730276 -0.203994
v 1.612870 1.791568 -0.203994
v 1.617509 1.852447 -0.203994
v 1.620492 1.913239 -0.203994
v 1.621070 1.974414 -0.203994
v 1.619433 2.035806 -0.203994
v 1.616247 2.097299 -0.203994
v 1.611030 2.158917 -0.203994
v 1.603414 2.220333 -0.203994
v 1.593071 2.281554 -0.203994
v 1.580321 2.341944 -0.203994
v 1.565069 2.401399 -0.203994
v 1.547281 2.459639 -0.203994
v 1.526638 2.517144 -0.203994
v 1.503376 2.574275 -0.203994
v 1.478470 2.630769 -0.203994
v 1.452536 2.686531 -0.203994
v 1.425346 2.741475 -0.203994
v 1.395736 2.795069 -0.203994
v 1.362859 2.846811 -0.203994
v 1.327076 2.896548 -0.203994
v 1.289258 2.945033 -0.203994
v 1.249705 2.992391 -0.203994
v 1.208747 3.038408 -0.203994
v 1.050749 0.544343 -0.203994
v 1.100172 0.517282 -0.203994
v -0.586473 3.460265 -0.203994
v -0.642904 3.436116 -0.203994
v -1.054870 3.267659 -0.203994
v -1.103742 3.226014 -0.203994
v -1.150823 3.182698 -0.203994
v -1.196470 3.137549 -0.203994
v -1.240456 3.090499 -0.203994
v -1.459060 2.928498 -0.203994
v -1.494908 2.871869 -0.203994
v -1.528742 2.813816 -0.203994
v -1.560233 2.754383 -0.203994
v -1.589030 2.693457 -0.203994
v -1.615203 2.631321 -0.203994
v -1.638739 2.568331 -0.203994
v -1.748102 2.460197 -0.203994
v -1.765004 2.393386 -0.203994
v -1.780023 2.326108 -0.203994
v -1.793570 2.258219 -0.203994
v -1.805694 2.189615 -0.203994
v -1.816500 2.120957 -0.203994
v -1.825704 2.053244 -0.203994
v 1.699153 1.229965 -0.203994
v 1.727350 1.294684 -0.203994
v 1.752096 1.361133 -0.203994
v 1.772899 1.428936 -0.203994
v 1.789950 1.497267 -0.203994
v 1.804075 1.565500 -0.203994
v 1.816740 1.633539 -0.203994
v 1.828799 1.701725 -0.203994
v 1.839701 1.770414 -0.203994
v 1.847417 1.840037 -0.203994
v 1.850803 1.910233 -0.203994
v 1.849915 1.980504 -0.203994
v 1.845522 2.050445 -0.203994
v 1.838281 2.119804 -0.203994
v 1.828504 2.188478 -0.203994
v 1.757018 2.178107 -0.203994
v 1.817085 2.256650 -0.203994
v 1.746957 2.244666 -0.203994
v 1.804724 2.324796 -0.203994
v 1.735023 2.311089 -0.203994
v 1.791268 2.392931 -0.203994
v 1.721279 2.377077 -0.203994
v 1.775600 2.461100 -0.203994
v 1.705298 2.442294 -0.203994
v 1.756287 2.528630 -0.203994
v 1.686479 2.506430 -0.203994
v 1.733449 2.595078 -0.203994
v 1.664684 2.569869 -0.203994
v 1.707939 2.660319 -0.203994
v 1.640224 2.632359 -0.203994
v 1.680283 2.724308 -0.203994
v 1.613626 2.693715 -0.203994
v 1.650414 2.787101 -0.203994
v 1.584912 2.753913 -0.203994
v 1.617935 2.848879 -0.203994
v 1.553807 2.813202 -0.203994
v 1.582791 2.909568 -0.203994
v 1.520176 2.871483 -0.203994
v 1.545283 2.968923 -0.203994
v 1.484074 2.928453 -0.203994
v 1.505765 3.026800 -0.203994
v 1.445723 2.983969 -0.203994
v 1.386098 2.940994 -0.203994
v 1.464550 3.083127 -0.203994
v 1.405481 3.037904 -0.203994
v 1.347070 2.992296 -0.203994
v 1.421597 3.137848 -0.203994
v 1.363594 3.090114 -0.203994
v 1.306310 3.041989 -0.203994
v 1.376583 3.191029 -0.203994
v 1.319983 3.140670 -0.203994
v 1.264075 3.090097 -0.203994
v 1.329178 3.242543 -0.203994
v 1.274407 3.189538 -0.203994
v 1.220269 3.136621 -0.203994
v 1.279115 3.291855 -0.203994
v 1.226780 3.236457 -0.203994
v 1.174767 3.181378 -0.203994
v 1.226214 3.338488 -0.203994
v 1.176870 3.281206 -0.203994
v 1.127317 3.224170 -0.203994
v 1.171043 3.382457 -0.203994
v 1.124759 3.323641 -0.203994
v 1.077938 3.264858 -0.203994
v 1.114625 3.424073 -0.203994
v 1.071044 3.363857 -0.203994
v 1.026913 3.303596 -0.203994
v 1.057288 3.463390 -0.203994
v 1.016104 3.402075 -0.203994
v 0.974432 3.340592 -0.203994
v 0.998978 3.500727 -0.203994
v 0.960001 3.438520 -0.203994
v 0.920614 3.375908 -0.203994
v 0.939495 3.536680 -0.203994
v 0.902595 3.473345 -0.203994
v 0.865542 3.409489 -0.203994
v 0.878695 3.570568 -0.203994
v 0.843929 3.506132 -0.203994
v 0.809176 3.441068 -0.203994
v 0.817071 3.602719 -0.203994
v 0.784312 3.536943 -0.203994
v 0.751653 3.470487 -0.203994
v 0.719108 3.403890 -0.203994
v 0.754699 3.633314 -0.203994
v 0.723958 3.565784 -0.203994
v 0.693426 3.497931 -0.203994
v 0.663083 3.429958 -0.203994
v 0.691048 3.661672 -0.203994
v 0.662661 3.592413 -0.203994
v 0.634454 3.523165 -0.203994
v 0.606486 3.453644 -0.203994
v 0.625795 3.687325 -0.203994
v 0.600268 3.616530 -0.203994
v 0.574722 3.546032 -0.203994
v 0.549150 3.475196 -0.203994
v 0.559578 3.709729 -0.203994
v 0.537055 3.638024 -0.203994
v 0.514261 3.566667 -0.203994
v 0.491183 3.494913 -0.203994
v 0.492875 3.729057 -0.203994
v 0.473147 3.657044 -0.203994
v 0.452874 3.585227 -0.203994
v 0.432288 3.512967 -0.203994
v 0.425557 3.745779 -0.203994
v 0.408378 3.673877 -0.203994
v 0.390563 3.601757 -0.203994
v 0.372501 3.528993 -0.203994
v 0.357935 3.760584 -0.203994
v 0.342797 3.688675 -0.203994
v 0.327548 3.616188 -0.203994
v 0.312355 3.543136 -0.203994
v 0.290130 3.774271 -0.203994
v 0.276626 3.701749 -0.203994
v 0.263774 3.628575 -0.203994
v 0.251310 3.555208 -0.203994
v 0.221989 3.786956 -0.203994
v 0.210200 3.712987 -0.203994
v 0.199680 3.638784 -0.203994
v 0.189906 3.564286 -0.203994
v 0.153219 3.798085 -0.203994
v 0.143567 3.722194 -0.203994
v 0.135522 3.646655 -0.203994
v 0.128729 3.571168 -0.203994
v 0.083727 3.806919 -0.203994
v 0.076777 3.729028 -0.203994
v 0.071507 3.651999 -0.203994
v 0.067619 3.575450 -0.203994
v 0.013412 3.812426 -0.203994
v 0.009960 3.732993 -0.203994
v 0.008073 3.654619 -0.203994
v 0.007401 3.576915 -0.203994
v -0.057935 3.813764 -0.203994
v -0.057155 3.733611 -0.203994
v -0.055309 3.654473 -0.203994
v -0.052622 3.576279 -0.203994
v -0.129558 3.810574 -0.203994
v -0.124312 3.730486 -0.203994
v -0.118891 3.651349 -0.203994
v -0.112997 3.572810 -0.203994
v -0.200589 3.803206 -0.203994
v -0.191181 3.723890 -0.203994
v -0.182227 3.645248 -0.203994
v -0.173020 3.566878 -0.203994
v -0.270757 3.792047 -0.203994
v -0.257670 3.714083 -0.203994
v -0.245323 3.636270 -0.203994
v -0.232988 3.558817 -0.203994
v -0.339964 3.777489 -0.203994
v -0.323666 3.701290 -0.203994
v -0.308256 3.624565 -0.203994
v -0.292964 3.547851 -0.203994
v -0.408133 3.760121 -0.203994
v -0.389050 3.685783 -0.203994
v -0.370783 3.610402 -0.203994
v -0.352752 3.534824 -0.203994
v -0.475362 3.740497 -0.203994
v -0.453799 3.667846 -0.203994
v -0.432870 3.593890 -0.203994
v -0.412190 3.519414 -0.203994
v -0.541823 3.718889 -0.203994
v -0.517926 3.647582 -0.203994
v -0.494446 3.575087 -0.203994
v -0.471128 3.501973 -0.203994
v -0.607598 3.695397 -0.203994
v -0.581419 3.625057 -0.203994
v -0.555364 3.553997 -0.203994
v -0.529315 3.482237 -0.203994
v -0.672600 3.669913 -0.203994
v -0.643981 3.600412 -0.203994
v -0.615259 3.530614 -0.203994
v -0.736732 3.642125 -0.203994
v -0.705464 3.573592 -0.203994
v -0.674200 3.505013 -0.203994
v -0.799691 3.611634 -0.203994
v -0.765810 3.544471 -0.203994
v -0.732038 3.477264 -0.203994
v -0.861077 3.578322 -0.203994
v -0.824924 3.513004 -0.203994
v -0.788843 3.447352 -0.203994
v -0.921018 3.542845 -0.203994
v -0.882882 3.479437 -0.203994
v -0.844541 3.415400 -0.203994
v -0.979981 3.505814 -0.203994
v -0.939781 3.443922 -0.203994
v -0.899207 3.381434 -0.203994
v -1.037959 3.467039 -0.203994
v -0.995558 3.406375 -0.203994
v -0.952748 3.345329 -0.203994
v -1.094716 3.426443 -0.203994
v -1.049890 3.366942 -0.203994
v -1.004539 3.307422 -0.203994
v -1.149911 3.383597 -0.203994
v -1.102655 3.325537 -0.203994
v -1.203444 3.338512 -0.203994
v -1.153727 3.282189 -0.203994
v -1.255027 3.291120 -0.203994
v -1.202946 3.236856 -0.203994
v -1.304592 3.241631 -0.203994
v -1.250467 3.189604 -0.203994
v -1.352206 3.190438 -0.203994
v -1.296109 3.140562 -0.203994
v -1.397586 3.137461 -0.203994
v -1.339769 3.089839 -0.203994
v -1.440809 3.082713 -0.203994
v -1.381514 3.037471 -0.203994
v -1.481863 3.026481 -0.203994
v -1.421286 2.983637 -0.203994
v -1.520927 2.969001 -0.203994
v -1.558135 2.910004 -0.203994
v -1.593258 2.849348 -0.203994
v -1.625951 2.787140 -0.203994
v -1.656060 2.723487 -0.203994
v -1.683255 2.658526 -0.203994
v -1.707687 2.592791 -0.203994
v -1.729243 2.526668 -0.203994
v 1.185008 0.532317 -0.203994
v 1.227872 0.574525 -0.203994
v 1.271322 0.618864 -0.203994
v 1.315663 0.665139 -0.203994
v 1.359832 0.713621 -0.203994
v 1.403219 0.764615 -0.203994
v 1.445522 0.818078 -0.203994
v 1.486553 0.873305 -0.203994
v 1.526057 0.929856 -0.203994
v 1.563872 0.987485 -0.203994
v 1.600167 1.046061 -0.203994
v 1.635086 1.105793 -0.203994
v 1.668241 1.167010 -0.203994
v 1.700158 1.449249 -0.203994
v 1.717235 1.514252 -0.203994
v 1.731843 1.579922 -0.203994
v 1.744519 1.645962 -0.203994
v 1.755418 1.712331 -0.203994
v 1.764256 1.778724 -0.203994
v 1.770385 1.845030 -0.203994
v 1.773474 1.911475 -0.203994
v 1.773466 1.978144 -0.203994
v 1.770558 2.044895 -0.203994
v 1.765002 2.111550 -0.203994
v 1.595729 2.544295 -0.203994
v 1.572111 2.604173 -0.203994
v 1.546459 2.662995 -0.203994
v 1.519064 2.720727 -0.203994
v 1.489597 2.777646 -0.203994
v 1.457613 2.833599 -0.203994
v 1.423026 2.888111 -0.203994
v 0.881004 3.313153 -0.203994
v 0.828355 3.345551 -0.203994
v 0.774461 3.375885 -0.203994
v -0.698259 3.409819 -0.203994
v -0.752754 3.381398 -0.203994
v -0.805979 3.350763 -0.203994
v -0.858376 3.318530 -0.203994
v -0.909651 3.284017 -0.203994
v -0.958948 3.247665 -0.203994
v -1.007318 3.209807 -0.203994
v -1.054194 3.169780 -0.203994
v -1.099174 3.128349 -0.203994
v -1.143094 3.085404 -0.203994
v -1.185132 3.040266 -0.203994
v -1.282459 3.041942 -0.203994
v -1.225326 2.993953 -0.203994
v -1.322655 2.991956 -0.203994
v -1.264120 2.946327 -0.203994
v -1.361042 2.940564 -0.203994
v -1.301081 2.897201 -0.203994
v -1.397499 2.887719 -0.203994
v -1.336353 2.846722 -0.203994
v -1.432137 2.833429 -0.203994
v -1.369795 2.794806 -0.203994
v -1.464686 2.778000 -0.203994
v -1.400833 2.741917 -0.203994
v -1.494868 2.721455 -0.203994
v -1.429528 2.688260 -0.203994
v -1.522367 2.663436 -0.203994
v -1.455373 2.633291 -0.203994
v -1.547310 2.604177 -0.203994
v -1.478805 2.577022 -0.203994
v -1.569642 2.543882 -0.203994
v -1.499753 2.519315 -0.203994
v -1.659715 2.504891 -0.203994
v -1.589910 2.482874 -0.203994
v -1.519069 2.460497 -0.203994
v -1.678434 2.441013 -0.203994
v -1.608363 2.421302 -0.203994
v -1.536945 2.400976 -0.203994
v -1.695200 2.376464 -0.203994
v -1.625029 2.359137 -0.203994
v -1.553339 2.341053 -0.203994
v -1.710095 2.311159 -0.203994
v -1.639927 2.296317 -0.203994
v -1.568320 2.280781 -0.203994
v -1.723246 2.245125 -0.203994
v -1.652903 2.232870 -0.203994
v -1.581543 2.220473 -0.203994
v -1.734421 2.178156 -0.203994
v -1.663475 2.168552 -0.203994
v -1.591850 2.159886 -0.203994
v -1.743389 2.110680 -0.203994
v -1.670829 2.103460 -0.203994
v -1.598523 2.099209 -0.203994
v -1.750507 2.042964 -0.203994
v -1.674539 2.036491 -0.203994
v -1.601329 2.037994 -0.203994
v -1.836072 1.984498 -0.203994
v 0.958486 0.550313 -0.203994
v 0.941141 0.647668 -0.203994
v 0.983315 0.745521 -0.203994
v 1.036791 0.804155 -0.203994
v 1.086354 0.855357 -0.203994
v 1.132242 0.902289 -0.203994
v 1.174661 0.946578 -0.203994
v 1.214953 0.992756 -0.203994
v 1.251057 1.038697 -0.203994
v 1.286679 1.087132 -0.203994
v 1.317566 1.136427 -0.203994
v 1.347739 1.186603 -0.203994
v 1.375826 1.240077 -0.203994
v 1.402068 1.292722 -0.203994
v 1.426947 1.346538 -0.203994
v 1.447361 1.399309 -0.203994
v 1.466954 1.455497 -0.203994
v 1.486451 1.511409 -0.203994
v 1.502759 1.563460 -0.203994
v 1.513931 1.621767 -0.203994
v 1.525387 1.681556 -0.203994
v 1.536689 1.740544 -0.203994
v 1.540580 1.796861 -0.203994
v 1.544406 1.856658 -0.203994
v 1.548201 1.915963 -0.203994
v 1.548185 1.972615 -0.203994
v 1.545958 2.032696 -0.203994
v 1.543724 2.092939 -0.203994
v 1.540008 2.150816 -0.203994
v 1.532777 2.210294 -0.203994
v 1.523808 2.267418 -0.203994
v 1.511380 2.325811 -0.203994
v 1.497159 2.380953 -0.203994
v 1.479496 2.436772 -0.203994
v 1.460041 2.489499 -0.203994
v 1.436105 2.544365 -0.203994
v 1.411364 2.599316 -0.203994
v 1.386065 2.654937 -0.203994
v 1.361680 2.708357 -0.203994
v 1.336126 2.758058 -0.203994
v 1.306210 2.805040 -0.203994
v 1.269896 2.851531 -0.203994
v 1.232991 2.897483 -0.203994
v 1.193842 2.943484 -0.203994
v 1.154288 2.987019 -0.203994
v 1.113432 3.030531 -0.203994
v 1.071644 3.070310 -0.203994
v 1.029555 3.109014 -0.203994
v 0.984230 3.147150 -0.203994
v 0.938372 3.182749 -0.203994
v 0.891434 3.217565 -0.203994
v 0.841168 3.250652 -0.203994
v 0.791546 3.281481 -0.203994
v 0.739844 3.311303 -0.203994
v 0.687317 3.337469 -0.203994
v 0.634303 3.361735 -0.203994
v 0.579253 3.383898 -0.203994
v 0.524270 3.403619 -0.203994
v 0.468219 3.422647 -0.203994
v 0.411009 3.440751 -0.203994
v 0.354306 3.455463 -0.203994
v 0.296017 3.469506 -0.203994
v 0.240606 3.482366 -0.203994
v 0.180949 3.489166 -0.203994
v 0.121875 3.495899 -0.203994
v 0.065680 3.499427 -0.203994
v 0.007506 3.499274 -0.203994
v -0.050573 3.499122 -0.203994
v 1.224641 0.482450 -0.203994
v 1.275171 0.524745 -0.203994
v 1.321998 0.567880 -0.203994
v 1.369754 0.613688 -0.203994
v 1.417863 0.663233 -0.203994
v 1.462639 0.715496 -0.203994
v 1.506303 0.772562 -0.203994
v 1.548096 0.830234 -0.203994
v 1.588552 0.888816 -0.203994
v 1.626427 0.947813 -0.203994
v 1.663742 1.008048 -0.203994
v 1.700295 1.069431 -0.203994
v 1.734638 1.131849 -0.203994
v 1.767803 1.198210 -0.203994
v 1.798938 1.266756 -0.203994
v 1.824294 1.335951 -0.203994
v 1.845898 1.409724 -0.203994
v 1.863310 1.482212 -0.203994
v 1.875686 1.552523 -0.203994
v 1.887417 1.620854 -0.203994
v 1.900466 1.688242 -0.203994
v 1.914411 1.758598 -0.203994
v 1.925648 1.834705 -0.203994
v 1.929610 1.910435 -0.203994
v 1.927104 1.983447 -0.203994
v 1.920765 2.057387 -0.203994
v 1.911538 2.129885 -0.203994
v 1.899685 2.200628 -0.203994
v 1.886739 2.269454 -0.203994
v 1.874190 2.337501 -0.203994
v 1.861656 2.407440 -0.203994
v 1.847073 2.478065 -0.203994
v 1.826177 2.550729 -0.203994
v 1.802210 2.621185 -0.203994
v 1.776185 2.688078 -0.203994
v 1.747094 2.754272 -0.203994
v 1.716311 2.819964 -0.203994
v 1.682449 2.884750 -0.203994
v 1.645673 2.948033 -0.203994
v 1.606774 3.009619 -0.203994
v 1.566228 3.069716 -0.203994
v 1.524167 3.128548 -0.203994
v 1.480837 3.184969 -0.203994
v 1.434577 3.240778 -0.203994
v 1.385225 3.295498 -0.203994
v 1.331920 3.348110 -0.203994
v 1.274774 3.396836 -0.203994
v 1.215816 3.442119 -0.203994
v 1.157279 3.484786 -0.203994
v 1.097444 3.525097 -0.203994
v 1.037186 3.562598 -0.203994
v 0.976761 3.599518 -0.203994
v 0.912796 3.634530 -0.203994
v 0.850215 3.667324 -0.203994
v 0.787246 3.700109 -0.203994
v 0.721008 3.730615 -0.203994
v 0.651504 3.758486 -0.203994
v 0.581294 3.782531 -0.203994
v 0.512360 3.801635 -0.203994
v 0.441516 3.817816 -0.203994
v 0.372740 3.832267 -0.203994
v 0.304706 3.846162 -0.203994
v 0.236351 3.860747 -0.203994
v 0.165996 3.874432 -0.203994
v 0.093322 3.885569 -0.203994
v 0.018354 3.892832 -0.203994
v -0.058128 3.894880 -0.203994
v -0.136273 3.891395 -0.203994
v -0.211759 3.882907 -0.203994
v -0.286074 3.869787 -0.203994
v -0.358506 3.852880 -0.203994
v -0.428986 3.833284 -0.203994
v -0.497881 3.811897 -0.203994
v -0.566097 3.789354 -0.203994
v -0.634101 3.765435 -0.203994
v -0.700671 3.739728 -0.203994
v -0.767771 3.711178 -0.203994
v -0.834285 3.679038 -0.203994
v -0.898400 3.643023 -0.203994
v -0.959589 3.605345 -0.203994
v -1.019574 3.567409 -0.203994
v -1.079509 3.527695 -0.203994
v -1.139793 3.486234 -0.203994
v -1.196406 3.442124 -0.203994
v -1.252981 3.394528 -0.203994
v -1.307999 3.345316 -0.203994
v -1.358433 3.294085 -0.203994
v -1.408648 3.240302 -0.203994
v -1.456399 3.184687 -0.203994
v -1.500328 3.128088 -0.203994
v -1.542624 3.069143 -0.203994
v -1.582999 3.009378 -0.203994
v -1.622064 2.947935 -0.203994
v -1.657848 2.885616 -0.203994
v -1.692319 2.819862 -0.203994
v -1.723900 2.754647 -0.203994
v -1.751670 2.685750 -0.203994
v -1.777103 2.616464 -0.203994
v -1.799279 2.548440 -0.203994
v -1.817983 2.478615 -0.203994
v -1.835439 2.409545 -0.203994
v -1.850188 2.341205 -0.203994
v -1.864443 2.272084 -0.203994
v -1.877765 2.202947 -0.203994
v -1.890932 2.134021 -0.203994
v -1.904057 2.064992 -0.203994
v 1.149709 0.448980 -0.203994
v 1.074767 0.456194 -0.203994
v 1.013698 0.487487 -0.203994
v -0.106019 3.494631 -0.203994
v -0.163914 3.488309 -0.203994
v -0.222224 3.481941 -0.203994
v -0.277797 3.470919 -0.203994
v -0.335918 3.459392 -0.203994
v -0.391426 3.444735 -0.203994
v -0.448746 3.428559 -0.203994
v -0.503050 3.410189 -0.203994
v -0.558574 3.389379 -0.203994
v -0.611438 3.367235 -0.203994
v -0.664926 3.341706 -0.203994
v -0.715857 3.315888 -0.203994
v -0.767081 3.285282 -0.203994
v -0.818138 3.254776 -0.203994
v -0.865767 3.223076 -0.203994
v -0.913512 3.187479 -0.203994
v -0.961306 3.151843 -0.203994
v -1.004314 3.114345 -0.203994
v -1.047899 3.073989 -0.203994
v -1.091714 3.033419 -0.203994
v -1.129371 2.990478 -0.203994
v -1.168422 2.945514 -0.203994
v -1.205950 2.901399 -0.203994
v -1.241536 2.853368 -0.203994
v -1.275072 2.805783 -0.203994
v -1.307840 2.755751 -0.203994
v -1.336654 2.706283 -0.203994
v -1.365031 2.654816 -0.203994
v -1.387630 2.603456 -0.203994
v -1.409554 2.551323 -0.203994
v -1.428988 2.495122 -0.203994
v -1.446987 2.438446 -0.203994
v -1.464142 2.380670 -0.203994
v -1.479789 2.321917 -0.203994
v -1.494535 2.263496 -0.203994
v -1.508089 2.206994 -0.203994
v -1.517551 2.151562 -0.203994
v -1.522853 2.094021 -0.203994
v -1.528475 2.035269 -0.203994
v -1.759072 1.973124 -0.203994
v -1.677717 1.962898 -0.203994
v -1.591787 1.971755 -0.203994
v 1.144454 0.497815 -0.203994
v 1.006721 0.573688 -0.203994
v -1.536071 1.986741 -0.203994
v -1.900006 1.998172 -0.203994
v 1.136835 0.571615 0.216243
v 1.175176 0.619688 0.216243
v 1.115543 0.660539 0.216243
v 1.082482 0.605213 0.216243
v 1.185008 0.532317 0.216243
v 1.227872 0.574525 0.216243
v 1.100171 0.517282 0.216243
v 1.144454 0.497815 0.216243
v 1.050749 0.544343 0.216243
v 1.215130 0.666475 0.216243
v 1.154414 0.711524 0.216243
v 1.271322 0.618864 0.216243
v 1.257106 0.713858 0.216243
v 1.196574 0.760855 0.216243
v 1.315663 0.665139 0.216243
v 1.299805 0.762230 0.216243
v 1.239605 0.809330 0.216243
v 1.359833 0.713621 0.216243
v 1.342336 0.811875 0.216243
v 1.282056 0.857863 0.216243
v 1.403219 0.764615 0.216243
v 1.384106 0.863384 0.216243
v 1.323414 0.907697 0.216243
v 1.445522 0.818078 0.216243
v 1.424583 0.916453 0.216243
v 1.363102 0.958791 0.216243
v 1.486553 0.873305 0.216243
v 1.463349 0.970851 0.216243
v 1.400746 1.011072 0.216243
v 1.526057 0.929856 0.216243
v 1.563872 0.987485 0.216243
v 1.500399 1.026474 0.216243
v 1.436535 1.064644 0.216243
v 1.600167 1.046061 0.216243
v 1.535698 1.083243 0.216243
v 1.470416 1.119378 0.216243
v 1.635086 1.105793 0.216243
v 1.569248 1.141188 0.216243
v 1.502313 1.175309 0.216243
v 1.668241 1.167010 0.216243
v 1.600623 1.200283 0.216243
v 1.532006 1.232238 0.216243
v 1.699152 1.229965 0.216243
v 1.629743 1.260665 0.216243
v 1.559524 1.290132 0.216243
v 1.727350 1.294684 0.216243
v 1.656249 1.322320 0.216243
v 1.584497 1.348974 0.216243
v 1.752096 1.361133 0.216243
v 1.679853 1.385222 0.216243
v 1.606899 1.408645 0.216243
v 1.772899 1.428936 0.216243
v 1.700158 1.449249 0.216243
v 1.626679 1.469329 0.216243
v 1.680281 1.721441 0.216243
v 1.605997 1.730276 0.216243
v 1.596041 1.669077 0.216243
v 1.670124 1.657568 0.216243
v 1.688141 1.785362 0.216243
v 1.612870 1.791568 0.216243
v 1.755418 1.712331 0.216243
v 1.764256 1.778724 0.216243
v 1.744519 1.645962 0.216243
v 1.693539 1.848850 0.216243
v 1.617510 1.852447 0.216243
v 1.770385 1.845030 0.216243
v 1.696513 1.912335 0.216243
v 1.620492 1.913239 0.216243
v 1.773474 1.911475 0.216243
v 1.697009 1.976156 0.216243
v 1.621070 1.974414 0.216243
v 1.773465 1.978144 0.216243
v 1.695094 2.040097 0.216243
v 1.619433 2.035806 0.216243
v 1.770558 2.044895 0.216243
v 1.765002 2.111550 0.216243
v 1.690904 2.104139 0.216243
v 1.616247 2.097299 0.216243
v 1.757018 2.178107 0.216243
v 1.684449 2.168315 0.216243
v 1.611030 2.158917 0.216243
v 1.746957 2.244666 0.216243
v 1.675685 2.232579 0.216243
v 1.603413 2.220333 0.216243
v 1.735023 2.311089 0.216243
v 1.664416 2.296682 0.216243
v 1.593071 2.281554 0.216243
v 1.721279 2.377077 0.216243
v 1.650996 2.359997 0.216243
v 1.580321 2.341944 0.216243
v 1.705297 2.442294 0.216243
v 1.635197 2.422406 0.216243
v 1.565069 2.401399 0.216243
v 1.686479 2.506430 0.216243
v 1.616842 2.483687 0.216243
v 1.547281 2.459639 0.216243
v 1.664684 2.569869 0.216243
v 1.595730 2.544295 0.216243
v 1.526638 2.517144 0.216243
v 1.166540 3.082995 0.216243
v 1.220269 3.136621 0.216243
v 1.174767 3.181378 0.216243
v 1.123053 3.125596 0.216243
v 1.208747 3.038408 0.216243
v 1.264075 3.090097 0.216243
v 1.113432 3.030531 0.216243
v 1.154288 2.987019 0.216243
v 1.071644 3.070310 0.216243
v 1.127317 3.224170 0.216243
v 1.077998 3.166451 0.216243
v 1.029556 3.109014 0.216243
v 1.077938 3.264858 0.216243
v 1.031028 3.205598 0.216243
v 0.984230 3.147150 0.216243
v 1.026914 3.303596 0.216243
v 0.982480 3.243065 0.216243
v 0.938372 3.182749 0.216243
v 0.974432 3.340592 0.216243
v 0.932458 3.278987 0.216243
v 0.891434 3.217565 0.216243
v 0.920614 3.375908 0.216243
v 0.881004 3.313153 0.216243
v 0.841168 3.250652 0.216243
v 1.047706 0.699748 0.216243
v 1.017231 0.634449 0.216243
v 1.006720 0.573688 0.216243
v 0.983315 0.745521 0.216243
v 0.941141 0.647668 0.216243
v 0.958485 0.550313 0.216243
v 1.091915 0.756331 0.216243
v 1.036791 0.804155 0.216243
v 1.137850 0.807490 0.216243
v 1.086354 0.855357 0.216243
v 1.182652 0.855621 0.216243
v 1.132241 0.902289 0.216243
v 1.225433 0.902666 0.216243
v 1.174661 0.946578 0.216243
v 1.266341 0.950561 0.216243
v 1.214953 0.992756 0.216243
v 1.304822 0.999578 0.216243
v 1.251057 1.038697 0.216243
v 1.341045 1.049772 0.216243
v 1.286679 1.087132 0.216243
v 1.375095 1.101454 0.216243
v 1.317566 1.136427 0.216243
v 1.407203 1.154305 0.216243
v 1.347739 1.186603 0.216243
v 1.437232 1.208402 0.216243
v 1.375826 1.240077 0.216243
v 1.465174 1.263213 0.216243
v 1.402067 1.292722 0.216243
v 1.491044 1.318652 0.216243
v 1.426947 1.346538 0.216243
v 1.514271 1.375056 0.216243
v 1.447361 1.399309 0.216243
v 1.535219 1.432112 0.216243
v 1.466953 1.455497 0.216243
v 1.554510 1.489610 0.216243
v 1.486451 1.511409 0.216243
v 1.643628 1.531287 0.216243
v 1.571175 1.548255 0.216243
v 1.717235 1.514252 0.216243
v 1.502759 1.563460 0.216243
v 1.657928 1.594185 0.216243
v 1.584429 1.608323 0.216243
v 1.731843 1.579922 0.216243
v 1.513931 1.621767 0.216243
v 1.525386 1.681556 0.216243
v 1.536688 1.740544 0.216243
v 1.540580 1.796861 0.216243
v 1.544406 1.856658 0.216243
v 1.548201 1.915963 0.216243
v 1.548184 1.972615 0.216243
v 1.545957 2.032696 0.216243
v 1.543724 2.092939 0.216243
v 1.540008 2.150816 0.216243
v 1.532777 2.210294 0.216243
v 1.523808 2.267418 0.216243
v 1.511381 2.325811 0.216243
v 1.497159 2.380953 0.216243
v 1.479496 2.436772 0.216243
v 1.460041 2.489499 0.216243
v 1.503376 2.574275 0.216243
v 1.436105 2.544365 0.216243
v 1.572111 2.604173 0.216243
v 1.478470 2.630769 0.216243
v 1.411364 2.599316 0.216243
v 1.546459 2.662995 0.216243
v 1.452536 2.686531 0.216243
v 1.386066 2.654937 0.216243
v 1.519064 2.720727 0.216243
v 1.425346 2.741475 0.216243
v 1.361680 2.708357 0.216243
v 1.489597 2.777646 0.216243
v 1.395736 2.795069 0.216243
v 1.336126 2.758058 0.216243
v 1.457613 2.833599 0.216243
v 1.362859 2.846811 0.216243
v 1.306210 2.805040 0.216243
v 1.423026 2.888111 0.216243
v 1.327076 2.896548 0.216243
v 1.269896 2.851531 0.216243
v 1.386098 2.940994 0.216243
v 1.289258 2.945033 0.216243
v 1.232991 2.897483 0.216243
v 1.347070 2.992296 0.216243
v 1.249705 2.992391 0.216243
v 1.193842 2.943484 0.216243
v 1.306310 3.041989 0.216243
v 1.013698 0.487487 0.216243
v 1.074767 0.456194 0.216243
v 1.149710 0.448980 0.216243
v -0.586472 3.460265 0.216243
v -0.615259 3.530614 0.216243
v -0.674200 3.505013 0.216243
v -0.642904 3.436116 0.216243
v -0.529315 3.482237 0.216243
v -0.555364 3.553997 0.216243
v -0.558573 3.389379 0.216243
v -0.503051 3.410189 0.216243
v -0.611437 3.367235 0.216243
v -0.732038 3.477264 0.216243
v -0.698259 3.409819 0.216243
v -0.664926 3.341706 0.216243
v -1.054870 3.267659 0.216243
v -1.102655 3.325537 0.216243
v -1.153727 3.282189 0.216243
v -1.103742 3.226014 0.216243
v -1.004540 3.307422 0.216243
v -1.049890 3.366942 0.216243
v -1.007318 3.209807 0.216243
v -0.958948 3.247665 0.216243
v -1.054195 3.169780 0.216243
v -1.202946 3.236856 0.216243
v -1.150823 3.182698 0.216243
v -1.099174 3.128349 0.216243
v -1.250467 3.189604 0.216243
v -1.196470 3.137549 0.216243
v -1.143094 3.085404 0.216243
v -1.296110 3.140562 0.216243
v -1.240456 3.090499 0.216243
v -1.185132 3.040266 0.216243
v -1.282459 3.041942 0.216243
v -1.225326 2.993953 0.216243
v -1.339769 3.089839 0.216243
v -1.459060 2.928498 0.216243
v -1.520927 2.969001 0.216243
v -1.558135 2.910004 0.216243
v -1.494907 2.871869 0.216243
v -1.421286 2.983637 0.216243
v -1.481863 3.026481 0.216243
v -1.397498 2.887719 0.216243
v -1.361042 2.940564 0.216243
v -1.432137 2.833429 0.216243
v -1.593258 2.849348 0.216243
v -1.528742 2.813815 0.216243
v -1.464686 2.778000 0.216243
v -1.625951 2.787140 0.216243
v -1.560233 2.754383 0.216243
v -1.494868 2.721455 0.216243
v -1.656061 2.723487 0.216243
v -1.589030 2.693457 0.216243
v -1.522367 2.663436 0.216243
v -1.615203 2.631321 0.216243
v -1.547310 2.604176 0.216243
v -1.683255 2.658526 0.216243
v -1.638739 2.568331 0.216243
v -1.569642 2.543882 0.216243
v -1.707687 2.592791 0.216243
v -1.659714 2.504891 0.216243
v -1.589910 2.482874 0.216243
v -1.729243 2.526668 0.216243
v -1.748102 2.460197 0.216243
v -1.817983 2.478615 0.216243
v -1.835439 2.409545 0.216243
v -1.765004 2.393386 0.216243
v -1.799278 2.548440 0.216243
v -1.678434 2.441013 0.216243
v -1.695200 2.376464 0.216243
v -1.850188 2.341205 0.216243
v -1.780023 2.326108 0.216243
v -1.710095 2.311159 0.216243
v -1.864443 2.272084 0.216243
v -1.793570 2.258219 0.216243
v -1.723246 2.245125 0.216243
v -1.877765 2.202947 0.216243
v -1.805695 2.189615 0.216243
v -1.734421 2.178156 0.216243
v -1.816500 2.120957 0.216243
v -1.743389 2.110680 0.216243
v -1.890932 2.134021 0.216243
v -1.825705 2.053244 0.216243
v -1.750508 2.042964 0.216243
v -1.904057 2.064992 0.216243
v -1.836072 1.984498 0.216243
v -1.759072 1.973124 0.216243
v -1.900006 1.998172 0.216243
v 1.767804 1.198210 0.216243
v 1.798937 1.266756 0.216244
v 1.734639 1.131849 0.216243
v 1.824294 1.335951 0.216243
v 1.845899 1.409724 0.216243
v 1.789950 1.497267 0.216243
v 1.863311 1.482212 0.216243
v 1.804075 1.565500 0.216243
v 1.875686 1.552523 0.216243
v 1.816739 1.633539 0.216243
v 1.887416 1.620854 0.216243
v 1.828799 1.701725 0.216243
v 1.900465 1.688242 0.216243
v 1.839701 1.770414 0.216243
v 1.914411 1.758598 0.216243
v 1.847416 1.840037 0.216243
v 1.925648 1.834705 0.216243
v 1.850803 1.910233 0.216243
v 1.929610 1.910435 0.216243
v 1.849915 1.980504 0.216243
v 1.927104 1.983447 0.216243
v 1.845522 2.050445 0.216243
v 1.920765 2.057387 0.216243
v 1.838281 2.119804 0.216243
v 1.911539 2.129885 0.216243
v 1.828504 2.188478 0.216243
v 1.899685 2.200628 0.216243
v 1.817084 2.256650 0.216243
v 1.886739 2.269454 0.216243
v 1.804724 2.324796 0.216243
v 1.874191 2.337501 0.216243
v 1.791268 2.392931 0.216243
v 1.861657 2.407440 0.216243
v 1.775601 2.461100 0.216243
v 1.847073 2.478065 0.216243
v 1.756287 2.528630 0.216243
v 1.826178 2.550729 0.216243
v 1.733450 2.595078 0.216243
v 1.802212 2.621185 0.216243
v 1.707940 2.660319 0.216243
v 1.640224 2.632359 0.216243
v 1.776186 2.688078 0.216243
v 1.680283 2.724308 0.216243
v 1.613626 2.693715 0.216243
v 1.747094 2.754272 0.216243
v 1.650414 2.787101 0.216243
v 1.584912 2.753913 0.216243
v 1.716311 2.819964 0.216243
v 1.617935 2.848879 0.216243
v 1.553807 2.813202 0.216243
v 1.682449 2.884750 0.216243
v 1.582791 2.909568 0.216243
v 1.520176 2.871483 0.216243
v 1.645673 2.948033 0.216243
v 1.545283 2.968923 0.216243
v 1.484075 2.928453 0.216243
v 1.606774 3.009619 0.216243
v 1.505765 3.026800 0.216243
v 1.445723 2.983969 0.216243
v 1.566229 3.069716 0.216243
v 1.464550 3.083127 0.216243
v 1.405481 3.037904 0.216243
v 1.524168 3.128548 0.216243
v 1.421597 3.137848 0.216243
v 1.363594 3.090114 0.216243
v 1.480837 3.184969 0.216243
v 1.376583 3.191029 0.216243
v 1.319983 3.140670 0.216243
v 1.434577 3.240778 0.216243
v 1.329178 3.242543 0.216243
v 1.274407 3.189538 0.216243
v 1.385225 3.295498 0.216243
v 1.279115 3.291855 0.216243
v 1.226780 3.236457 0.216243
v 1.331920 3.348110 0.216243
v 1.226214 3.338488 0.216243
v 1.176869 3.281206 0.216243
v 1.274774 3.396836 0.216243
v 1.171043 3.382457 0.216243
v 1.124759 3.323641 0.216243
v 1.215817 3.442119 0.216243
v 1.114625 3.424073 0.216243
v 1.071045 3.363857 0.216243
v 1.157278 3.484786 0.216243
v 1.057287 3.463390 0.216243
v 1.016104 3.402075 0.216243
v 1.097444 3.525097 0.216243
v 0.998978 3.500727 0.216243
v 0.960001 3.438520 0.216243
v 1.037186 3.562598 0.216243
v 0.939495 3.536680 0.216243
v 0.902595 3.473345 0.216243
v 0.976761 3.599518 0.216243
v 0.865542 3.409489 0.216243
v 0.828355 3.345551 0.216243
v 0.878695 3.570568 0.216243
v 0.843929 3.506132 0.216243
v 0.912796 3.634530 0.216243
v 0.809176 3.441068 0.216243
v 0.774461 3.375885 0.216243
v 0.817071 3.602719 0.216243
v 0.784311 3.536943 0.216243
v 0.850216 3.667323 0.216243
v 0.751653 3.470487 0.216243
v 0.719108 3.403890 0.216243
v 0.754699 3.633314 0.216243
v 0.723957 3.565784 0.216243
v 0.787246 3.700109 0.216243
v 0.693426 3.497931 0.216243
v 0.663083 3.429958 0.216243
v 0.687316 3.337469 0.216243
v 0.739845 3.311303 0.216243
v 0.634303 3.361735 0.216243
v 0.691048 3.661672 0.216243
v 0.662661 3.592413 0.216243
v 0.721008 3.730615 0.216243
v 0.634454 3.523165 0.216243
v 0.606486 3.453644 0.216243
v 0.579253 3.383898 0.216243
v 0.625795 3.687324 0.216243
v 0.600267 3.616530 0.216243
v 0.651504 3.758486 0.216243
v 0.574721 3.546032 0.216243
v 0.549148 3.475196 0.216243
v 0.524268 3.403619 0.216243
v 0.559577 3.709729 0.216243
v 0.537055 3.638024 0.216243
v 0.581293 3.782531 0.216243
v 0.514261 3.566667 0.216243
v 0.491182 3.494913 0.216243
v 0.468219 3.422647 0.216243
v 0.492875 3.729057 0.216243
v 0.473147 3.657044 0.216243
v 0.512360 3.801635 0.216243
v 0.452875 3.585227 0.216243
v 0.432288 3.512967 0.216243
v 0.411008 3.440752 0.216243
v 0.425557 3.745779 0.216243
v 0.408378 3.673877 0.216243
v 0.441516 3.817816 0.216243
v 0.390563 3.601757 0.216243
v 0.372501 3.528993 0.216243
v 0.354306 3.455463 0.216243
v 0.357935 3.760584 0.216243
v 0.342797 3.688675 0.216243
v 0.372740 3.832267 0.216243
v 0.327548 3.616188 0.216243
v 0.312356 3.543136 0.216243
v 0.296017 3.469506 0.216243
v 0.290130 3.774271 0.216243
v 0.276626 3.701749 0.216243
v 0.304706 3.846162 0.216243
v 0.263774 3.628575 0.216243
v 0.251310 3.555208 0.216243
v 0.240606 3.482366 0.216243
v 0.221989 3.786956 0.216243
v 0.210200 3.712987 0.216243
v 0.236351 3.860747 0.216243
v 0.199680 3.638784 0.216243
v 0.189906 3.564286 0.216243
v 0.180950 3.489166 0.216243
v 0.153219 3.798085 0.216243
v 0.143567 3.722194 0.216243
v 0.165996 3.874432 0.216243
v 0.135522 3.646655 0.216243
v 0.128729 3.571168 0.216243
v 0.121876 3.495899 0.216243
v 0.083727 3.806919 0.216243
v 0.076777 3.729028 0.216243
v 0.093322 3.885569 0.216243
v 0.071507 3.651999 0.216243
v 0.067618 3.575450 0.216243
v 0.065679 3.499427 0.216243
v 0.013412 3.812426 0.216243
v 0.009960 3.732993 0.216243
v 0.018353 3.892832 0.216243
v 0.008073 3.654619 0.216243
v 0.007400 3.576915 0.216243
v 0.007505 3.499274 0.216243
v -0.057935 3.813764 0.216243
v -0.057155 3.733611 0.216243
v -0.058128 3.894880 0.216243
v -0.055309 3.654473 0.216243
v -0.052622 3.576279 0.216243
v -0.050574 3.499122 0.216243
v -0.129558 3.810574 0.216243
v -0.124312 3.730486 0.216243
v -0.136273 3.891395 0.216243
v -0.118891 3.651349 0.216243
v -0.112998 3.572810 0.216243
v -0.106019 3.494631 0.216243
v -0.200590 3.803206 0.216243
v -0.191181 3.723890 0.216243
v -0.211759 3.882907 0.216243
v -0.182227 3.645248 0.216243
v -0.173021 3.566878 0.216243
v -0.163914 3.488309 0.216243
v -0.270757 3.792047 0.216243
v -0.257670 3.714083 0.216243
v -0.286073 3.869787 0.216243
v -0.245323 3.636270 0.216243
v -0.232988 3.558817 0.216243
v -0.222224 3.481941 0.216243
v -0.339964 3.777489 0.216243
v -0.323665 3.701290 0.216243
v -0.358506 3.852880 0.216243
v -0.308256 3.624565 0.216243
v -0.292964 3.547850 0.216243
v -0.277797 3.470919 0.216243
v -0.408133 3.760121 0.216243
v -0.389050 3.685783 0.216243
v -0.428986 3.833284 0.216243
v -0.370783 3.610402 0.216243
v -0.352752 3.534824 0.216243
v -0.335918 3.459392 0.216243
v -0.475363 3.740497 0.216243
v -0.453800 3.667846 0.216243
v -0.497881 3.811897 0.216243
v -0.432870 3.593890 0.216243
v -0.412190 3.519414 0.216243
v -0.391426 3.444735 0.216243
v -0.541823 3.718889 0.216243
v -0.517926 3.647582 0.216243
v -0.566097 3.789354 0.216243
v -0.494446 3.575087 0.216243
v -0.471127 3.501973 0.216243
v -0.448746 3.428559 0.216243
v -0.607598 3.695397 0.216243
v -0.581419 3.625057 0.216243
v -0.634101 3.765435 0.216243
v -0.672599 3.669913 0.216243
v -0.643980 3.600413 0.216243
v -0.700671 3.739728 0.216243
v -0.736732 3.642125 0.216243
v -0.705464 3.573592 0.216243
v -0.767771 3.711178 0.216243
v -0.799691 3.611634 0.216243
v -0.765810 3.544471 0.216243
v -0.834285 3.679038 0.216243
v -0.861076 3.578322 0.216243
v -0.824924 3.513004 0.216243
v -0.898400 3.643023 0.216243
v -0.788843 3.447352 0.216243
v -0.752754 3.381398 0.216243
v -0.921018 3.542845 0.216243
v -0.882882 3.479437 0.216243
v -0.959589 3.605345 0.216243
v -0.844541 3.415400 0.216243
v -0.805979 3.350763 0.216243
v -0.979981 3.505814 0.216243
v -0.939782 3.443922 0.216243
v -1.019574 3.567409 0.216243
v -0.899207 3.381434 0.216243
v -0.858376 3.318530 0.216243
v -1.037959 3.467039 0.216243
v -0.995559 3.406375 0.216243
v -1.079509 3.527695 0.216243
v -0.952749 3.345329 0.216243
v -0.909652 3.284017 0.216243
v -1.094716 3.426444 0.216243
v -1.139793 3.486234 0.216243
v -1.149911 3.383597 0.216243
v -1.196406 3.442124 0.216243
v -1.203444 3.338512 0.216243
v -1.252981 3.394528 0.216243
v -1.255026 3.291120 0.216243
v -1.307999 3.345316 0.216243
v -1.304592 3.241631 0.216243
v -1.358433 3.294085 0.216243
v -1.352206 3.190438 0.216243
v -1.408648 3.240302 0.216243
v -1.397586 3.137461 0.216243
v -1.456399 3.184687 0.216243
v -1.440809 3.082713 0.216243
v -1.381514 3.037471 0.216243
v -1.500328 3.128088 0.216243
v -1.322655 2.991956 0.216243
v -1.542624 3.069143 0.216243
v -1.582999 3.009378 0.216243
v -1.622065 2.947935 0.216243
v -1.657848 2.885616 0.216243
v -1.692319 2.819862 0.216243
v -1.723900 2.754647 0.216243
v -1.751670 2.685750 0.216243
v -1.777103 2.616464 0.216243
v 1.224641 0.482450 0.216243
v 1.275171 0.524745 0.216243
v 1.321998 0.567880 0.216243
v 1.369754 0.613688 0.216243
v 1.417863 0.663233 0.216244
v 1.462639 0.715496 0.216243
v 1.506304 0.772562 0.216243
v 1.548096 0.830234 0.216243
v 1.588552 0.888816 0.216243
v 1.626427 0.947813 0.216243
v 1.663742 1.008048 0.216243
v 1.700294 1.069431 0.216243
v 0.791546 3.281481 0.216243
v -0.715857 3.315888 0.216243
v -0.767080 3.285282 0.216243
v -0.818137 3.254776 0.216243
v -0.865767 3.223076 0.216243
v -0.913511 3.187479 0.216243
v -0.961306 3.151843 0.216243
v -1.004314 3.114345 0.216243
v -1.047899 3.073989 0.216243
v -1.091715 3.033419 0.216243
v -1.129371 2.990478 0.216243
v -1.168422 2.945514 0.216243
v -1.264121 2.946327 0.216243
v -1.205950 2.901399 0.216243
v -1.301081 2.897201 0.216243
v -1.241536 2.853368 0.216243
v -1.336353 2.846722 0.216243
v -1.275073 2.805783 0.216243
v -1.369795 2.794806 0.216243
v -1.307840 2.755751 0.216243
v -1.400833 2.741917 0.216243
v -1.336653 2.706283 0.216243
v -1.429528 2.688260 0.216243
v -1.365031 2.654816 0.216243
v -1.455373 2.633291 0.216243
v -1.387629 2.603456 0.216243
v -1.478805 2.577021 0.216243
v -1.409554 2.551323 0.216243
v -1.499753 2.519314 0.216243
v -1.428988 2.495121 0.216243
v -1.519069 2.460497 0.216243
v -1.446986 2.438447 0.216243
v -1.608363 2.421302 0.216243
v -1.536945 2.400976 0.216243
v -1.464142 2.380670 0.216243
v -1.625029 2.359137 0.216243
v -1.553340 2.341053 0.216243
v -1.479789 2.321917 0.216243
v -1.639927 2.296317 0.216243
v -1.568320 2.280781 0.216243
v -1.494535 2.263496 0.216243
v -1.652903 2.232870 0.216243
v -1.581543 2.220473 0.216243
v -1.508089 2.206994 0.216243
v -1.663475 2.168552 0.216243
v -1.591851 2.159886 0.216243
v -1.517552 2.151562 0.216243
v -1.670829 2.103460 0.216243
v -1.598523 2.099209 0.216243
v -1.522853 2.094021 0.216243
v -1.674538 2.036491 0.216243
v -1.601328 2.037994 0.216243
v -1.528474 2.035269 0.216243
v -1.677717 1.962898 0.216243
v -1.591787 1.971755 0.216243
v -1.536069 1.986741 0.216243
vn 0.000000 0.000000 1.000000
vn -0.000000 0.000000 1.000000
vn -0.000000 0.000000 1.000000
vn 0.000000 0.000000 1.000000
vn 0.000002 -0.000002 1.000000
vn 0.000002 -0.000002 1.000000
vn -0.000001 -0.000002 1.000000
vn 0.000001 -0.000003 1.000000
vn -0.000001 -0.000002 1.000000
vn 0.000000 0.000000 1.000000
vn 0.000000 0.000000 1.000000
vn 0.000001 -0.000001 1.000000
vn 0.000000 0.000000 1.000000
vn 0.000001 0.000000 1.000000
vn -0.000000 -0.000002 1.000000
vn 0.000001 0.000000 1.000000
vn 0.000001 0.000000 1.000000
vn -0.000001 -0.000000 1.000000
vn -0.000000 0.000000 1.000000
vn 0.000000 0.000000 1.000000
vn 0.000001 0.000001 1.000000
vn -0.000000 0.000000 1.000000
vn -0.000000 0.000000 1.000000
vn 0.000001 -0.000000 1.000000
vn 0.000000 0.000000 1.000000
vn 0.000000 0.000000 1.000000
vn 0.000002 -0.000001 1.000000
vn 0.000000 0.000000 1.000000
vn 0.000001 0.000000 1.000000
vn 0.000002 -0.000001 1.000000
vn 0.000001 -0.000001 1.000000
vn -0.000000 0.000000 1.000000
vn 0.000000 0.000000 1.000000
vn 0.000001 -0.000001 1.000000
vn -0.000000 0.000000 1.000000
vn 0.000000 0.000000 1.000000
vn 0.000002 -0.000001 1.000000
vn -0.000000 0.000000 1.000000
vn 0.000000 0.000000 1.000000
vn 0.000002 -0.000001 1.000000
vn -0.000000 0.000000 1.000000
vn -0.000000 0.000000 1.000000
vn 0.000000 -0.000001 1.000000
vn -0.000001 0.000000 1.000000
vn -0.000000 0.000000 1.000000
vn -0.000001 -0.000000 1.000000
vn -0.000001 0.000000 1.000000
vn 0.000000 0.000000 1.000000
vn 0.000000 0.000001 1.000000
vn -0.000000 0.000000 1.000000
vn -0.000000 0.000000 1.000000
vn 0.000002 0.000000 1.000000
vn -0.000000 0.000000 1.000000
vn -0.000000 0.000000 1.000000
vn -0.000000 -0.000001 1.000000
vn -0.000002 -0.000000 1.000000
vn -0.000001 0.000000 1.000000
vn 0.000000 0.000000 1.000000
vn -0.000000 0.000000 1.000000
vn -0.000002 0.000000 1.000000
vn -0.000001 -0.000000 1.000000
vn -0.000000 0.000000 1.000000
vn -0.000001 0.000000 1.000000
vn -0.000000 0.000000 1.000000
vn -0.000002 0.000000 1.000000
vn 0.000000 0.000000 1.000000
vn -0.000000 0.000001 1.000000
vn -0.000001 0.000001 1.000000
vn -0.000000 0.000001 1.000000
vn -0.000000 0.000000 1.000000
vn -0.000001 -0.000000 1.000000
vn -0.000000 -0.000000 1.000000
vn -0.000000 -0.000001 1.000000
vn -0.000002 -0.000001 1.000000
vn 0.000000 -0.000001 1.000000
vn 0.000000 0.000000 1.000000
vn -0.000000 0.000000 1.000000
vn -0.000003 -0.000000 1.000000
vn -0.000000 0.000000 1.000000
vn 0.000000 0.000000 1.000000
vn -0.000002 -0.000000 1.000000
vn 0.000000 0.000000 1.000000
vn 0.000000 0.000000 1.000000
vn -0.000002 -0.000000 1.000000
vn -0.000000 0.000000 1.000000
vn 0.000000 0.000000 1.000000
vn -0.000002 -0.000000 1.000000
vn -0.000000 0.000000 1.000000
vn -0.000000 0.000000 1.000000
vn -0.000002 -0.000000 1.000000
vn 0.000000 0.000000 1.000000
vn -0.000000 0.000000 1.000000
vn -0.000002 -0.000001 1.000000
vn 0.000000 0.000000 1.000000
vn 0.000000 0.000000 1.000000
vn -0.000002 -0.000001 1.000000
vn -0.000000 0.000000 1.000000
vn -0.000000 0.000000 1.000000
vn -0.000002 -0.000001 1.000000
vn -0.000002 -0.000001 1.000000
vn -0.000000 0.000000 1.000000
vn -0.000000 0.000000 1.000000
vn -0.000002 -0.000001 1.000000
vn -0.000002 -0.000001 1.000000
vn -0.000000 0.000000 1.000000
vn -0.000003 -0.000003 1.000000
vn -0.000003 -0.000003 1.000000
vn -0.000003 -0.000003 1.000000
vn -0.000000 0.000000 1.000000
vn -0.000002 -0.000001 1.000000
vn -0.000003 -0.000003 1.000000
vn 0.000000 0.000000 1.000000
vn -0.000001 -0.000001 1.000000
vn -0.000001 -0.000003 1.000000
vn 0.000000 0.000000 1.000000
vn -0.000000 -0.000001 1.000000
vn -0.000001 -0.000002 1.000000
vn -0.000000 0.000000 1.000000
vn -0.000002 -0.000001 1.000000
vn -0.000004 -0.000002 1.000000
vn -0.000000 0.000000 1.000000
vn -0.000001 -0.000002 1.000000
vn -0.000003 -0.000003 1.000000
vn -0.000002 0.000001 1.000000
vn -0.000003 0.000001 1.000000
vn -0.000003 -0.000001 1.000000
vn -0.000003 0.000002 1.000000
vn -0.000004 0.000001 1.000000
vn -0.000004 -0.000002 1.000000
vn -0.000001 0.000001 1.000000
vn -0.000003 0.000003 1.000000
vn -0.000002 0.000001 1.000000
vn -0.000004 0.000003 1.000000
vn -0.000002 0.000001 1.000000
vn -0.000004 0.000003 1.000000
vn -0.000002 0.000001 1.000000
vn -0.000003 0.000003 1.000000
vn -0.000001 0.000001 1.000000
vn -0.000003 0.000003 1.000000
vn -0.000001 0.000001 1.000000
vn -0.000003 0.000003 1.000000
vn -0.000001 0.000001 1.000000
vn -0.000004 0.000003 1.000000
vn -0.000001 0.000001 1.000000
vn -0.000004 0.000002 1.000000
vn -0.000001 0.000001 1.000000
vn -0.000003 0.000002 1.000000
vn -0.000002 0.000001 1.000000
vn -0.000003 0.000002 1.000000
vn -0.000001 0.000001 1.000000
vn -0.000003 0.000002 1.000000
vn -0.000001 0.000001 1.000000
vn -0.000004 0.000002 1.000000
vn -0.000001 0.000001 1.000000
vn -0.000004 0.000001 1.000000
vn -0.000002 0.000001 1.000000
vn -0.000004 0.000001 1.000000
vn -0.000002 0.000001 1.000000
vn -0.000004 0.000001 1.000000
vn 0.000000 0.000000 1.000000
vn -0.000002 0.000000 1.000000
vn 0.000000 0.000000 1.000000
vn -0.000004 0.000001 1.000000
vn 0.000001 0.000001 1.000000
vn -0.000001 0.000001 1.000000
vn 0.000000 0.000001 1.000000
vn -0.000004 0.000001 1.000000
vn -0.000004 0.000001 1.000000
vn -0.000005 0.000001 1.000000
vn -0.000004 0.000000 1.000000
vn -0.000004 0.000000 1.000000
vn -0.000004 0.000000 1.000000
vn -0.000004 -0.000000 1.000000
vn -0.000004 -0.000000 1.000000
vn -0.000004 -0.000000 1.000000
vn -0.000005 -0.000000 1.000000
vn -0.000005 -0.000001 1.000000
vn -0.000004 -0.000001 1.000000
vn -0.000004 -0.000001 1.000000
vn -0.000003 -0.000001 1.000000
vn -0.000004 -0.000001 1.000000
vn -0.000003 -0.000002 1.000000
vn -0.000002 -0.000001 1.000000
vn -0.000004 -0.000002 1.000000
vn -0.000000 0.000000 1.000000
vn -0.000002 -0.000001 1.000000
vn -0.000004 -0.000002 1.000000
vn -0.000000 0.000000 1.000000
vn -0.000002 -0.000001 1.000000
vn -0.000004 -0.000002 1.000000
vn -0.000000 0.000000 1.000000
vn -0.000002 -0.000001 1.000000
vn -0.000004 -0.000002 1.000000
vn -0.000000 0.000000 1.000000
vn -0.000002 -0.000001 1.000000
vn -0.000004 -0.000002 1.000000
vn 0.000000 0.000000 1.000000
vn -0.000002 -0.000001 1.000000
vn -0.000003 -0.000002 1.000000
vn -0.000000 0.000000 1.000000
vn -0.000002 -0.000001 1.000000
vn -0.000003 -0.000003 1.000000
vn -0.000001 0.000000 1.000000
vn -0.000002 -0.000001 1.000000
vn -0.000003 -0.000003 1.000000
vn -0.000000 0.000000 1.000000
vn -0.000002 -0.000001 1.000000
vn -0.000003 -0.000003 1.000000
vn -0.000000 0.000000 1.000000
vn -0.000003 -0.000004 1.000000
vn -0.000002 -0.000004 1.000000
vn 0.000001 -0.000005 1.000000
vn 0.000001 -0.000002 1.000000
vn -0.000000 0.000000 1.000000
vn -0.000000 0.000000 1.000000
vn 0.000001 -0.000002 1.000000
vn 0.000001 -0.000002 1.000000
vn -0.000000 0.000000 1.000000
vn 0.000001 -0.000004 1.000000
vn 0.000001 -0.000004 1.000000
vn 0.000002 -0.000004 1.000000
vn -0.000000 0.000000 1.000000
vn 0.000001 -0.000002 1.000000
vn 0.000003 -0.000004 1.000000
vn -0.000000 0.000000 1.000000
vn -0.000000 0.000000 1.000000
vn 0.000000 0.000000 1.000000
vn 0.000000 0.000000 1.000000
vn -0.000000 0.000000 1.000000
vn -0.000001 0.000000 1.000000
vn 0.000002 -0.000001 1.000000
vn 0.000002 -0.000002 1.000000
vn 0.000002 -0.000001 1.000000
vn 0.000000 0.000000 1.000000
vn -0.000001 0.000000 1.000000
vn 0.000001 -0.000001 1.000000
vn 0.000000 0.000000 1.000000
vn -0.000001 0.000000 1.000000
vn 0.000001 -0.000001 1.000000
vn 0.000000 0.000000 1.000000
vn -0.000000 0.000000 1.000000
vn 0.000001 -0.000001 1.000000
vn 0.000000 0.000000 1.000000
vn 0.000002 -0.000001 1.000000
vn -0.000000 0.000000 1.000000
vn -0.000000 0.000000 1.000000
vn -0.000001 0.000001 1.000000
vn -0.000001 0.000001 1.000000
vn 0.000000 0.000000 1.000000
vn -0.000001 0.000000 1.000000
vn -0.000001 0.000001 1.000000
vn -0.000000 0.000000 1.000000
vn -0.000000 0.000000 1.000000
vn 0.000000 0.000000 1.000000
vn -0.000001 -0.000000 1.000000
vn 0.000000 -0.000001 1.000000
vn -0.000000 -0.000000 1.000000
vn 0.000000 0.000000 1.000000
vn 0.000000 -0.000000 1.000000
vn -0.000001 0.000000 1.000000
vn -0.000000 0.000001 1.000000
vn 0.000000 0.000001 1.000000
vn -0.000000 0.000001 1.000000
vn 0.000000 0.000000 1.000000
vn 0.000000 -0.000001 1.000000
vn -0.000002 0.000000 1.000000
vn -0.000000 0.000000 1.000000
vn 0.000001 -0.000000 1.000000
vn -0.000002 0.000001 1.000000
vn -0.000000 0.000000 1.000000
vn 0.000001 0.000000 1.000000
vn -0.000002 0.000001 1.000000
vn -0.000002 0.000001 1.000000
vn -0.000004 0.000001 1.000000
vn -0.000004 0.000001 1.000000
vn -0.000002 0.000000 1.000000
vn -0.000004 0.000001 1.000000
vn 0.000000 0.000000 1.000000
vn -0.000000 0.000000 1.000000
vn -0.000004 0.000001 1.000000
vn -0.000002 0.000000 1.000000
vn 0.000000 0.000000 1.000000
vn -0.000003 0.000001 1.000000
vn -0.000002 0.000000 1.000000
vn -0.000000 0.000000 1.000000
vn -0.000003 0.000001 1.000000
vn -0.000002 0.000000 1.000000
vn -0.000000 0.000000 1.000000
vn -0.000002 0.000000 1.000000
vn -0.000001 0.000000 1.000000
vn -0.000003 0.000001 1.000000
vn -0.000002 -0.000001 1.000000
vn -0.000001 -0.000002 1.000000
vn -0.000002 -0.000001 1.000000
vn -0.000001 -0.000003 1.000000
vn -0.000001 -0.000004 1.000000
vn -0.000001 -0.000002 1.000000
vn 0.000001 -0.000003 1.000000
vn -0.000002 -0.000001 1.000000
vn 0.000004 -0.000002 1.000000
vn 0.000000 0.000002 1.000000
vn 0.000004 0.000000 1.000000
vn 0.000002 -0.000000 1.000000
vn 0.000004 -0.000001 1.000000
vn 0.000002 -0.000000 1.000000
vn 0.000004 -0.000001 1.000000
vn 0.000002 -0.000000 1.000000
vn 0.000004 -0.000001 1.000000
vn 0.000001 -0.000001 1.000000
vn 0.000002 -0.000002 1.000000
vn 0.000001 -0.000000 1.000000
vn 0.000001 -0.000000 1.000000
vn 0.000002 0.000000 1.000000
vn 0.000003 0.000001 1.000000
vn 0.000003 -0.000000 1.000000
vn 0.000004 -0.000000 1.000000
vn 0.000002 0.000000 1.000000
vn 0.000004 0.000000 1.000000
vn 0.000002 0.000000 1.000000
vn 0.000003 0.000000 1.000000
vn 0.000002 0.000000 1.000000
vn 0.000004 0.000001 1.000000
vn 0.000002 0.000000 1.000000
vn 0.000004 0.000001 1.000000
vn 0.000002 0.000000 1.000000
vn 0.000004 0.000001 1.000000
vn 0.000001 -0.000000 1.000000
vn 0.000004 -0.000000 1.000000
vn 0.000001 0.000000 1.000000
vn 0.000002 0.000000 1.000000
vn 0.000002 0.000001 1.000000
vn 0.000003 0.000002 1.000000
vn 0.000002 0.000001 1.000000
vn 0.000004 0.000001 1.000000
vn 0.000002 0.000001 1.000000
vn 0.000004 0.000001 1.000000
vn 0.000002 0.000001 1.000000
vn 0.000000 0.000000 1.000000
vn 0.000004 0.000002 1.000000
vn 0.000002 0.000001 1.000000
vn 0.000000 0.000000 1.000000
vn 0.000004 0.000002 1.000000
vn 0.000002 0.000001 1.000000
vn 0.000000 0.000000 1.000000
vn 0.000004 0.000002 1.000000
vn 0.000002 0.000001 1.000000
vn -0.000000 0.000000 1.000000
vn 0.000003 0.000002 1.000000
vn 0.000002 0.000001 1.000000
vn 0.000000 0.000000 1.000000
vn 0.000004 0.000002 1.000000
vn 0.000002 0.000001 1.000000
vn 0.000000 0.000000 1.000000
vn 0.000003 0.000002 1.000000
vn 0.000002 0.000000 1.000000
vn 0.000000 0.000000 1.000000
vn 0.000003 0.000001 1.000000
vn 0.000001 0.000001 1.000000
vn 0.000000 0.000000 1.000000
vn 0.000001 0.000001 1.000000
vn 0.000001 0.000001 1.000000
vn 0.000000 0.000000 1.000000
vn 0.000002 0.000003 1.000000
vn 0.000002 0.000001 1.000000
vn 0.000000 0.000000 1.000000
vn 0.000003 0.000003 1.000000
vn 0.000001 0.000001 1.000000
vn -0.000000 0.000000 1.000000
vn 0.000003 0.000001 1.000000
vn 0.000000 0.000001 1.000000
vn -0.000000 0.000000 1.000000
vn 0.000001 0.000001 1.000000
vn 0.000000 0.000002 1.000000
vn 0.000000 0.000000 1.000000
vn 0.000001 0.000003 1.000000
vn 0.000002 0.000002 1.000000
vn 0.000001 0.000000 1.000000
vn 0.000003 0.000003 1.000000
vn 0.000001 0.000002 1.000000
vn 0.000000 0.000000 1.000000
vn 0.000003 0.000003 1.000000
vn 0.000001 0.000001 1.000000
vn -0.000001 0.000000 1.000000
vn 0.000003 0.000002 1.000000
vn 0.000000 0.000001 1.000000
vn 0.000000 0.000000 1.000000
vn 0.000001 0.000002 1.000000
vn -0.000001 0.000002 1.000000
vn -0.000000 0.000001 1.000000
vn -0.000001 0.000003 1.000000
vn 0.000000 0.000000 1.000000
vn -0.000001 -0.000002 1.000000
vn 0.000001 0.000002 1.000000
vn 0.000001 0.000001 1.000000
vn 0.000001 0.000002 1.000000
vn 0.000000 0.000000 1.000000
vn -0.000001 -0.000002 1.000000
vn 0.000002 0.000001 1.000000
vn 0.000001 0.000000 1.000000
vn 0.000003 0.000001 1.000000
vn 0.000000 0.000000 1.000000
vn -0.000001 -0.000002 1.000000
vn 0.000001 0.000001 1.000000
vn 0.000000 0.000000 1.000000
vn 0.000001 0.000002 1.000000
vn 0.000000 0.000000 1.000000
vn -0.000001 -0.000002 1.000000
vn -0.000002 -0.000004 1.000000
vn -0.000002 -0.000004 1.000000
vn -0.000001 -0.000004 1.000000
vn 0.000000 0.000001 1.000000
vn -0.000001 0.000000 1.000000
vn 0.000001 0.000003 1.000000
vn -0.000001 0.000001 1.000000
vn -0.000000 -0.000002 1.000000
vn -0.000001 -0.000004 1.000000
vn -0.000000 0.000001 1.000000
vn -0.000000 -0.000000 1.000000
vn 0.000001 0.000004 1.000000
vn 0.000000 0.000001 1.000000
vn -0.000001 -0.000002 1.000000
vn -0.000001 -0.000004 1.000000
vn 0.000000 0.000001 1.000000
vn 0.000001 -0.000000 1.000000
vn 0.000000 0.000004 1.000000
vn 0.000000 0.000000 1.000000
vn -0.000002 -0.000002 1.000000
vn -0.000002 -0.000002 1.000000
vn 0.000001 0.000002 1.000000
vn 0.000000 0.000000 1.000000
vn 0.000001 0.000004 1.000000
vn 0.000000 -0.000001 1.000000
vn -0.000001 -0.000002 1.000000
vn -0.000001 -0.000002 1.000000
vn 0.000000 0.000002 1.000000
vn -0.000000 0.000000 1.000000
vn 0.000001 0.000004 1.000000
vn 0.000001 -0.000001 1.000000
vn 0.000001 -0.000002 1.000000
vn 0.000001 -0.000003 1.000000
vn 0.000000 0.000002 1.000000
vn -0.000001 0.000000 1.000000
vn 0.000001 0.000004 1.000000
vn -0.000000 0.000000 1.000000
vn -0.000000 -0.000002 1.000000
vn -0.000001 -0.000004 1.000000
vn 0.000001 0.000001 1.000000
vn 0.000000 0.000000 1.000000
vn 0.000002 0.000003 1.000000
vn -0.000000 0.000000 1.000000
vn 0.000000 -0.000001 1.000000
vn 0.000001 -0.000003 1.000000
vn 0.000001 0.000001 1.000000
vn 0.000000 0.000000 1.000000
vn 0.000001 0.000002 1.000000
vn 0.000000 0.000000 1.000000
vn -0.000000 -0.000001 1.000000
vn -0.000000 -0.000002 1.000000
vn 0.000000 0.000001 1.000000
vn -0.000000 0.000000 1.000000
vn 0.000000 0.000002 1.000000
vn -0.000000 0.000000 1.000000
vn -0.000001 -0.000001 1.000000
vn -0.000002 -0.000003 1.000000
vn -0.000000 0.000001 1.000000
vn -0.000001 0.000000 1.000000
vn -0.000000 0.000002 1.000000
vn -0.000000 0.000000 1.000000
vn 0.000000 -0.000002 1.000000
vn -0.000001 -0.000004 1.000000
vn -0.000001 0.000002 1.000000
vn 0.000000 0.000000 1.000000
vn -0.000001 0.000003 1.000000
vn 0.000000 0.000000 1.000000
vn 0.000000 -0.000002 1.000000
vn 0.000000 -0.000004 1.000000
vn 0.000000 0.000002 1.000000
vn 0.000000 0.000000 1.000000
vn -0.000000 0.000004 1.000000
vn 0.000000 0.000000 1.000000
vn 0.000000 -0.000002 1.000000
vn 0.000000 -0.000004 1.000000
vn 0.000000 0.000002 1.000000
vn 0.000000 0.000000 1.000000
vn 0.000001 0.000003 1.000000
vn 0.000000 0.000000 1.000000
vn 0.000000 -0.000002 1.000000
vn 0.000000 -0.000004 1.000000
vn -0.000000 0.000001 1.000000
vn 0.000000 0.000000 1.000000
vn -0.000000 0.000002 1.000000
vn 0.000000 0.000000 1.000000
vn -0.000000 -0.000002 1.000000
vn 0.000001 -0.000004 1.000000
vn -0.000001 0.000001 1.000000
vn 0.000000 0.000000 1.000000
vn -0.000001 0.000003 1.000000
vn -0.000000 0.000000 1.000000
vn -0.000000 -0.000002 1.000000
vn 0.000001 -0.000004 1.000000
vn -0.000000 0.000002 1.000000
vn -0.000000 0.000000 1.000000
vn -0.000001 0.000004 1.000000
vn -0.000001 0.000000 1.000000
vn -0.000000 -0.000002 1.000000
vn 0.000000 -0.000004 1.000000
vn 0.000000 0.000002 1.000000
vn -0.000000 0.000000 1.000000
vn 0.000001 0.000003 1.000000
vn -0.000000 0.000000 1.000000
vn -0.000000 -0.000002 1.000000
vn 0.000001 -0.000004 1.000000
vn -0.000000 0.000001 1.000000
vn 0.000000 0.000000 1.000000
vn -0.000001 0.000002 1.000000
vn 0.000000 0.000000 1.000000
vn 0.000001 -0.000002 1.000000
vn 0.000001 -0.000004 1.000000
vn -0.000001 0.000001 1.000000
vn 0.000000 0.000000 1.000000
vn -0.000002 0.000003 1.000000
vn 0.000000 0.000000 1.000000
vn 0.000000 -0.000002 1.000000
vn 0.000001 -0.000004 1.000000
vn -0.000002 0.000002 1.000000
vn -0.000001 0.000000 1.000000
vn -0.000002 0.000002 1.000000
vn -0.000001 0.000002 1.000000
vn -0.000001 0.000001 1.000000
vn -0.000001 0.000002 1.000000
vn -0.000000 0.000002 1.000000
vn -0.000000 0.000001 1.000000
vn -0.000000 0.000003 1.000000
vn -0.000001 0.000002 1.000000
vn 0.000000 0.000000 1.000000
vn -0.000002 0.000004 1.000000
vn -0.000001 0.000002 1.000000
vn 0.000000 0.000000 1.000000
vn -0.000002 0.000003 1.000000
vn -0.000000 0.000000 1.000000
vn 0.000001 -0.000002 1.000000
vn -0.000000 0.000002 1.000000
vn 0.000000 0.000000 1.000000
vn -0.000001 0.000003 1.000000
vn -0.000000 0.000000 1.000000
vn 0.000001 -0.000002 1.000000
vn -0.000000 0.000001 1.000000
vn 0.000000 0.000000 1.000000
vn -0.000001 0.000002 1.000000
vn 0.000000 0.000000 1.000000
vn 0.000001 -0.000002 1.000000
vn -0.000002 0.000001 1.000000
vn -0.000000 0.000000 1.000000
vn -0.000002 0.000002 1.000000
vn 0.000001 0.000000 1.000000
vn 0.000002 -0.000002 1.000000
vn -0.000001 0.000002 1.000000
vn -0.000002 0.000003 1.000000
vn -0.000001 0.000002 1.000000
vn -0.000002 0.000003 1.000000
vn -0.000001 0.000002 1.000000
vn -0.000002 0.000003 1.000000
vn -0.000000 0.000001 1.000000
vn -0.000002 0.000001 1.000000
vn -0.000001 0.000001 1.000000
vn -0.000003 0.000001 1.000000
vn -0.000002 0.000001 1.000000
vn -0.000003 0.000003 1.000000
vn -0.000002 0.000001 1.000000
vn -0.000003 0.000003 1.000000
vn -0.000002 0.000001 1.000000
vn -0.000001 0.000000 1.000000
vn -0.000003 0.000002 1.000000
vn 0.000000 0.000000 1.000000
vn -0.000002 0.000003 1.000000
vn -0.000001 0.000001 1.000000
vn -0.000002 0.000001 1.000000
vn -0.000002 0.000001 1.000000
vn -0.000001 0.000001 1.000000
vn -0.000002 0.000001 1.000000
vn -0.000004 0.000000 1.000000
vn -0.000004 0.000001 1.000000
vn 0.000003 -0.000004 1.000000
vn 0.000003 -0.000003 1.000000
vn 0.000003 -0.000003 1.000000
vn -0.000001 -0.000003 1.000000
vn -0.000001 -0.000000 1.000000
vn 0.000002 0.000002 1.000000
vn 0.000003 -0.000001 1.000000
vn 0.000003 -0.000002 1.000000
vn 0.000003 -0.000002 1.000000
vn 0.000003 -0.000002 1.000000
vn 0.000003 -0.000002 1.000000
vn 0.000004 -0.000002 1.000000
vn -0.000001 -0.000003 1.000000
vn 0.000003 -0.000003 1.000000
vn 0.000002 -0.000003 1.000000
vn 0.000002 -0.000003 1.000000
vn 0.000003 -0.000003 1.000000
vn 0.000003 -0.000003 1.000000
vn 0.000003 -0.000003 1.000000
vn 0.000003 -0.000003 1.000000
vn 0.000003 -0.000003 1.000000
vn 0.000003 -0.000003 1.000000
vn 0.000003 -0.000003 1.000000
vn 0.000003 -0.000003 1.000000
vn 0.000001 -0.000001 1.000000
vn 0.000002 -0.000003 1.000000
vn 0.000001 -0.000001 1.000000
vn 0.000003 -0.000002 1.000000
vn 0.000001 -0.000001 1.000000
vn 0.000003 -0.000002 1.000000
vn 0.000001 -0.000001 1.000000
vn 0.000002 -0.000002 1.000000
vn 0.000001 -0.000001 1.000000
vn 0.000003 -0.000002 1.000000
vn 0.000001 -0.000001 1.000000
vn 0.000003 -0.000002 1.000000
vn 0.000001 -0.000001 1.000000
vn 0.000003 -0.000002 1.000000
vn 0.000001 -0.000002 1.000000
vn 0.000002 -0.000002 1.000000
vn 0.000002 -0.000001 1.000000
vn 0.000002 -0.000001 1.000000
vn 0.000003 0.000001 1.000000
vn 0.000004 0.000000 1.000000
vn 0.000000 0.000000 1.000000
vn 0.000002 -0.000001 1.000000
vn 0.000004 -0.000001 1.000000
vn 0.000001 0.000000 1.000000
vn 0.000002 -0.000000 1.000000
vn 0.000003 -0.000001 1.000000
vn 0.000001 0.000000 1.000000
vn 0.000002 -0.000000 1.000000
vn 0.000004 -0.000001 1.000000
vn 0.000000 0.000000 1.000000
vn 0.000002 -0.000000 1.000000
vn 0.000004 -0.000001 1.000000
vn -0.000000 0.000000 1.000000
vn 0.000002 -0.000000 1.000000
vn 0.000004 -0.000001 1.000000
vn -0.000000 0.000000 1.000000
vn 0.000002 -0.000000 1.000000
vn 0.000004 -0.000000 1.000000
vn -0.000000 -0.000002 1.000000
vn 0.000001 -0.000001 1.000000
vn 0.000003 -0.000000 1.000000
vn -0.000001 -0.000003 1.000000
vn 0.000001 -0.000001 1.000000
vn 0.000004 0.000000 1.000000
vn 0.000000 0.000000 -1.000000
vn 0.000000 0.000000 -1.000000
vn -0.000000 0.000000 -1.000000
vn 0.000000 0.000000 -1.000000
vn 0.000000 0.000000 -1.000000
vn 0.000000 0.000000 -1.000000
vn 0.000000 0.000000 -1.000000
vn -0.000000 0.000000 -1.000000
vn 0.000000 0.000000 -1.000000
vn 0.000000 0.000000 -1.000000
vn 0.000000 0.000000 -1.000000
vn -0.000000 0.000000 -1.000000
vn -0.000000 0.000000 -1.000000
vn 0.000000 0.000000 -1.000000
vn 0.000000 0.000000 -1.000000
vn 0.000000 0.000000 -1.000000
vn 0.000000 0.000000 -1.000000
vn 0.000000 0.000000 -1.000000
vn 0.000001 0.000000 -1.000000
vn 0.000000 0.000000 -1.000000
vn -0.000000 0.000000 -1.000000
vn 0.000000 0.000000 -1.000000
vn 0.000000 0.000000 -1.000000
vn 0.000000 0.000000 -1.000000
vn -0.000000 0.000000 -1.000000
vn 0.000000 0.000000 -1.000000
vn 0.000000 0.000000 -1.000000
vn -0.000000 0.000000 -1.000000
vn -0.000000 0.000000 -1.000000
vn -0.000000 0.000000 -1.000000
vn -0.000001 0.000000 -1.000000
vn -0.000000 0.000000 -1.000000
vn -0.000000 0.000000 -1.000000
vn -0.000000 0.000000 -1.000000
vn 0.000000 0.000000 -1.000000
vn -0.000000 0.000000 -1.000000
vn 0.000000 0.000000 -1.000000
vn 0.000000 0.000000 -1.000000
vn 0.000000 0.000000 -1.000000
vn -0.000000 0.000000 -1.000000
vn -0.000000 -0.000000 -1.000000
vn 0.000000 0.000000 -1.000000
vn -0.000000 0.000000 -1.000000
vn -0.000001 0.000000 -1.000000
vn 0.000000 0.000000 -1.000000
vn -0.000000 0.000000 -1.000000
vn -0.000000 0.000000 -1.000000
vn 0.000000 0.000000 -1.000000
vn 0.000000 0.000000 -1.000000
vn 0.000000 0.000000 -1.000000
vn 0.000000 0.000000 -1.000000
vn 0.000000 0.000000 -1.000000
vn 0.000000 0.000000 -1.000000
vn -0.000000 0.000000 -1.000000
vn 0.000000 0.000001 -1.000000
vn -0.000000 -0.000000 -1.000000
vn -0.000001 0.000000 -1.000000
vn -0.000000 0.000000 -1.000000
vn -0.000000 0.000000 -1.000000
vn -0.000000 0.000000 -1.000000
vn -0.000000 0.000000 -1.000000
vn 0.000000 0.000000 -1.000000
vn 0.000000 -0.000000 -1.000000
vn -0.000000 0.000000 -1.000000
vn 0.000000 0.000000 -1.000000
vn -0.000000 0.000000 -1.000000
vn -0.000000 -0.000000 -1.000000
vn 0.000000 -0.000001 -1.000000
vn 0.000000 -0.000000 -1.000000
vn -0.000001 -0.000000 -1.000000
vn -0.000000 -0.000000 -1.000000
vn 0.000000 0.000000 -1.000000
vn -0.000000 0.000000 -1.000000
vn -0.000000 0.000001 -1.000000
vn 0.000000 0.000000 -1.000000
vn -0.000000 0.000000 -1.000000
vn 0.000000 0.000000 -1.000000
vn 0.000000 0.000000 -1.000000
vn 0.000000 0.000000 -1.000000
vn 0.000000 0.000000 -1.000000
vn -0.000000 0.000000 -1.000000
vn 0.000000 0.000000 -1.000000
vn -0.000000 0.000000 -1.000000
vn 0.000000 0.000000 -1.000000
vn -0.000000 0.000000 -1.000000
vn -0.000000 0.000000 -1.000000
vn -0.000000 0.000000 -1.000000
vn 0.000000 0.000000 -1.000000
vn 0.000000 0.000000 -1.000000
vn -0.000000 0.000000 -1.000000
vn 0.000000 0.000000 -1.000000
vn 0.000000 0.000000 -1.000000
vn -0.000000 0.000000 -1.000000
vn -0.000000 0.000000 -1.000000
vn -0.000000 0.000000 -1.000000
vn 0.000000 -0.000000 -1.000000
vn -0.000000 0.000000 -1.000000
vn 0.000000 0.000000 -1.000000
vn 0.000000 0.000000 -1.000000
vn 0.000000 -0.000000 -1.000000
vn 0.000000 0.000000 -1.000000
vn -0.000000 0.000000 -1.000000
vn 0.000000 0.000000 -1.000000
vn -0.000000 0.000000 -1.000000
vn 0.000000 0.000000 -1.000000
vn 0.000000 0.000000 -1.000000
vn 0.000001 -0.000000 -1.000000
vn 0.000001 0.000001 -1.000000
vn -0.000000 0.000000 -1.000000
vn -0.000000 0.000000 -1.000000
vn -0.000000 0.000001 -1.000000
vn -0.000000 0.000000 -1.000000
vn 0.000000 0.000000 -1.000000
vn -0.000000 0.000000 -1.000000
vn 0.000000 0.000000 -1.000000
vn 0.000000 0.000000 -1.000000
vn 0.000000 0.000000 -1.000000
vn 0.000000 0.000000 -1.000000
vn 0.000000 0.000000 -1.000000
vn 0.000000 0.000000 -1.000000
vn -0.000000 0.000000 -1.000000
vn 0.000000 0.000000 -1.000000
vn -0.000000 0.000000 -1.000000
vn -0.000000 0.000000 -1.000000
vn -0.000000 0.000000 -1.000000
vn 0.000000 0.000000 -1.000000
vn -0.000000 0.000000 -1.000000
vn 0.000000 0.000000 -1.000000
vn -0.000000 0.000000 -1.000000
vn 0.000000 0.000000 -1.000000
vn 0.000000 0.000000 -1.000000
vn 0.000000 0.000000 -1.000000
vn 0.000000 0.000000 -1.000000
vn 0.000000 0.000000 -1.000000
vn 0.000000 0.000000 -1.000000
vn 0.000000 0.000000 -1.000000
vn -0.000000 0.000000 -1.000000
vn 0.000000 0.000000 -1.000000
vn -0.000000 0.000000 -1.000000
vn 0.000000 0.000000 -1.000000
vn 0.000001 0.000000 -1.000000
vn 0.000000 0.000000 -1.000000
vn 0.000001 0.000000 -1.000000
vn -0.000000 0.000000 -1.000000
vn 0.000000 0.000000 -1.000000
vn -0.000000 0.000000 -1.000000
vn -0.000000 0.000000 -1.000000
vn -0.000000 0.000000 -1.000000
vn 0.000000 0.000000 -1.000000
vn 0.000000 0.000000 -1.000000
vn 0.000000 0.000000 -1.000000
vn 0.000000 0.000000 -1.000000
vn 0.000000 0.000000 -1.000000
vn 0.000000 0.000000 -1.000000
vn 0.000000 0.000000 -1.000000
vn 0.000000 0.000000 -1.000000
vn -0.000000 0.000000 -1.000000
vn -0.000000 0.000000 -1.000000
vn -0.000000 0.000000 -1.000000
vn 0.000000 0.000000 -1.000000
vn -0.000000 0.000000 -1.000000
vn 0.000000 0.000000 -1.000000
vn 0.000000 0.000000 -1.000000
vn -0.000000 -0.000000 -1.000000
vn -0.000000 -0.000001 -1.000000
vn 0.000000 -0.000000 -1.000000
vn 0.000000 0.000000 -1.000000
vn 0.000000 0.000000 -1.000000
vn 0.000000 0.000000 -1.000000
vn -0.000000 0.000000 -1.000000
vn -0.000001 0.000000 -1.000000
vn -0.000000 0.000000 -1.000000
vn 0.000000 0.000000 -1.000000
vn 0.000000 0.000000 -1.000000
vn 0.000000 0.000000 -1.000000
vn -0.000001 0.000000 -1.000000
vn -0.000000 0.000000 -1.000000
vn -0.000000 0.000000 -1.000000
vn 0.000000 0.000000 -1.000000
vn 0.000000 0.000000 -1.000000
vn 0.000001 -0.000000 -1.000000
vn 0.000001 0.000000 -1.000000
vn 0.000000 0.000001 -1.000000
vn 0.000000 0.000000 -1.000000
vn 0.000000 0.000000 -1.000000
vn 0.000000 0.000000 -1.000000
vn -0.000000 0.000000 -1.000000
vn -0.000000 0.000000 -1.000000
vn 0.000000 0.000000 -1.000000
vn -0.000000 0.000000 -1.000000
vn -0.000000 0.000000 -1.000000
vn 0.000000 0.000000 -1.000000
vn 0.000000 0.000000 -1.000000
vn 0.000000 0.000000 -1.000000
vn 0.000000 0.000000 -1.000000
vn -0.000000 0.000000 -1.000000
vn -0.000000 0.000000 -1.000000
vn 0.000000 0.000000 -1.000000
vn -0.000000 0.000000 -1.000000
vn -0.000000 0.000000 -1.000000
vn 0.000000 0.000000 -1.000000
vn -0.000000 0.000000 -1.000000
vn 0.000000 0.000000 -1.000000
vn -0.000000 0.000000 -1.000000
vn 0.000000 0.000000 -1.000000
vn 0.000000 0.000000 -1.000000
vn 0.000000 0.000000 -1.000000
vn 0.000000 0.000000 -1.000000
vn -0.000000 0.000000 -1.000000
vn -0.000000 0.000000 -1.000000
vn -0.000000 0.000000 -1.000000
vn -0.000000 0.000000 -1.000000
vn -0.000000 0.000000 -1.000000
vn 0.000000 0.000000 -1.000000
vn -0.000000 0.000000 -1.000000
vn -0.000000 0.000000 -1.000000
vn 0.000000 0.000000 -1.000000
vn 0.000000 0.000000 -1.000000
vn 0.000000 0.000000 -1.000000
vn -0.000000 0.000000 -1.000000
vn 0.000000 0.000000 -1.000000
vn -0.000000 0.000000 -1.000000
vn -0.000000 0.000000 -1.000000
vn -0.000000 0.000000 -1.000000
vn 0.000000 0.000000 -1.000000
vn 0.000000 0.000000 -1.000000
vn 0.000000 0.000000 -1.000000
vn 0.000000 0.000000 -1.000000
vn 0.000000 0.000000 -1.000000
vn 0.000000 0.000000 -1.000000
vn 0.000000 0.000000 -1.000000
vn -0.000000 0.000000 -1.000000
vn -0.000000 0.000000 -1.000000
vn 0.000000 0.000000 -1.000000
vn -0.000000 0.000000 -1.000000
vn 0.000000 0.000000 -1.000000
vn 0.000000 0.000000 -1.000000
vn -0.000000 0.000000 -1.000000
vn 0.000000 0.000000 -1.000000
vn 0.000000 0.000000 -1.000000
vn 0.000000 0.000000 -1.000000
vn 0.000000 0.000000 -1.000000
vn -0.000000 0.000000 -1.000000
vn -0.000000 0.000000 -1.000000
vn 0.000000 0.000000 -1.000000
vn -0.000000 0.000000 -1.000000
vn 0.000000 0.000000 -1.000000
vn -0.000000 0.000000 -1.000000
vn -0.000000 0.000000 -1.000000
vn -0.000000 0.000000 -1.000000
vn -0.000000 0.000000 -1.000000
vn -0.000000 0.000000 -1.000000
vn 0.000000 0.000000 -1.000000
vn 0.000000 0.000000 -1.000000
vn 0.000000 0.000000 -1.000000
vn 0.000000 0.000000 -1.000000
vn 0.000000 0.000000 -1.000000
vn -0.000000 0.000000 -1.000000
vn -0.000000 0.000000 -1.000000
vn 0.000000 -0.000000 -1.000000
vn -0.000000 -0.000000 -1.000000
vn -0.000000 -0.000000 -1.000000
vn 0.000000 -0.000000 -1.000000
vn -0.000000 0.000000 -1.000000
vn -0.000000 0.000000 -1.000000
vn 0.000000 0.000000 -1.000000
vn -0.000000 0.000000 -1.000000
vn -0.000000 0.000000 -1.000000
vn 0.000000 0.000000 -1.000000
vn -0.000000 -0.000000 -1.000000
vn -0.000000 0.000000 -1.000000
vn 0.000000 0.000000 -1.000000
vn 0.000000 0.000000 -1.000000
vn 0.000000 0.000000 -1.000000
vn 0.000000 0.000000 -1.000000
vn 0.000000 0.000000 -1.000000
vn 0.000001 0.000000 -1.000000
vn -0.000000 0.000000 -1.000000
vn -0.000000 0.000000 -1.000000
vn -0.000000 0.000000 -1.000000
vn -0.000000 0.000000 -1.000000
vn 0.000000 0.000000 -1.000000
vn -0.000000 0.000000 -1.000000
vn -0.000000 0.000000 -1.000000
vn 0.000000 0.000000 -1.000000
vn 0.000000 0.000000 -1.000000
vn 0.000000 0.000000 -1.000000
vn -0.000000 0.000000 -1.000000
vn -0.000000 0.000000 -1.000000
vn -0.000000 0.000000 -1.000000
vn 0.000000 0.000000 -1.000000
vn 0.000000 0.000000 -1.000000
vn -0.000000 0.000000 -1.000000
vn 0.000000 0.000000 -1.000000
vn 0.000000 0.000000 -1.000000
vn 0.000000 0.000000 -1.000000
vn 0.000000 0.000000 -1.000000
vn 0.000000 0.000001 -1.000000
vn -0.000001 0.000000 -1.000000
vn -0.000001 -0.000000 -1.000000
vn 0.000000 0.000000 -1.000000
vn -0.000000 0.000000 -1.000000
vn 0.000000 0.000000 -1.000000
vn 0.000000 0.000000 -1.000000
vn 0.000000 0.000000 -1.000000
vn 0.000000 0.000000 -1.000000
vn 0.000000 0.000000 -1.000000
vn -0.000000 0.000000 -1.000000
vn -0.000000 0.000000 -1.000000
vn -0.000000 0.000000 -1.000000
vn -0.000000 0.000000 -1.000000
vn -0.000000 0.000000 -1.000000
vn -0.000000 0.000000 -1.000000
vn 0.000000 0.000000 -1.000000
vn 0.000000 0.000000 -1.000000
vn 0.000000 0.000000 -1.000000
vn 0.000000 0.000000 -1.000000
vn 0.000000 0.000000 -1.000000
vn 0.000000 0.000000 -1.000000
vn 0.000000 0.000000 -1.000000
vn 0.000000 0.000000 -1.000000
vn 0.000000 0.000000 -1.000000
vn 0.000000 0.000000 -1.000000
vn -0.000000 0.000000 -1.000000
vn -0.000000 0.000000 -1.000000
vn -0.000000 0.000000 -1.000000
vn -0.000000 0.000000 -1.000000
vn -0.000000 0.000000 -1.000000
vn -0.000000 0.000000 -1.000000
vn -0.000000 0.000000 -1.000000
vn -0.000000 0.000000 -1.000000
vn -0.000000 0.000000 -1.000000
vn 0.000000 0.000000 -1.000000
vn 0.000000 0.000000 -1.000000
vn -0.000000 0.000000 -1.000000
vn -0.000000 0.000000 -1.000000
vn -0.000000 0.000000 -1.000000
vn -0.000000 -0.000000 -1.000000
vn -0.000000 -0.000001 -1.000000
vn 0.000000 0.000000 -1.000000
vn -0.000000 -0.000000 -1.000000
vn -0.000001 -0.000000 -1.000000
vn 0.000000 0.000000 -1.000000
vn -0.000000 0.000000 -1.000000
vn -0.000001 0.000000 -1.000000
vn 0.000000 0.000000 -1.000000
vn -0.000000 0.000000 -1.000000
vn -0.000000 0.000000 -1.000000
vn -0.000000 0.000000 -1.000000
vn -0.000000 0.000000 -1.000000
vn 0.000000 0.000000 -1.000000
vn -0.000000 0.000000 -1.000000
vn -0.000000 0.000000 -1.000000
vn 0.000000 0.000000 -1.000000
vn -0.000000 0.000000 -1.000000
vn -0.000000 0.000000 -1.000000
vn 0.000000 0.000000 -1.000000
vn -0.000000 0.000000 -1.000000
vn -0.000000 0.000000 -1.000000
vn 0.000000 0.000000 -1.000000
vn -0.000000 0.000000 -1.000000
vn 0.000000 0.000000 -1.000000
vn 0.000000 0.000000 -1.000000
vn -0.000000 0.000000 -1.000000
vn 0.000000 0.000000 -1.000000
vn 0.000000 0.000000 -1.000000
vn 0.000000 0.000000 -1.000000
vn 0.000000 0.000000 -1.000000
vn 0.000000 0.000000 -1.000000
vn 0.000000 0.000000 -1.000000
vn 0.000000 0.000000 -1.000000
vn 0.000000 0.000000 -1.000000
vn 0.000000 0.000000 -1.000000
vn -0.000000 0.000000 -1.000000
vn -0.000000 0.000000 -1.000000
vn 0.000000 0.000000 -1.000000
vn -0.000000 0.000000 -1.000000
vn -0.000000 0.000000 -1.000000
vn -0.000000 0.000000 -1.000000
vn 0.000000 0.000000 -1.000000
vn 0.000000 0.000000 -1.000000
vn -0.000000 0.000000 -1.000000
vn -0.000000 0.000000 -1.000000
vn -0.000000 0.000000 -1.000000
vn -0.000000 0.000000 -1.000000
vn -0.000000 0.000000 -1.000000
vn -0.000001 0.000000 -1.000000
vn 0.000000 -0.000000 -1.000000
vn 0.000000 -0.000000 -1.000000
vn 0.000001 0.000000 -1.000000
vn -0.000000 0.000000 -1.000000
vn -0.000000 0.000000 -1.000000
vn -0.000000 -0.000000 -1.000000
vn 0.000000 0.000000 -1.000000
vn 0.000000 0.000001 -1.000000
vn -0.000000 0.000000 -1.000000
vn -0.000000 0.000000 -1.000000
vn -0.000000 -0.000000 -1.000000
vn -0.000001 0.000000 -1.000000
vn -0.000000 0.000001 -1.000000
vn 0.000000 0.000000 -1.000000
vn -0.000000 0.000000 -1.000000
vn -0.000000 0.000000 -1.000000
vn -0.000000 0.000000 -1.000000
vn -0.000000 0.000000 -1.000000
vn 0.000000 0.000000 -1.000000
vn 0.000000 0.000000 -1.000000
vn -0.000000 0.000000 -1.000000
vn -0.000001 0.000000 -1.000000
vn 0.000000 0.000000 -1.000000
vn 0.000001 -0.000000 -1.000000
vn 0.000000 0.000000 -1.000000
vn 0.000000 0.000000 -1.000000
vn 0.000000 -0.000000 -1.000000
vn -0.000000 0.000000 -1.000000
vn -0.000000 0.000000 -1.000000
vn 0.000000 0.000000 -1.000000
vn 0.000000 0.000000 -1.000000
vn 0.000001 0.000000 -1.000000
vn -0.000000 -0.000000 -1.000000
vn -0.000000 0.000000 -1.000000
vn -0.000000 0.000000 -1.000000
vn -0.000001 0.000000 -1.000000
vn -0.000000 0.000000 -1.000000
vn 0.000000 0.000000 -1.000000
vn -0.000000 -0.000000 -1.000000
vn 0.000000 -0.000000 -1.000000
vn 0.000000 -0.000001 -1.000000
vn 0.000000 0.000000 -1.000000
vn 0.000000 0.000000 -1.000000
vn 0.000000 0.000000 -1.000000
vn 0.000000 0.000000 -1.000000
vn -0.000000 0.000000 -1.000000
vn -0.000000 -0.000001 -1.000000
vn 0.000000 0.000000 -1.000000
vn 0.000000 0.000000 -1.000000
vn 0.000000 0.000000 -1.000000
vn -0.000000 0.000000 -1.000000
vn -0.000001 0.000000 -1.000000
vn -0.000000 -0.000000 -1.000000
vn -0.000000 0.000000 -1.000000
vn -0.000000 0.000000 -1.000000
vn 0.000000 0.000000 -1.000000
vn 0.000000 0.000000 -1.000000
vn 0.000000 0.000000 -1.000000
vn 0.000000 0.000000 -1.000000
vn -0.000000 0.000000 -1.000000
vn 0.000000 0.000000 -1.000000
vn 0.000000 0.000000 -1.000000
vn -0.000000 0.000000 -1.000000
vn 0.000000 0.000000 -1.000000
vn 0.000000 0.000000 -1.000000
vn 0.000000 0.000000 -1.000000
vn 0.000000 0.000000 -1.000000
vn 0.000000 0.000000 -1.000000
vn -0.000000 0.000000 -1.000000
vn -0.000000 0.000000 -1.000000
vn -0.000000 0.000000 -1.000000
vn -0.000000 0.000000 -1.000000
vn -0.000000 0.000000 -1.000000
vn -0.000000 0.000000 -1.000000
vn -0.000000 0.000000 -1.000000
vn -0.000000 0.000000 -1.000000
vn 0.000000 0.000000 -1.000000
vn 0.000000 0.000000 -1.000000
vn 0.000000 0.000000 -1.000000
vn 0.000000 0.000000 -1.000000
vn -0.000000 0.000000 -1.000000
vn 0.000000 0.000000 -1.000000
vn 0.000000 0.000000 -1.000000
vn 0.000000 0.000000 -1.000000
vn 0.000000 0.000000 -1.000000
vn 0.000000 0.000000 -1.000000
vn 0.000000 0.000000 -1.000000
vn 0.000000 0.000000 -1.000000
vn 0.000000 0.000000 -1.000000
vn -0.000000 0.000000 -1.000000
vn -0.000000 0.000000 -1.000000
vn -0.000000 0.000000 -1.000000
vn -0.000000 0.000000 -1.000000
vn -0.000000 0.000000 -1.000000
vn -0.000000 0.000000 -1.000000
vn -0.000000 0.000000 -1.000000
vn -0.000000 0.000000 -1.000000
vn -0.000000 0.000000 -1.000000
vn 0.000000 0.000000 -1.000000
vn -0.000000 0.000000 -1.000000
vn -0.000000 0.000000 -1.000000
vn -0.000000 0.000000 -1.000000
vn -0.000000 0.000000 -1.000000
vn 0.000000 0.000000 -1.000000
vn 0.000000 0.000000 -1.000000
vn 0.000000 0.000000 -1.000000
vn 0.000000 0.000000 -1.000000
vn -0.000000 0.000000 -1.000000
vn 0.000000 0.000000 -1.000000
vn 0.000000 0.000000 -1.000000
vn -0.000000 0.000000 -1.000000
vn 0.000000 0.000000 -1.000000
vn 0.000001 0.000001 -1.000000
vn -0.000000 0.000000 -1.000000
vn 0.000000 0.000000 -1.000000
vn 0.000000 0.000000 -1.000000
vn -0.000000 0.000000 -1.000000
vn -0.000000 0.000000 -1.000000
vn -0.000000 0.000001 -1.000000
vn -0.000000 0.000000 -1.000000
vn -0.000000 0.000000 -1.000000
vn 0.000000 0.000000 -1.000000
vn -0.000000 0.000000 -1.000000
vn -0.000000 0.000000 -1.000000
vn -0.000001 0.000000 -1.000000
vn 0.000000 0.000000 -1.000000
vn 0.000000 0.000000 -1.000000
vn 0.000000 0.000000 -1.000000
vn -0.000000 0.000000 -1.000000
vn -0.000000 0.000000 -1.000000
vn -0.000000 0.000000 -1.000000
vn 0.000000 0.000000 -1.000000
vn 0.000000 0.000000 -1.000000
vn -0.000000 0.000000 -1.000000
vn -0.000000 0.000000 -1.000000
vn 0.000000 0.000000 -1.000000
vn 0.000001 0.000000 -1.000000
vn 0.000001 -0.000000 -1.000000
vn 0.000000 0.000000 -1.000000
vn 0.000000 0.000001 -1.000000
vn 0.000000 -0.000000 -1.000000
vn 0.000000 0.000000 -1.000000
vn -0.000000 0.000001 -1.000000
vn -0.000000 -0.000000 -1.000000
vn -0.000001 -0.000000 -1.000000
vn -0.000001 0.000000 -1.000000
vn 0.000000 0.000000 -1.000000
vn 0.000000 0.000000 -1.000000
vn -0.000000 0.000000 -1.000000
vn 0.000000 0.000000 -1.000000
vn 0.000000 0.000000 -1.000000
vn 0.000000 0.000000 -1.000000
vn -0.000000 0.000000 -1.000000
vn 0.000000 0.000000 -1.000000
vn 0.000000 0.000000 -1.000000
vn 0.000000 0.000000 -1.000000
vn 0.000000 0.000000 -1.000000
vn 0.000000 0.000000 -1.000000
vn 0.000000 0.000000 -1.000000
vn -0.000000 0.000000 -1.000000
vn 0.000000 -0.000000 -1.000000
vn 0.000001 -0.000000 -1.000000
vn -0.000000 0.000000 -1.000000
vn -0.000000 0.000000 -1.000000
vn -0.000000 0.000000 -1.000000
vn 0.000000 -0.000000 -1.000000
vn 0.000000 -0.000001 -1.000000
vn -0.000000 0.000000 -1.000000
vn 0.000000 0.000000 -1.000000
vn -0.000000 -0.000000 -1.000000
vn -0.000000 -0.000001 -1.000000
vn -0.000000 0.000000 -1.000000
vn -0.000000 0.000000 -1.000000
vn -0.000000 0.000000 -1.000000
vn -0.000000 0.000000 -1.000000
vn -0.000000 0.000000 -1.000000
vn 0.000000 0.000000 -1.000000
vn 0.000000 0.000000 -1.000000
vn 0.000000 0.000000 -1.000000
vn 0.000000 0.000000 -1.000000
vn 0.000000 0.000000 -1.000000
vn 0.000000 0.000000 -1.000000
vn 0.000000 0.000000 -1.000000
vn -0.000000 0.000000 -1.000000
vn -0.000000 0.000000 -1.000000
vn 0.000000 0.000000 -1.000000
vn -0.000000 0.000000 -1.000000
vn 0.000000 0.000000 -1.000000
vn -0.000000 0.000000 -1.000000
vn -0.000000 0.000000 -1.000000
vn 0.000000 0.000000 -1.000000
vn -0.000000 0.000000 -1.000000
vn -0.000000 0.000000 -1.000000
vn 0.000000 0.000000 -1.000000
vn 0.000000 0.000000 -1.000000
vn 0.000000 0.000000 -1.000000
vn 0.000000 0.000000 -1.000000
vn -0.000000 0.000000 -1.000000
vn -0.000000 0.000000 -1.000000
vn 0.000000 0.000000 -1.000000
vn -0.000000 0.000000 -1.000000
vn -0.000000 0.000000 -1.000000
vn -0.000000 0.000000 -1.000000
vn 0.000000 0.000000 -1.000000
vn 0.000000 0.000000 -1.000000
vn 0.000000 0.000000 -1.000000
vn 0.000000 0.000000 -1.000000
vn -0.000000 0.000000 -1.000000
vn -0.000000 0.000000 -1.000000
vn 0.000000 0.000000 -1.000000
vn -0.000000 0.000000 -1.000000
vn -0.000000 0.000000 -1.000000
vn -0.000000 0.000000 -1.000000
vn -0.000000 0.000000 -1.000000
vn -0.000000 0.000000 -1.000000
vn -0.000000 0.000000 -1.000000
vn 0.000000 0.000000 -1.000000
vn 0.000000 0.000000 -1.000000
vn 0.000000 0.000000 -1.000000
vn -0.000000 0.000000 -1.000000
vn -0.000000 0.000000 -1.000000
vn -0.000000 0.000000 -1.000000
vn -0.000000 0.000000 -1.000000
vn 0.000000 0.000000 -1.000000
vn 0.000000 0.000000 -1.000000
vn 0.000000 0.000000 -1.000000
vn -0.000000 0.000000 -1.000000
vn -0.000000 0.000000 -1.000000
vn -0.000000 0.000000 -1.000000
vn -0.000000 0.000000 -1.000000
vn -0.000001 0.000000 -1.000000
vn -0.000000 0.000000 -1.000000
vn -0.000001 0.000000 -1.000000
vn 0.000000 0.000001 -1.000000
vn 0.000000 0.000000 -1.000000
vn 0.000000 0.000000 -1.000000
vn 0.000001 0.000000 -1.000000
vn -0.000000 -0.000000 -1.000000
vn 0.000000 -0.000000 -1.000000
vn -0.000000 0.000000 -1.000000
vn 0.000000 -0.000000 -1.000000
vn -0.000001 -0.000000 -1.000000
vn -0.000000 0.000000 -1.000000
vn 0.000000 0.000000 -1.000000
vn -0.000000 0.000000 -1.000000
vn 0.000000 0.000000 -1.000000
vn 0.000000 0.000000 -1.000000
vn 0.000000 0.000000 -1.000000
vn 0.000000 0.000000 -1.000000
vn 0.000000 0.000000 -1.000000
vn 0.000000 0.000000 -1.000000
vn 0.000000 0.000000 -1.000000
vn 0.000000 0.000000 -1.000000
vn 0.000000 0.000000 -1.000000
vn 0.000000 0.000000 -1.000000
vn -0.000000 0.000000 -1.000000
vn 0.000000 0.000000 -1.000000
vn 0.000000 0.000000 -1.000000
vn -0.000000 0.000000 -1.000000
vn 0.000000 0.000000 -1.000000
vn 0.000000 0.000000 -1.000000
vn 0.000000 0.000000 -1.000000
vn 0.000001 0.000000 -1.000000
vn -0.709855 -0.704348 -0.000000
vn -0.734554 -0.678550 0.000001
vn -0.734554 -0.678550 0.000001
vn -0.709855 -0.704348 -0.000000
vn -0.683242 -0.730192 -0.000001
vn -0.683242 -0.730192 -0.000001
vn -0.660219 -0.751073 -0.000000
vn -0.660219 -0.751073 -0.000000
vn -0.628785 -0.777579 0.000000
vn -0.628785 -0.777579 0.000000
vn -0.604486 -0.796616 0.000000
vn -0.604486 -0.796616 0.000000
vn -0.572675 -0.819782 0.000001
vn -0.572675 -0.819782 0.000001
vn -0.538979 -0.842319 0.000000
vn -0.538979 -0.842319 0.000000
vn -0.853236 0.521525 0.000000
vn -0.918338 0.395798 0.000000
vn -0.918338 0.395798 0.000000
vn -0.853236 0.521525 0.000000
vn -0.984498 -0.175395 -0.000001
vn -0.984498 -0.175395 -0.000001
vn -0.984498 -0.175395 -0.000001
vn -0.984498 -0.175395 -0.000001
vn -0.729314 0.684179 0.000000
vn -0.729314 0.684179 0.000000
vn -0.716841 0.697237 0.000000
vn -0.716841 0.697237 0.000000
vn -0.718491 0.695536 -0.000000
vn -0.718491 0.695536 -0.000000
vn -0.738033 0.674765 -0.000000
vn -0.738033 0.674765 -0.000000
vn -0.769739 0.638358 0.000000
vn -0.769739 0.638358 0.000000
vn -0.796161 0.605084 0.000000
vn -0.796161 0.605084 0.000000
vn -0.826717 0.562618 0.000000
vn -0.826717 0.562618 0.000000
vn -0.852244 0.523144 0.000000
vn -0.852244 0.523144 0.000000
vn -0.871730 0.489986 0.000000
vn -0.871730 0.489986 0.000000
vn -0.890127 0.455713 -0.000001
vn -0.890127 0.455713 -0.000001
vn -0.901460 0.432863 -0.000001
vn -0.901460 0.432863 -0.000001
vn -0.920350 0.391096 -0.000000
vn -0.920350 0.391096 -0.000000
vn -0.938722 0.344674 -0.000000
vn -0.938722 0.344674 -0.000000
vn -0.944237 0.329266 -0.000001
vn -0.944237 0.329266 -0.000001
vn -0.949163 0.314786 -0.000000
vn -0.949163 0.314786 -0.000000
vn -0.970370 0.241624 -0.000000
vn -0.970370 0.241624 -0.000000
vn -0.982135 0.188176 -0.000001
vn -0.982135 0.188176 -0.000001
vn -0.982135 0.188177 -0.000001
vn -0.982135 0.188177 -0.000001
vn -0.991429 0.130643 -0.000001
vn -0.991429 0.130643 -0.000001
vn -0.997798 0.066321 -0.000000
vn -0.997798 0.066321 -0.000000
vn -0.997959 0.063855 -0.000000
vn -0.997959 0.063855 -0.000000
vn -0.999469 0.032569 -0.000001
vn -0.999469 0.032569 -0.000001
vn -0.999815 -0.019214 -0.000002
vn -0.999815 -0.019214 -0.000002
vn -0.999313 -0.037050 -0.000001
vn -0.999313 -0.037050 -0.000001
vn -0.998734 -0.050308 -0.000001
vn -0.998734 -0.050308 -0.000001
vn -0.995678 -0.092876 -0.000000
vn -0.995678 -0.092876 -0.000000
vn -0.990486 -0.137612 0.000000
vn -0.990486 -0.137612 0.000000
vn -0.983275 -0.182128 0.000001
vn -0.983275 -0.182128 0.000001
vn -0.973542 -0.228509 0.000001
vn -0.973542 -0.228509 0.000001
vn -0.961109 -0.276170 0.000000
vn -0.961109 -0.276170 0.000000
vn -0.946208 -0.323560 0.000000
vn -0.946208 -0.323560 0.000000
vn -0.927420 -0.374023 0.000000
vn -0.927420 -0.374023 0.000000
vn -0.914213 -0.405234 0.000000
vn -0.914213 -0.405234 0.000000
vn -0.911050 -0.412295 0.000000
vn -0.911050 -0.412295 0.000000
vn -0.909988 -0.414634 0.000000
vn -0.909988 -0.414634 0.000000
vn -0.900014 -0.435860 0.000000
vn -0.900014 -0.435860 0.000000
vn -0.867385 -0.497638 0.000000
vn -0.867385 -0.497638 0.000000
vn -0.815946 -0.578129 0.000000
vn -0.815946 -0.578129 0.000000
vn -0.783898 -0.620889 0.000000
vn -0.783898 -0.620889 0.000000
vn -0.770577 -0.637347 0.000000
vn -0.770577 -0.637347 0.000000
vn -0.751087 -0.660203 0.000000
vn -0.751087 -0.660203 0.000000
vn -0.629140 -0.777292 -0.000001
vn -0.272411 -0.962181 -0.000000
vn -0.272411 -0.962181 -0.000000
vn -0.629141 -0.777292 -0.000001
vn -0.751151 -0.660131 -0.000001
vn -0.751151 -0.660131 -0.000001
vn 0.172557 -0.985000 -0.000000
vn 0.172558 -0.984999 -0.000000
vn 0.368423 -0.929658 -0.000000
vn 0.335994 -0.941864 0.000000
vn 0.335994 -0.941864 0.000000
vn 0.368423 -0.929658 -0.000000
vn 0.409044 -0.912515 -0.000001
vn 0.409044 -0.912515 -0.000001
vn 0.441272 -0.897373 0.000000
vn 0.441272 -0.897373 0.000000
vn -0.967741 0.251946 0.000000
vn -0.973618 0.228185 0.000000
vn -0.973618 0.228185 0.000000
vn -0.967741 0.251946 0.000000
vn -0.958731 0.284316 0.000001
vn -0.958731 0.284316 0.000001
vn -0.978457 0.206451 0.000000
vn -0.978457 0.206451 0.000000
vn -0.980681 0.195613 0.000000
vn -0.980681 0.195613 0.000000
vn -0.982088 0.188423 0.000000
vn -0.982088 0.188423 0.000000
vn -0.982319 0.187214 0.000000
vn -0.982319 0.187214 0.000000
vn -0.997776 0.066652 0.000000
vn -0.997776 0.066652 0.000000
vn -0.174985 -0.984571 -0.000000
vn -0.135148 -0.990825 -0.000000
vn -0.135148 -0.990825 -0.000000
vn -0.174985 -0.984571 -0.000000
vn -0.998167 -0.060515 0.000000
vn -0.998167 -0.060515 0.000000
vn -0.209153 -0.977883 0.000000
vn -0.209153 -0.977883 0.000000
vn 0.902710 -0.430249 -0.000000
vn 0.925213 -0.379448 0.000000
vn 0.925213 -0.379448 0.000000
vn 0.902710 -0.430249 -0.000000
vn 0.885681 -0.464294 -0.000000
vn 0.885681 -0.464294 -0.000000
vn 0.950060 -0.312067 -0.000001
vn 0.950060 -0.312067 -0.000001
vn 0.966212 -0.257747 -0.000001
vn 0.966212 -0.257747 -0.000001
vn 0.978929 -0.204202 -0.000001
vn 0.978929 -0.204202 -0.000001
vn 0.985218 -0.171306 0.000000
vn 0.985218 -0.171306 0.000000
vn 0.983738 -0.179611 0.000002
vn 0.983738 -0.179611 0.000002
vn 0.981333 -0.192315 0.000001
vn 0.981333 -0.192315 0.000001
vn 0.985539 -0.169449 0.000000
vn 0.985539 -0.169449 0.000000
vn 0.995027 -0.099604 -0.000000
vn 0.995027 -0.099604 -0.000000
vn 0.999952 -0.009789 -0.000001
vn 0.999952 -0.009789 -0.000001
vn 0.998193 0.060083 0.000000
vn 0.998193 0.060083 0.000000
vn 0.994398 0.105698 0.000000
vn 0.994398 0.105698 0.000000
vn 0.989344 0.145596 -0.000001
vn 0.989344 0.145596 -0.000001
vn 0.984577 0.174950 -0.000001
vn 0.984577 0.174950 -0.000001
vn 0.983092 0.183113 -0.000001
vn 0.983092 0.183113 -0.000001
vn 0.983878 0.178841 -0.000001
vn 0.983878 0.178841 -0.000001
vn 0.981895 0.189427 -0.000002
vn 0.981895 0.189427 -0.000002
vn 0.970687 0.240347 -0.000002
vn 0.970687 0.240347 -0.000002
vn 0.954220 0.299107 -0.000002
vn 0.954220 0.299107 -0.000002
vn 0.939689 0.342029 -0.000002
vn 0.939689 0.342029 -0.000002
vn 0.923904 0.382626 -0.000001
vn 0.923904 0.382625 -0.000001
vn 0.910559 0.413379 -0.000000
vn 0.910559 0.413379 -0.000000
vn 0.896051 0.443951 0.000000
vn 0.896051 0.443951 0.000000
vn 0.875637 0.482971 0.000001
vn 0.875637 0.482971 0.000001
vn 0.855209 0.518283 0.000001
vn 0.855209 0.518283 0.000001
vn 0.837340 0.546682 0.000000
vn 0.837340 0.546682 0.000000
vn 0.821314 0.570476 -0.000000
vn 0.821314 0.570476 -0.000000
vn 0.803493 0.595314 -0.000001
vn 0.803493 0.595314 -0.000001
vn 0.781526 0.623872 -0.000000
vn 0.781526 0.623872 -0.000000
vn 0.756297 0.654229 0.000000
vn 0.756297 0.654229 0.000000
vn 0.722671 0.691192 -0.000000
vn 0.722671 0.691192 -0.000000
vn 0.676056 0.736851 -0.000000
vn 0.676056 0.736851 -0.000000
vn 0.629280 0.777179 -0.000001
vn 0.629279 0.777179 -0.000001
vn 0.599256 0.800557 -0.000001
vn 0.599256 0.800557 -0.000001
vn 0.574004 0.818852 0.000000
vn 0.574004 0.818852 0.000000
vn 0.543766 0.839237 0.000001
vn 0.543766 0.839237 0.000001
vn 0.524886 0.851172 0.000000
vn 0.524887 0.851172 0.000000
vn 0.500599 0.865679 0.000000
vn 0.500599 0.865679 0.000000
vn 0.472296 0.881440 0.000000
vn 0.472296 0.881440 0.000000
vn 0.462981 0.886368 0.000001
vn 0.462981 0.886368 0.000001
vn 0.439904 0.898045 0.000000
vn 0.439904 0.898045 0.000000
vn -0.431145 -0.902282 0.000000
vn -0.473210 -0.880950 -0.000000
vn -0.473210 -0.880950 -0.000000
vn -0.431145 -0.902283 0.000000
vn -0.394754 -0.918787 0.000000
vn -0.394754 -0.918787 0.000000
vn 0.395073 0.918650 0.000000
vn 0.395073 0.918650 0.000000
vn -0.355743 -0.934584 -0.000000
vn -0.355743 -0.934584 -0.000000
vn 0.348313 0.937378 0.000001
vn 0.348313 0.937378 0.000001
vn -0.329497 -0.944157 -0.000001
vn -0.329497 -0.944157 -0.000001
vn 0.296188 0.955130 0.000001
vn 0.296188 0.955130 0.000001
vn -0.311535 -0.950235 -0.000000
vn -0.311535 -0.950234 -0.000000
vn 0.244761 0.969584 0.000000
vn 0.244761 0.969584 0.000000
vn -0.276825 -0.960920 0.000001
vn -0.276825 -0.960920 0.000001
vn 0.214302 0.976767 0.000000
vn 0.214302 0.976767 0.000000
vn -0.242589 -0.970129 0.000000
vn -0.242589 -0.970129 0.000000
vn 0.202888 0.979202 0.000000
vn 0.202888 0.979202 0.000000
vn -0.230256 -0.973130 0.000000
vn -0.230256 -0.973130 0.000000
vn 0.204403 0.978887 0.000000
vn 0.204403 0.978887 0.000000
vn -0.168419 -0.985716 -0.000000
vn -0.168418 -0.985716 -0.000000
vn 0.199696 0.979858 -0.000000
vn 0.199696 0.979858 -0.000000
vn -0.113242 -0.993567 -0.000000
vn -0.113242 -0.993567 -0.000000
vn 0.170993 0.985272 -0.000000
vn 0.170993 0.985272 -0.000000
vn -0.088666 -0.996062 0.000000
vn -0.088666 -0.996061 0.000000
vn 0.123672 0.992323 0.000001
vn 0.123672 0.992323 0.000001
vn -0.029502 -0.999565 0.000000
vn -0.029502 -0.999565 0.000000
vn 0.061361 0.998116 0.000001
vn 0.061361 0.998116 0.000001
vn 0.002621 -0.999997 -0.000000
vn 0.002621 -0.999997 -0.000000
vn -0.009293 0.999957 0.000001
vn -0.009293 0.999957 0.000001
vn 0.040871 -0.999164 -0.000000
vn 0.040871 -0.999164 -0.000000
vn -0.077696 0.996977 0.000001
vn -0.077696 0.996977 0.000001
vn 0.094977 -0.995480 0.000000
vn 0.094977 -0.995480 0.000000
vn -0.142771 0.989756 0.000000
vn -0.142771 0.989756 0.000000
vn 0.108555 -0.994090 0.000000
vn 0.108555 -0.994090 0.000000
vn -0.200469 0.979700 -0.000000
vn -0.200469 0.979700 -0.000000
vn 0.150950 -0.988541 -0.000000
vn 0.150950 -0.988541 -0.000000
vn -0.247477 0.968894 -0.000000
vn -0.247477 0.968894 -0.000000
vn 0.194545 -0.980894 -0.000000
vn 0.194545 -0.980894 -0.000000
vn -0.282099 0.959385 -0.000000
vn -0.282099 0.959385 -0.000000
vn 0.224544 -0.974464 0.000001
vn 0.224544 -0.974464 0.000001
vn -0.305117 0.952315 -0.000001
vn -0.305117 0.952315 -0.000001
vn 0.263610 -0.964629 0.000000
vn 0.263610 -0.964629 0.000000
vn -0.322824 0.946459 -0.000000
vn -0.322824 0.946459 -0.000000
vn 0.295651 -0.955296 0.000000
vn 0.295651 -0.955296 0.000000
vn -0.345990 0.938238 0.000001
vn -0.345990 0.938238 0.000001
vn -0.376101 0.926579 0.000001
vn -0.376101 0.926579 0.000001
vn -0.413559 0.910477 0.000000
vn -0.413559 0.910477 0.000000
vn -0.462571 0.886582 -0.000000
vn -0.462571 0.886582 -0.000000
vn -0.506941 0.861981 -0.000000
vn -0.506941 0.861981 -0.000000
vn -0.529395 0.848375 -0.000000
vn -0.529395 0.848375 -0.000000
vn -0.543520 0.839396 0.000000
vn -0.543520 0.839396 0.000000
vn -0.559601 0.828762 0.000000
vn -0.559601 0.828762 0.000000
vn -0.590675 0.806909 0.000000
vn -0.590675 0.806909 0.000000
vn -0.629521 0.776983 0.000000
vn -0.629521 0.776983 0.000000
vn -0.655292 0.755376 0.000000
vn -0.655292 0.755375 0.000000
vn -0.689699 0.724096 0.000000
vn -0.689699 0.724096 0.000000
vn -0.721954 0.691941 0.000000
vn -0.721954 0.691941 0.000000
vn -0.744956 0.667114 -0.000000
vn -0.744956 0.667114 -0.000000
vn -0.774402 0.632694 -0.000000
vn -0.774402 0.632694 -0.000000
vn -0.801442 0.598072 -0.000000
vn -0.801442 0.598072 -0.000000
vn -0.820611 0.571487 0.000000
vn -0.820611 0.571487 0.000000
vn -0.836370 0.548166 -0.000000
vn -0.836370 0.548165 -0.000000
vn -0.855683 0.517500 -0.000000
vn -0.855683 0.517501 -0.000000
vn -0.876752 0.480942 -0.000000
vn -0.876752 0.480942 -0.000000
vn -0.892875 0.450305 -0.000000
vn -0.892875 0.450305 -0.000000
vn -0.914455 0.404688 -0.000001
vn -0.914455 0.404688 -0.000001
vn -0.933219 0.359307 -0.000000
vn -0.933219 0.359307 -0.000000
vn -0.944819 0.327591 0.000000
vn -0.944819 0.327591 0.000000
vn 0.516945 -0.856019 -0.000000
vn 0.659566 -0.751646 0.000000
vn 0.659566 -0.751646 0.000000
vn 0.516945 -0.856019 -0.000000
vn 0.685054 -0.728492 0.000000
vn 0.685054 -0.728492 0.000000
vn 0.705208 -0.709001 0.000001
vn 0.705208 -0.709001 0.000001
vn 0.738737 -0.673994 0.000000
vn 0.738737 -0.673994 0.000000
vn 0.777471 -0.628919 -0.000000
vn 0.777471 -0.628919 -0.000000
vn 0.801998 -0.597327 -0.000000
vn 0.801998 -0.597327 -0.000000
vn 0.816349 -0.577558 -0.000000
vn 0.816349 -0.577558 -0.000000
vn 0.832232 -0.554428 0.000000
vn 0.832232 -0.554428 0.000000
vn 0.845856 -0.533411 0.000000
vn 0.845856 -0.533411 0.000000
vn 0.854698 -0.519125 0.000000
vn 0.854698 -0.519125 0.000000
vn 0.867780 -0.496949 -0.000000
vn 0.867780 -0.496949 -0.000000
vn -0.513599 -0.858030 -0.000000
vn -0.513599 -0.858030 -0.000000
vn 0.483487 -0.875352 -0.000000
vn 0.483487 -0.875352 -0.000000
vn 0.512918 -0.858437 -0.000001
vn 0.512918 -0.858437 -0.000001
vn 0.533242 -0.845963 -0.000000
vn 0.533242 -0.845963 -0.000000
vn 0.576532 -0.817075 -0.000000
vn 0.576532 -0.817075 -0.000000
vn 0.597735 -0.801694 -0.000000
vn 0.597735 -0.801694 -0.000000
vn 0.627269 -0.778803 0.000000
vn 0.627269 -0.778803 0.000000
vn 0.668590 -0.743631 0.000001
vn 0.668590 -0.743631 0.000001
vn 0.679403 -0.733765 0.000001
vn 0.679403 -0.733765 0.000001
vn 0.715787 -0.698318 0.000001
vn 0.715787 -0.698318 0.000001
vn 0.753467 -0.657486 0.000000
vn 0.753467 -0.657486 0.000000
vn 0.758306 -0.651899 0.000000
vn 0.758306 -0.651899 0.000000
vn 0.783363 -0.621565 0.000001
vn 0.783363 -0.621565 0.000001
vn 0.810413 -0.585858 0.000002
vn 0.810413 -0.585858 0.000002
vn 0.827222 -0.561875 0.000001
vn 0.827222 -0.561875 0.000001
vn 0.850321 -0.526264 -0.000000
vn 0.850321 -0.526264 -0.000000
vn 0.870044 -0.492974 -0.000001
vn 0.870044 -0.492974 -0.000001
vn 0.895945 -0.444165 -0.000001
vn 0.895945 -0.444165 -0.000001
vn 0.918603 -0.395182 -0.000000
vn 0.918603 -0.395182 -0.000000
vn 0.934235 -0.356659 -0.000000
vn 0.934235 -0.356659 -0.000000
vn 0.949167 -0.314771 -0.000001
vn 0.949168 -0.314771 -0.000001
vn 0.955925 -0.293610 -0.000001
vn 0.955925 -0.293610 -0.000001
vn 0.962589 -0.270964 -0.000000
vn 0.962589 -0.270964 -0.000000
vn 0.967966 -0.251081 0.000001
vn 0.967966 -0.251081 0.000001
vn 0.970993 -0.239107 0.000001
vn 0.970993 -0.239107 0.000001
vn 0.979507 -0.201412 0.000001
vn 0.979507 -0.201412 0.000001
vn 0.991568 -0.129588 0.000001
vn 0.991568 -0.129588 0.000001
vn 0.995618 -0.093511 0.000001
vn 0.995618 -0.093511 0.000001
vn 0.992496 -0.122274 -0.000001
vn 0.992496 -0.122274 -0.000001
vn -0.008183 -0.999967 0.000000
vn -0.008183 -0.999967 0.000000
vn 0.165990 -0.986127 -0.000000
vn 0.165990 -0.986127 -0.000000
vn 0.259726 -0.965682 -0.000001
vn 0.259726 -0.965682 -0.000001
vn 0.987971 -0.154637 -0.000002
vn 0.987971 -0.154637 -0.000002
s 1
g mind logo
usemtl blinn1SG
f 651//1 652//2 653//3 654//4
f 651//1 655//5 656//6 652//2
f 651//1 657//7 658//8 655//5
f 651//1 654//4 659//9 657//7
f 652//2 660//10 661//11 653//3
f 652//2 656//6 662//12 660//10
f 660//10 663//13 664//14 661//11
f 660//10 662//12 665//15 663//13
f 663//13 666//16 667//17 664//14
f 663//13 665//15 668//18 666//16
f 666//16 669//19 670//20 667//17
f 666//16 668//18 671//21 669//19
f 669//19 672//22 673//23 670//20
f 669//19 671//21 674//24 672//22
f 672//22 675//25 676//26 673//23
f 672//22 674//24 677//27 675//25
f 675//25 678//28 679//29 676//26
f 675//25 677//27 680//30 678//28
f 678//28 680//30 681//31 682//32
f 678//28 682//32 683//33 679//29
f 682//32 681//31 684//34 685//35
f 682//32 685//35 686//36 683//33
f 685//35 684//34 687//37 688//38
f 685//35 688//38 689//39 686//36
f 688//38 687//37 690//40 691//41
f 688//38 691//41 692//42 689//39
f 691//41 690//40 693//43 694//44
f 691//41 694//44 695//45 692//42
f 694//44 693//43 696//46 697//47
f 694//44 697//47 698//48 695//45
f 697//47 696//46 699//49 700//50
f 697//47 700//50 701//51 698//48
f 700//50 699//49 702//52 703//53
f 700//50 703//53 704//54 701//51
f 705//55 706//56 707//57 708//58
f 705//55 709//59 710//60 706//56
f 705//55 711//61 712//62 709//59
f 705//55 708//58 713//63 711//61
f 709//59 714//64 715//65 710//60
f 709//59 712//62 716//66 714//64
f 714//64 717//67 718//68 715//65
f 714//64 716//66 719//69 717//67
f 717//67 720//70 721//71 718//68
f 717//67 719//69 722//72 720//70
f 720//70 723//73 724//74 721//71
f 720//70 722//72 725//75 723//73
f 723//73 725//75 726//76 727//77
f 723//73 727//77 728//78 724//74
f 727//77 726//76 729//79 730//80
f 727//77 730//80 731//81 728//78
f 730//80 729//79 732//82 733//83
f 730//80 733//83 734//84 731//81
f 733//83 732//82 735//85 736//86
f 733//83 736//86 737//87 734//84
f 736//86 735//85 738//88 739//89
f 736//86 739//89 740//90 737//87
f 739//89 738//88 741//91 742//92
f 739//89 742//92 743//93 740//90
f 742//92 741//91 744//94 745//95
f 742//92 745//95 746//96 743//93
f 745//95 744//94 747//97 748//98
f 745//95 748//98 749//99 746//96
f 750//100 751//101 752//102 753//103
f 750//100 754//104 755//105 751//101
f 750//100 756//106 757//107 754//104
f 750//100 753//103 758//108 756//106
f 753//103 752//102 759//109 760//110
f 753//103 760//110 761//111 758//108
f 760//110 759//109 762//112 763//113
f 760//110 763//113 764//114 761//111
f 763//113 762//112 765//115 766//116
f 763//113 766//116 767//117 764//114
f 766//116 765//115 768//118 769//119
f 766//116 769//119 770//120 767//117
f 769//119 768//118 771//121 772//122
f 769//119 772//122 773//123 770//120
f 654//4 653//3 774//124 775//125
f 654//4 775//125 776//126 659//9
f 775//125 774//124 777//127 778//128
f 775//125 778//128 779//129 776//126
f 653//3 661//11 780//130 774//124
f 774//124 780//130 781//131 777//127
f 661//11 664//14 782//132 780//130
f 780//130 782//132 783//133 781//131
f 664//14 667//17 784//134 782//132
f 782//132 784//134 785//135 783//133
f 667//17 670//20 786//136 784//134
f 784//134 786//136 787//137 785//135
f 670//20 673//23 788//138 786//136
f 786//136 788//138 789//139 787//137
f 673//23 676//26 790//140 788//138
f 788//138 790//140 791//141 789//139
f 676//26 679//29 792//142 790//140
f 790//140 792//142 793//143 791//141
f 679//29 683//33 794//144 792//142
f 792//142 794//144 795//145 793//143
f 683//33 686//36 796//146 794//144
f 794//144 796//146 797//147 795//145
f 686//36 689//39 798//148 796//146
f 796//146 798//148 799//149 797//147
f 689//39 692//42 800//150 798//148
f 798//148 800//150 801//151 799//149
f 692//42 695//45 802//152 800//150
f 800//150 802//152 803//153 801//151
f 695//45 698//48 804//154 802//152
f 802//152 804//154 805//155 803//153
f 698//48 701//51 806//156 804//154
f 804//154 806//156 807//157 805//155
f 701//51 704//54 808//158 806//156
f 806//156 808//158 809//159 807//157
f 704//54 810//160 811//161 808//158
f 704//54 703//53 812//162 810//160
f 808//158 811//161 813//163 809//159
f 810//160 814//164 815//165 811//161
f 810//160 812//162 816//166 814//164
f 811//161 815//165 817//167 813//163
f 814//164 708//58 707//57 815//165
f 814//164 816//166 713//63 708//58
f 815//165 707//57 818//168 817//167
f 707//57 706//56 819//169 818//168
f 706//56 710//60 820//170 819//169
f 710//60 715//65 821//171 820//170
f 715//65 718//68 822//172 821//171
f 718//68 721//71 823//173 822//172
f 721//71 724//74 824//174 823//173
f 724//74 728//78 825//175 824//174
f 728//78 731//81 826//176 825//175
f 731//81 734//84 827//177 826//176
f 734//84 737//87 828//178 827//177
f 737//87 740//90 829//179 828//178
f 740//90 743//93 830//180 829//179
f 743//93 746//96 831//181 830//180
f 746//96 749//99 832//182 831//181
f 749//99 833//183 834//184 832//182
f 749//99 748//98 835//185 833//183
f 833//183 836//186 837//187 834//184
f 833//183 835//185 838//188 836//186
f 836//186 839//189 840//190 837//187
f 836//186 838//188 841//191 839//189
f 839//189 842//192 843//193 840//190
f 839//189 841//191 844//194 842//192
f 842//192 845//195 846//196 843//193
f 842//192 844//194 847//197 845//195
f 845//195 848//198 849//199 846//196
f 845//195 847//197 850//200 848//198
f 848//198 851//201 852//202 849//199
f 848//198 850//200 853//203 851//201
f 851//201 854//204 855//205 852//202
f 851//201 853//203 856//206 854//204
f 854//204 857//207 858//208 855//205
f 854//204 856//206 859//209 857//207
f 857//207 859//209 755//105 754//104
f 857//207 754//104 757//107 858//208
f 659//9 860//210 861//211 657//7
f 659//9 776//126 779//129 860//210
f 657//7 861//211 862//212 658//8
f 863//213 864//214 865//215 866//216
f 863//213 867//217 868//218 864//214
f 863//213 869//219 870//220 867//217
f 863//213 866//216 871//221 869//219
f 866//216 865//215 872//222 873//223
f 866//216 873//223 874//224 871//221
f 875//225 876//226 877//227 878//228
f 875//225 879//229 880//230 876//226
f 875//225 881//231 882//232 879//229
f 875//225 878//228 883//233 881//231
f 878//228 877//227 884//234 885//235
f 878//228 885//235 886//236 883//233
f 885//235 884//234 887//237 888//238
f 885//235 888//238 889//239 886//236
f 888//238 887//237 890//240 891//241
f 888//238 891//241 892//242 889//239
f 891//241 893//243 894//244 892//242
f 891//241 890//240 895//245 893//243
f 896//246 897//247 898//248 899//249
f 896//246 900//250 901//251 897//247
f 896//246 902//252 903//253 900//250
f 896//246 899//249 904//254 902//252
f 899//249 898//248 905//255 906//256
f 899//249 906//256 907//257 904//254
f 906//256 905//255 908//258 909//259
f 906//256 909//259 910//260 907//257
f 909//259 908//258 911//261 912//262
f 909//259 912//262 913//263 910//260
f 912//262 914//264 915//265 913//263
f 912//262 911//261 916//266 914//264
f 914//264 917//267 918//268 915//265
f 914//264 916//266 919//269 917//267
f 917//267 920//270 921//271 918//268
f 917//267 919//269 922//272 920//270
f 923//273 924//274 925//275 926//276
f 923//273 922//272 927//277 924//274
f 923//273 928//278 920//270 922//272
f 923//273 926//276 929//279 928//278
f 926//276 925//275 930//280 931//281
f 926//276 931//281 932//282 929//279
f 931//281 930//280 933//283 934//284
f 931//281 934//284 935//285 932//282
f 934//284 933//283 936//286 937//287
f 934//284 937//287 938//288 935//285
f 937//287 939//289 940//290 938//288
f 937//287 936//286 941//291 939//289
f 939//289 942//292 943//293 940//290
f 939//289 941//291 944//294 942//292
f 942//292 945//295 946//296 943//293
f 942//292 944//294 947//297 945//295
f 693//43 948//298 949//299 696//46
f 693//43 690//40 950//300 948//298
f 696//46 949//299 951//301 699//49
f 699//49 951//301 952//302 702//52
f 702//52 953//303 812//162 703//53
f 702//52 952//302 954//304 953//303
f 953//303 955//305 816//166 812//162
f 953//303 954//304 956//306 955//305
f 955//305 957//307 713//63 816//166
f 955//305 956//306 958//308 957//307
f 957//307 959//309 711//61 713//63
f 957//307 958//308 960//310 959//309
f 959//309 961//311 712//62 711//61
f 959//309 960//310 962//312 961//311
f 961//311 963//313 716//66 712//62
f 961//311 962//312 964//314 963//313
f 963//313 965//315 719//69 716//66
f 963//313 964//314 966//316 965//315
f 965//315 967//317 722//72 719//69
f 965//315 966//316 968//318 967//317
f 967//317 969//319 725//75 722//72
f 967//317 968//318 970//320 969//319
f 969//319 971//321 726//76 725//75
f 969//319 970//320 972//322 971//321
f 971//321 973//323 729//79 726//76
f 971//321 972//322 974//324 973//323
f 973//323 975//325 732//82 729//79
f 973//323 974//324 976//326 975//325
f 975//325 977//327 735//85 732//82
f 975//325 976//326 978//328 977//327
f 977//327 979//329 738//88 735//85
f 977//327 978//328 980//330 979//329
f 979//329 981//331 741//91 738//88
f 979//329 980//330 982//332 981//331
f 981//331 983//333 744//94 741//91
f 981//331 982//332 984//334 983//333
f 983//333 985//335 747//97 744//94
f 983//333 984//334 986//336 985//335
f 985//335 987//337 988//338 747//97
f 985//335 986//336 989//339 987//337
f 747//97 988//338 835//185 748//98
f 987//337 990//340 991//341 988//338
f 987//337 989//339 992//342 990//340
f 988//338 991//341 838//188 835//185
f 990//340 993//343 994//344 991//341
f 990//340 992//342 995//345 993//343
f 991//341 994//344 841//191 838//188
f 993//343 996//346 997//347 994//344
f 993//343 995//345 998//348 996//346
f 994//344 997//347 844//194 841//191
f 996//346 999//349 1000//350 997//347
f 996//346 998//348 1001//351 999//349
f 997//347 1000//350 847//197 844//194
f 999//349 1002//352 1003//353 1000//350
f 999//349 1001//351 1004//354 1002//352
f 1000//350 1003//353 850//200 847//197
f 1002//352 1005//355 1006//356 1003//353
f 1002//352 1004//354 1007//357 1005//355
f 1003//353 1006//356 853//203 850//200
f 1005//355 1008//358 1009//359 1006//356
f 1005//355 1007//357 1010//360 1008//358
f 1006//356 1009//359 856//206 853//203
f 1008//358 1011//361 1012//362 1009//359
f 1008//358 1010//360 1013//363 1011//361
f 1009//359 1012//362 859//209 856//206
f 1011//361 1014//364 1015//365 1012//362
f 1011//361 1013//363 1016//366 1014//364
f 1012//362 1015//365 755//105 859//209
f 1014//364 1017//367 1018//368 1015//365
f 1014//364 1016//366 1019//369 1017//367
f 1015//365 1018//368 751//101 755//105
f 1017//367 1020//370 1021//371 1018//368
f 1017//367 1019//369 1022//372 1020//370
f 1018//368 1021//371 752//102 751//101
f 1020//370 1023//373 1024//374 1021//371
f 1020//370 1022//372 1025//375 1023//373
f 1021//371 1024//374 759//109 752//102
f 1023//373 1026//376 1027//377 1024//374
f 1023//373 1025//375 1028//378 1026//376
f 1024//374 1027//377 762//112 759//109
f 1026//376 1029//379 1030//380 1027//377
f 1026//376 1028//378 1031//381 1029//379
f 1027//377 1030//380 765//115 762//112
f 1029//379 1032//382 1033//383 1030//380
f 1029//379 1031//381 1034//384 1032//382
f 1030//380 1033//383 768//118 765//115
f 1032//382 1035//385 1036//386 1033//383
f 1032//382 1034//384 1037//387 1035//385
f 1033//383 1036//386 771//121 768//118
f 1035//385 1038//388 1039//389 1036//386
f 1035//385 1037//387 1040//390 1038//388
f 1036//386 1039//389 1041//391 771//121
f 771//121 1041//391 1042//392 772//122
f 1038//388 1043//393 1044//394 1039//389
f 1038//388 1040//390 1045//395 1043//393
f 1039//389 1044//394 1046//396 1041//391
f 1041//391 1046//396 1047//397 1042//392
f 1043//393 1048//398 1049//399 1044//394
f 1043//393 1045//395 1050//400 1048//398
f 1044//394 1049//399 1051//401 1046//396
f 1046//396 1051//401 1052//402 1047//397
f 1048//398 1053//403 1054//404 1049//399
f 1048//398 1050//400 1055//405 1053//403
f 1049//399 1054//404 1056//406 1051//401
f 1051//401 1056//406 1057//407 1052//402
f 1052//402 1058//408 1059//409 1047//397
f 1052//402 1057//407 1060//410 1058//408
f 1053//403 1061//411 1062//412 1054//404
f 1053//403 1055//405 1063//413 1061//411
f 1054//404 1062//412 1064//414 1056//406
f 1056//406 1064//414 1065//415 1057//407
f 1057//407 1065//415 1066//416 1060//410
f 1061//411 1067//417 1068//418 1062//412
f 1061//411 1063//413 1069//419 1067//417
f 1062//412 1068//418 1070//420 1064//414
f 1064//414 1070//420 1071//421 1065//415
f 1065//415 1071//421 1072//422 1066//416
f 1067//417 1073//423 1074//424 1068//418
f 1067//417 1069//419 1075//425 1073//423
f 1068//418 1074//424 1076//426 1070//420
f 1070//420 1076//426 1077//427 1071//421
f 1071//421 1077//427 1078//428 1072//422
f 1073//423 1079//429 1080//430 1074//424
f 1073//423 1075//425 1081//431 1079//429
f 1074//424 1080//430 1082//432 1076//426
f 1076//426 1082//432 1083//433 1077//427
f 1077//427 1083//433 1084//434 1078//428
f 1079//429 1085//435 1086//436 1080//430
f 1079//429 1081//431 1087//437 1085//435
f 1080//430 1086//436 1088//438 1082//432
f 1082//432 1088//438 1089//439 1083//433
f 1083//433 1089//439 1090//440 1084//434
f 1085//435 1091//441 1092//442 1086//436
f 1085//435 1087//437 1093//443 1091//441
f 1086//436 1092//442 1094//444 1088//438
f 1088//438 1094//444 1095//445 1089//439
f 1089//439 1095//445 1096//446 1090//440
f 1091//441 1097//447 1098//448 1092//442
f 1091//441 1093//443 1099//449 1097//447
f 1092//442 1098//448 1100//450 1094//444
f 1094//444 1100//450 1101//451 1095//445
f 1095//445 1101//451 1102//452 1096//446
f 1097//447 1103//453 1104//454 1098//448
f 1097//447 1099//449 1105//455 1103//453
f 1098//448 1104//454 1106//456 1100//450
f 1100//450 1106//456 1107//457 1101//451
f 1101//451 1107//457 1108//458 1102//452
f 1103//453 1109//459 1110//460 1104//454
f 1103//453 1105//455 1111//461 1109//459
f 1104//454 1110//460 1112//462 1106//456
f 1106//456 1112//462 1113//463 1107//457
f 1107//457 1113//463 1114//464 1108//458
f 1109//459 1115//465 1116//466 1110//460
f 1109//459 1111//461 1117//467 1115//465
f 1110//460 1116//466 1118//468 1112//462
f 1112//462 1118//468 1119//469 1113//463
f 1113//463 1119//469 1120//470 1114//464
f 1115//465 1121//471 1122//472 1116//466
f 1115//465 1117//467 1123//473 1121//471
f 1116//466 1122//472 1124//474 1118//468
f 1118//468 1124//474 1125//475 1119//469
f 1119//469 1125//475 1126//476 1120//470
f 1121//471 1127//477 1128//478 1122//472
f 1121//471 1123//473 1129//479 1127//477
f 1122//472 1128//478 1130//480 1124//474
f 1124//474 1130//480 1131//481 1125//475
f 1125//475 1131//481 1132//482 1126//476
f 1127//477 1133//483 1134//484 1128//478
f 1127//477 1129//479 1135//485 1133//483
f 1128//478 1134//484 1136//486 1130//480
f 1130//480 1136//486 1137//487 1131//481
f 1131//481 1137//487 1138//488 1132//482
f 1133//483 1139//489 1140//490 1134//484
f 1133//483 1135//485 1141//491 1139//489
f 1134//484 1140//490 1142//492 1136//486
f 1136//486 1142//492 1143//493 1137//487
f 1137//487 1143//493 1144//494 1138//488
f 1139//489 1145//495 1146//496 1140//490
f 1139//489 1141//491 1147//497 1145//495
f 1140//490 1146//496 1148//498 1142//492
f 1142//492 1148//498 1149//499 1143//493
f 1143//493 1149//499 1150//500 1144//494
f 1145//495 1151//501 1152//502 1146//496
f 1145//495 1147//497 1153//503 1151//501
f 1146//496 1152//502 1154//504 1148//498
f 1148//498 1154//504 1155//505 1149//499
f 1149//499 1155//505 1156//506 1150//500
f 1151//501 1157//507 1158//508 1152//502
f 1151//501 1153//503 1159//509 1157//507
f 1152//502 1158//508 1160//510 1154//504
f 1154//504 1160//510 1161//511 1155//505
f 1155//505 1161//511 1162//512 1156//506
f 1157//507 1163//513 1164//514 1158//508
f 1157//507 1159//509 1165//515 1163//513
f 1158//508 1164//514 1166//516 1160//510
f 1160//510 1166//516 1167//517 1161//511
f 1161//511 1167//517 1168//518 1162//512
f 1163//513 1169//519 1170//520 1164//514
f 1163//513 1165//515 1171//521 1169//519
f 1164//514 1170//520 1172//522 1166//516
f 1166//516 1172//522 1173//523 1167//517
f 1167//517 1173//523 1174//524 1168//518
f 1169//519 1175//525 1176//526 1170//520
f 1169//519 1171//521 1177//527 1175//525
f 1170//520 1176//526 868//218 1172//522
f 1172//522 868//218 867//217 1173//523
f 1173//523 867//217 870//220 1174//524
f 1175//525 1178//528 1179//529 1176//526
f 1175//525 1177//527 1180//530 1178//528
f 1176//526 1179//529 864//214 868//218
f 1178//528 1181//531 1182//532 1179//529
f 1178//528 1180//530 1183//533 1181//531
f 1179//529 1182//532 865//215 864//214
f 1181//531 1184//534 1185//535 1182//532
f 1181//531 1183//533 1186//536 1184//534
f 1182//532 1185//535 872//222 865//215
f 1184//534 1187//537 1188//538 1185//535
f 1184//534 1186//536 1189//539 1187//537
f 1185//535 1188//538 1190//540 872//222
f 872//222 1190//540 1191//541 873//223
f 1187//537 1192//542 1193//543 1188//538
f 1187//537 1189//539 1194//544 1192//542
f 1188//538 1193//543 1195//545 1190//540
f 1190//540 1195//545 1196//546 1191//541
f 1192//542 1197//547 1198//548 1193//543
f 1192//542 1194//544 1199//549 1197//547
f 1193//543 1198//548 1200//550 1195//545
f 1195//545 1200//550 1201//551 1196//546
f 1197//547 1202//552 1203//553 1198//548
f 1197//547 1199//549 1204//554 1202//552
f 1198//548 1203//553 1205//555 1200//550
f 1200//550 1205//555 1206//556 1201//551
f 1202//552 1207//557 880//230 1203//553
f 1202//552 1204//554 1208//558 1207//557
f 1203//553 880//230 879//229 1205//555
f 1205//555 879//229 882//232 1206//556
f 1207//557 1209//559 876//226 880//230
f 1207//557 1208//558 1210//560 1209//559
f 1209//559 1211//561 877//227 876//226
f 1209//559 1210//560 1212//562 1211//561
f 1211//561 1213//563 884//234 877//227
f 1211//561 1212//562 1214//564 1213//563
f 1213//563 1215//565 887//237 884//234
f 1213//563 1214//564 1216//566 1215//565
f 1215//565 1217//567 890//240 887//237
f 1215//565 1216//566 1218//568 1217//567
f 1217//567 1219//569 895//245 890//240
f 1217//567 1218//568 1220//570 1219//569
f 1219//569 1221//571 1222//572 895//245
f 1219//569 1220//570 1223//573 1221//571
f 895//245 1222//572 1224//574 893//243
f 1221//571 901//251 900//250 1222//572
f 1221//571 1223//573 1225//575 901//251
f 1222//572 900//250 903//253 1224//574
f 901//251 1225//575 1226//576 897//247
f 897//247 1226//576 1227//577 898//248
f 898//248 1227//577 1228//578 905//255
f 905//255 1228//578 1229//579 908//258
f 908//258 1229//579 1230//580 911//261
f 911//261 1230//580 1231//581 916//266
f 916//266 1231//581 1232//582 919//269
f 919//269 1232//582 927//277 922//272
f 655//5 1233//583 1234//584 656//6
f 655//5 658//8 862//212 1233//583
f 656//6 1234//584 1235//585 662//12
f 662//12 1235//585 1236//586 665//15
f 665//15 1236//586 1237//587 668//18
f 668//18 1237//587 1238//588 671//21
f 671//21 1238//588 1239//589 674//24
f 674//24 1239//589 1240//590 677//27
f 677//27 1240//590 1241//591 680//30
f 680//30 1241//591 1242//592 681//31
f 681//31 1242//592 1243//593 684//34
f 684//34 1243//593 1244//594 687//37
f 687//37 1244//594 950//300 690//40
f 772//122 1042//392 1245//595 773//123
f 1042//392 1047//397 1059//409 1245//595
f 873//223 1191//541 1246//596 874//224
f 1191//541 1196//546 1247//597 1246//596
f 1196//546 1201//551 1248//598 1247//597
f 1201//551 1206//556 1249//599 1248//598
f 1206//556 882//232 1250//600 1249//599
f 882//232 881//231 1251//601 1250//600
f 881//231 883//233 1252//602 1251//601
f 883//233 886//236 1253//603 1252//602
f 886//236 889//239 1254//604 1253//603
f 889//239 892//242 1255//605 1254//604
f 892//242 894//244 1256//606 1255//605
f 893//243 1224//574 1257//607 894//244
f 894//244 1257//607 1258//608 1256//606
f 1224//574 903//253 1259//609 1257//607
f 1257//607 1259//609 1260//610 1258//608
f 903//253 902//252 1261//611 1259//609
f 1259//609 1261//611 1262//612 1260//610
f 902//252 904//254 1263//613 1261//611
f 1261//611 1263//613 1264//614 1262//612
f 904//254 907//257 1265//615 1263//613
f 1263//613 1265//615 1266//616 1264//614
f 907//257 910//260 1267//617 1265//615
f 1265//615 1267//617 1268//618 1266//616
f 910//260 913//263 1269//619 1267//617
f 1267//617 1269//619 1270//620 1268//618
f 913//263 915//265 1271//621 1269//619
f 1269//619 1271//621 1272//622 1270//620
f 915//265 918//268 1273//623 1271//621
f 1271//621 1273//623 1274//624 1272//622
f 918//268 921//271 1275//625 1273//623
f 1273//623 1275//625 1276//626 1274//624
f 920//270 928//278 1277//627 921//271
f 921//271 1277//627 1278//628 1275//625
f 1275//625 1278//628 1279//629 1276//626
f 928//278 929//279 1280//630 1277//627
f 1277//627 1280//630 1281//631 1278//628
f 1278//628 1281//631 1282//632 1279//629
f 929//279 932//282 1283//633 1280//630
f 1280//630 1283//633 1284//634 1281//631
f 1281//631 1284//634 1285//635 1282//632
f 932//282 935//285 1286//636 1283//633
f 1283//633 1286//636 1287//637 1284//634
f 1284//634 1287//637 1288//638 1285//635
f 935//285 938//288 1289//639 1286//636
f 1286//636 1289//639 1290//640 1287//637
f 1287//637 1290//640 1291//641 1288//638
f 938//288 940//290 1292//642 1289//639
f 1289//639 1292//642 1293//643 1290//640
f 1290//640 1293//643 1294//644 1291//641
f 940//290 943//293 1295//645 1292//642
f 1292//642 1295//645 1296//646 1293//643
f 1293//643 1296//646 1297//647 1294//644
f 943//293 946//296 1298//648 1295//645
f 1295//645 1298//648 1299//649 1296//646
f 1296//646 1299//649 1300//650 1297//647
s 8
f 1//651 36//652 38//653 2//654
f 1//651 2//654 339//655 338//656
f 1//651 338//656 647//657 101//658
f 1//651 101//658 100//659 36//652
f 2//654 38//653 40//660 3//661
f 2//654 3//661 340//662 339//655
f 3//661 40//660 42//663 4//664
f 3//661 4//664 341//665 340//662
f 4//664 42//663 44//666 5//667
f 4//664 5//667 342//668 341//665
f 5//667 44//666 46//669 6//670
f 5//667 6//670 343//671 342//668
f 6//670 46//669 48//672 7//673
f 6//670 7//673 344//674 343//671
f 7//673 48//672 50//675 8//676
f 7//673 8//676 345//677 344//674
f 8//676 50//675 52//678 9//679
f 8//676 9//679 346//680 345//677
f 9//679 10//681 347//682 346//680
f 9//679 52//678 54//683 10//681
f 10//681 11//684 348//685 347//682
f 10//681 54//683 56//686 11//684
f 11//684 12//687 349//688 348//685
f 11//684 56//686 58//689 12//687
f 12//687 13//690 350//691 349//688
f 12//687 58//689 60//692 13//690
f 13//690 14//693 123//694 350//691
f 13//690 60//692 62//695 14//693
f 14//693 15//696 124//697 123//694
f 14//693 62//695 64//698 15//696
f 15//696 16//699 125//700 124//697
f 15//696 64//698 66//701 16//699
f 16//699 351//702 126//703 125//700
f 16//699 66//701 68//704 351//702
f 17//705 74//706 75//707 76//708
f 17//705 76//708 77//709 18//710
f 17//705 18//710 356//711 355//712
f 17//705 355//712 354//713 74//706
f 18//710 77//709 78//714 19//715
f 18//710 19//715 357//716 356//711
f 19//715 78//714 79//717 20//718
f 19//715 20//718 358//719 357//716
f 20//718 79//717 80//720 21//721
f 20//718 21//721 359//722 358//719
f 21//721 80//720 81//723 22//724
f 21//721 22//724 360//725 359//722
f 22//724 23//726 361//727 360//725
f 22//724 81//723 82//728 23//726
f 23//726 24//729 138//730 361//727
f 23//726 82//728 83//731 24//729
f 24//729 25//732 140//733 138//730
f 24//729 83//731 84//734 25//732
f 25//732 26//735 142//736 140//733
f 25//732 84//734 85//737 26//735
f 26//735 27//738 144//739 142//736
f 26//735 85//737 86//740 27//738
f 27//738 28//741 146//742 144//739
f 27//738 86//740 87//743 28//741
f 28//741 29//744 148//745 146//742
f 28//741 87//743 88//746 29//744
f 29//744 362//747 150//748 148//745
f 29//744 88//746 89//749 362//747
f 30//750 31//751 180//752 177//753
f 30//750 177//753 174//754 99//755
f 30//750 99//755 472//756 473//757
f 30//750 473//757 474//758 31//751
f 31//751 32//759 183//760 180//752
f 31//751 474//758 475//761 32//759
f 32//759 33//762 186//763 183//760
f 32//759 475//761 476//764 33//762
f 33//762 34//765 189//766 186//763
f 33//762 476//764 477//767 34//765
f 34//765 35//768 192//769 189//766
f 34//765 477//767 478//770 35//768
f 35//768 369//771 195//772 192//769
f 35//768 478//770 479//773 369//771
f 36//652 37//774 39//775 38//653
f 36//652 100//659 648//776 37//774
f 37//774 429//777 430//778 39//775
f 37//774 648//776 428//779 429//777
f 38//653 39//775 41//780 40//660
f 39//775 430//778 431//781 41//780
f 40//660 41//780 43//782 42//663
f 41//780 431//781 432//783 43//782
f 42//663 43//782 45//784 44//666
f 43//782 432//783 433//785 45//784
f 44//666 45//784 47//786 46//669
f 45//784 433//785 434//787 47//786
f 46//669 47//786 49//788 48//672
f 47//786 434//787 435//789 49//788
f 48//672 49//788 51//790 50//675
f 49//788 435//789 436//791 51//790
f 50//675 51//790 53//792 52//678
f 51//790 436//791 437//793 53//792
f 52//678 53//792 55//794 54//683
f 53//792 437//793 438//795 55//794
f 54//683 55//794 57//796 56//686
f 55//794 438//795 439//797 57//796
f 56//686 57//796 59//798 58//689
f 57//796 439//797 440//799 59//798
f 58//689 59//798 61//800 60//692
f 59//798 440//799 441//801 61//800
f 60//692 61//800 63//802 62//695
f 61//800 441//801 442//803 63//802
f 62//695 63//802 65//804 64//698
f 63//802 442//803 443//805 65//804
f 64//698 65//804 67//806 66//701
f 65//804 443//805 444//807 67//806
f 66//701 67//806 69//808 68//704
f 67//806 444//807 445//809 69//808
f 68//704 69//808 71//810 70//811
f 68//704 70//811 352//812 351//702
f 69//808 445//809 446//813 71//810
f 70//811 71//810 73//814 72//815
f 70//811 72//815 353//816 352//812
f 71//810 446//813 447//817 73//814
f 72//815 73//814 75//707 74//706
f 72//815 74//706 354//713 353//816
f 73//814 447//817 448//818 75//707
f 75//707 448//818 449//819 76//708
f 76//708 449//819 450//820 77//709
f 77//709 450//820 451//821 78//714
f 78//714 451//821 452//822 79//717
f 79//717 452//822 453//823 80//720
f 80//720 453//823 454//824 81//723
f 81//723 454//824 455//825 82//728
f 82//728 455//825 456//826 83//731
f 83//731 456//826 457//827 84//734
f 84//734 457//827 458//828 85//737
f 85//737 458//828 459//829 86//740
f 86//740 459//829 460//830 87//743
f 87//743 460//830 461//831 88//746
f 88//746 461//831 462//832 89//749
f 89//749 462//832 463//833 90//834
f 89//749 90//834 363//835 362//747
f 90//834 463//833 464//836 91//837
f 90//834 91//837 364//838 363//835
f 91//837 464//836 465//839 92//840
f 91//837 92//840 365//841 364//838
f 92//840 465//839 466//842 93//843
f 92//840 93//843 366//844 365//841
f 93//843 466//842 467//845 94//846
f 93//843 94//846 367//847 366//844
f 94//846 467//845 468//848 95//849
f 94//846 95//849 368//850 367//847
f 95//849 468//848 469//851 96//852
f 95//849 96//852 165//853 368//850
f 96//852 469//851 470//854 97//855
f 96//852 97//855 168//856 165//853
f 97//855 470//854 471//857 98//858
f 97//855 98//858 171//859 168//856
f 98//858 99//755 174//754 171//859
f 98//858 471//857 472//756 99//755
f 100//659 101//658 603//860 604//861
f 100//659 604//861 428//779 648//776
f 101//658 647//657 602//862 603//860
f 102//863 103//864 295//865 292//866
f 102//863 292//866 288//867 289//868
f 102//863 289//868 612//869 613//870
f 102//863 613//870 614//871 103//864
f 103//864 372//872 298//873 295//865
f 103//864 614//871 615//874 372//872
f 104//875 105//876 317//877 315//878
f 104//875 315//878 312//879 313//880
f 104//875 313//880 377//881 378//882
f 104//875 378//882 379//883 105//876
f 105//876 106//884 319//885 317//877
f 105//876 379//883 380//886 106//884
f 106//884 107//887 321//888 319//885
f 106//884 380//886 381//889 107//887
f 107//887 108//890 323//891 321//888
f 107//887 381//889 382//892 108//890
f 108//890 382//892 384//893 383//894
f 108//890 383//894 325//895 323//891
f 109//896 110//897 331//898 330//899
f 109//896 330//899 328//900 329//901
f 109//896 329//901 387//902 389//903
f 109//896 389//903 391//904 110//897
f 110//897 111//905 332//906 331//898
f 110//897 391//904 393//907 111//905
f 111//905 112//908 333//909 332//906
f 111//905 393//907 395//910 112//908
f 112//908 113//911 334//912 333//909
f 112//908 395//910 397//913 113//911
f 113//911 397//913 399//914 114//915
f 113//911 114//915 335//916 334//912
f 114//915 399//914 401//917 115//918
f 114//915 115//918 336//919 335//916
f 115//918 401//917 404//920 403//921
f 115//918 403//921 337//922 336//919
f 116//923 117//924 596//925 595//926
f 116//923 595//926 594//927 337//922
f 116//923 337//922 403//921 406//928
f 116//923 406//928 409//929 117//924
f 117//924 118//930 597//931 596//925
f 117//924 409//929 412//932 118//930
f 118//930 119//933 598//934 597//931
f 118//930 412//932 415//935 119//933
f 119//933 120//936 599//937 598//934
f 119//933 415//935 418//938 120//936
f 120//936 418//938 421//939 121//940
f 120//936 121//940 600//941 599//937
f 121//940 421//939 424//942 122//943
f 121//940 122//943 601//944 600//941
f 122//943 424//942 644//945 427//946
f 122//943 427//946 650//947 601//944
f 123//694 124//697 510//948 509//949
f 123//694 509//949 508//950 350//691
f 124//697 125//700 511//951 510//948
f 125//700 126//703 512//952 511//951
f 126//703 351//702 352//812 127//953
f 126//703 127//953 513//954 512//952
f 127//953 352//812 353//816 128//955
f 127//953 128//955 514//956 513//954
f 128//955 353//816 354//713 129//957
f 128//955 129//957 515//958 514//956
f 129//957 354//713 355//712 130//959
f 129//957 130//959 516//960 515//958
f 130//959 355//712 356//711 131//961
f 130//959 131//961 517//962 516//960
f 131//961 356//711 357//716 132//963
f 131//961 132//963 518//964 517//962
f 132//963 357//716 358//719 133//965
f 132//963 133//965 519//966 518//964
f 133//965 358//719 359//722 134//967
f 133//965 134//967 520//968 519//966
f 134//967 359//722 360//725 135//969
f 134//967 135//969 521//970 520//968
f 135//969 360//725 361//727 136//971
f 135//969 136//971 522//972 521//970
f 136//971 361//727 138//730 137//973
f 136//971 137//973 523//974 522//972
f 137//973 138//730 140//733 139//975
f 137//973 139//975 524//976 523//974
f 139//975 140//733 142//736 141//977
f 139//975 141//977 525//978 524//976
f 141//977 142//736 144//739 143//979
f 141//977 143//979 526//980 525//978
f 143//979 144//739 146//742 145//981
f 143//979 145//981 527//982 526//980
f 145//981 146//742 148//745 147//983
f 145//981 147//983 528//984 527//982
f 147//983 148//745 150//748 149//985
f 147//983 149//985 529//986 528//984
f 149//985 150//748 152//987 151//988
f 149//985 151//988 530//989 529//986
f 150//748 362//747 363//835 152//987
f 151//988 152//987 154//990 153//991
f 151//988 153//991 531//992 530//989
f 152//987 363//835 364//838 154//990
f 153//991 154//990 156//993 155//994
f 153//991 155//994 532//995 531//992
f 154//990 364//838 365//841 156//993
f 155//994 156//993 158//996 157//997
f 155//994 157//997 533//998 532//995
f 156//993 365//841 366//844 158//996
f 157//997 158//996 160//999 159//1000
f 157//997 159//1000 534//1001 533//998
f 158//996 366//844 367//847 160//999
f 159//1000 160//999 162//1002 161//1003
f 159//1000 161//1003 535//1004 534//1001
f 160//999 367//847 368//850 162//1002
f 161//1003 162//1002 164//1005 163//1006
f 161//1003 163//1006 536//1007 535//1004
f 162//1002 368//850 165//853 164//1005
f 163//1006 164//1005 167//1008 166//1009
f 163//1006 166//1009 537//1010 536//1007
f 164//1005 165//853 168//856 167//1008
f 166//1009 167//1008 170//1011 169//1012
f 166//1009 169//1012 538//1013 537//1010
f 167//1008 168//856 171//859 170//1011
f 169//1012 170//1011 173//1014 172//1015
f 169//1012 172//1015 539//1016 538//1013
f 170//1011 171//859 174//754 173//1014
f 172//1015 173//1014 176//1017 175//1018
f 172//1015 175//1018 540//1019 539//1016
f 173//1014 174//754 177//753 176//1017
f 175//1018 176//1017 179//1020 178//1021
f 175//1018 178//1021 541//1022 540//1019
f 176//1017 177//753 180//752 179//1020
f 178//1021 179//1020 182//1023 181//1024
f 178//1021 181//1024 542//1025 541//1022
f 179//1020 180//752 183//760 182//1023
f 181//1024 182//1023 185//1026 184//1027
f 181//1024 184//1027 543//1028 542//1025
f 182//1023 183//760 186//763 185//1026
f 184//1027 185//1026 188//1029 187//1030
f 184//1027 187//1030 544//1031 543//1028
f 185//1026 186//763 189//766 188//1029
f 187//1030 188//1029 191//1032 190//1033
f 187//1030 190//1033 545//1034 544//1031
f 188//1029 189//766 192//769 191//1032
f 190//1033 191//1032 194//1035 193//1036
f 190//1033 193//1036 546//1037 545//1034
f 191//1032 192//769 195//772 194//1035
f 193//1036 194//1035 197//1038 196//1039
f 193//1036 196//1039 547//1040 546//1037
f 194//1035 195//772 198//1041 197//1038
f 195//772 369//771 370//1042 198//1041
f 196//1039 197//1038 200//1043 199//1044
f 196//1039 199//1044 548//1045 547//1040
f 197//1038 198//1041 201//1046 200//1043
f 198//1041 370//1042 371//1047 201//1046
f 199//1044 200//1043 203//1048 202//1049
f 199//1044 202//1049 549//1050 548//1045
f 200//1043 201//1046 204//1051 203//1048
f 201//1046 371//1047 205//1052 204//1051
f 202//1049 203//1048 207//1053 206//1054
f 202//1049 206//1054 550//1055 549//1050
f 203//1048 204//1051 208//1056 207//1053
f 204//1051 205//1052 209//1057 208//1056
f 205//1052 371//1047 481//1058 482//1059
f 205//1052 482//1059 483//1060 209//1057
f 206//1054 207//1053 211//1061 210//1062
f 206//1054 210//1062 551//1063 550//1055
f 207//1053 208//1056 212//1064 211//1061
f 208//1056 209//1057 213//1065 212//1064
f 209//1057 483//1060 484//1066 213//1065
f 210//1062 211//1061 215//1067 214//1068
f 210//1062 214//1068 552//1069 551//1063
f 211//1061 212//1064 216//1070 215//1067
f 212//1064 213//1065 217//1071 216//1070
f 213//1065 484//1066 485//1072 217//1071
f 214//1068 215//1067 219//1073 218//1074
f 214//1068 218//1074 553//1075 552//1069
f 215//1067 216//1070 220//1076 219//1073
f 216//1070 217//1071 221//1077 220//1076
f 217//1071 485//1072 486//1078 221//1077
f 218//1074 219//1073 223//1079 222//1080
f 218//1074 222//1080 554//1081 553//1075
f 219//1073 220//1076 224//1082 223//1079
f 220//1076 221//1077 225//1083 224//1082
f 221//1077 486//1078 487//1084 225//1083
f 222//1080 223//1079 227//1085 226//1086
f 222//1080 226//1086 555//1087 554//1081
f 223//1079 224//1082 228//1088 227//1085
f 224//1082 225//1083 229//1089 228//1088
f 225//1083 487//1084 488//1090 229//1089
f 226//1086 227//1085 231//1091 230//1092
f 226//1086 230//1092 556//1093 555//1087
f 227//1085 228//1088 232//1094 231//1091
f 228//1088 229//1089 233//1095 232//1094
f 229//1089 488//1090 489//1096 233//1095
f 230//1092 231//1091 235//1097 234//1098
f 230//1092 234//1098 557//1099 556//1093
f 231//1091 232//1094 236//1100 235//1097
f 232//1094 233//1095 237//1101 236//1100
f 233//1095 489//1096 490//1102 237//1101
f 234//1098 235//1097 239//1103 238//1104
f 234//1098 238//1104 558//1105 557//1099
f 235//1097 236//1100 240//1106 239//1103
f 236//1100 237//1101 241//1107 240//1106
f 237//1101 490//1102 491//1108 241//1107
f 238//1104 239//1103 243//1109 242//1110
f 238//1104 242//1110 559//1111 558//1105
f 239//1103 240//1106 244//1112 243//1109
f 240//1106 241//1107 245//1113 244//1112
f 241//1107 491//1108 492//1114 245//1113
f 242//1110 243//1109 247//1115 246//1116
f 242//1110 246//1116 560//1117 559//1111
f 243//1109 244//1112 248//1118 247//1115
f 244//1112 245//1113 249//1119 248//1118
f 245//1113 492//1114 493//1120 249//1119
f 246//1116 247//1115 251//1121 250//1122
f 246//1116 250//1122 561//1123 560//1117
f 247//1115 248//1118 252//1124 251//1121
f 248//1118 249//1119 253//1125 252//1124
f 249//1119 493//1120 494//1126 253//1125
f 250//1122 251//1121 255//1127 254//1128
f 250//1122 254//1128 562//1129 561//1123
f 251//1121 252//1124 256//1130 255//1127
f 252//1124 253//1125 257//1131 256//1130
f 253//1125 494//1126 495//1132 257//1131
f 254//1128 255//1127 259//1133 258//1134
f 254//1128 258//1134 563//1135 562//1129
f 255//1127 256//1130 260//1136 259//1133
f 256//1130 257//1131 261//1137 260//1136
f 257//1131 495//1132 605//1138 261//1137
f 258//1134 259//1133 263//1139 262//1140
f 258//1134 262//1140 564//1141 563//1135
f 259//1133 260//1136 264//1142 263//1139
f 260//1136 261//1137 265//1143 264//1142
f 261//1137 605//1138 606//1144 265//1143
f 262//1140 263//1139 267//1145 266//1146
f 262//1140 266//1146 565//1147 564//1141
f 263//1139 264//1142 268//1148 267//1145
f 264//1142 265//1143 269//1149 268//1148
f 265//1143 606//1144 607//1150 269//1149
f 266//1146 267//1145 271//1151 270//1152
f 266//1146 270//1152 566//1153 565//1147
f 267//1145 268//1148 272//1154 271//1151
f 268//1148 269//1149 273//1155 272//1154
f 269//1149 607//1150 608//1156 273//1155
f 270//1152 271//1151 275//1157 274//1158
f 270//1152 274//1158 567//1159 566//1153
f 271//1151 272//1154 276//1160 275//1157
f 272//1154 273//1155 277//1161 276//1160
f 273//1155 608//1156 609//1162 277//1161
f 274//1158 275//1157 279//1163 278//1164
f 274//1158 278//1164 568//1165 567//1159
f 275//1157 276//1160 280//1166 279//1163
f 276//1160 277//1161 281//1167 280//1166
f 277//1161 609//1162 610//1168 281//1167
f 278//1164 279//1163 283//1169 282//1170
f 278//1164 282//1170 569//1171 568//1165
f 279//1163 280//1166 284//1172 283//1169
f 280//1166 281//1167 285//1173 284//1172
f 281//1167 610//1168 611//1174 285//1173
f 282//1170 283//1169 287//1175 286//1176
f 282//1170 286//1176 570//1177 569//1171
f 283//1169 284//1172 288//867 287//1175
f 284//1172 285//1173 289//868 288//867
f 285//1173 611//1174 612//869 289//868
f 286//1176 287//1175 291//1178 290//1179
f 286//1176 290//1179 571//1180 570//1177
f 287//1175 288//867 292//866 291//1178
f 290//1179 291//1178 294//1181 293//1182
f 290//1179 293//1182 572//1183 571//1180
f 291//1178 292//866 295//865 294//1181
f 293//1182 294//1181 297//1184 296//1185
f 293//1182 296//1185 573//1186 572//1183
f 294//1181 295//865 298//873 297//1184
f 296//1185 297//1184 300//1187 299//1188
f 296//1185 299//1188 574//1189 573//1186
f 297//1184 298//873 301//1190 300//1187
f 298//873 372//872 373//1191 301//1190
f 299//1188 300//1187 303//1192 302//1193
f 299//1188 302//1193 575//1194 574//1189
f 300//1187 301//1190 304//1195 303//1192
f 301//1190 373//1191 374//1196 304//1195
f 302//1193 303//1192 306//1197 305//1198
f 302//1193 305//1198 576//1199 575//1194
f 303//1192 304//1195 307//1200 306//1197
f 304//1195 374//1196 375//1201 307//1200
f 305//1198 306//1197 309//1202 308//1203
f 305//1198 308//1203 577//1204 576//1199
f 306//1197 307//1200 310//1205 309//1202
f 307//1200 375//1201 376//1206 310//1205
f 308//1203 309//1202 312//879 311//1207
f 308//1203 311//1207 578//1208 577//1204
f 309//1202 310//1205 313//880 312//879
f 310//1205 376//1206 377//881 313//880
f 311//1207 312//879 315//878 314//1209
f 311//1207 314//1209 579//1210 578//1208
f 314//1209 315//878 317//877 316//1211
f 314//1209 316//1211 580//1212 579//1210
f 316//1211 317//877 319//885 318//1213
f 316//1211 318//1213 581//1214 580//1212
f 318//1213 319//885 321//888 320//1215
f 318//1213 320//1215 582//1216 581//1214
f 320//1215 321//888 323//891 322//1217
f 320//1215 322//1217 583//1218 582//1216
f 322//1217 323//891 325//895 324//1219
f 322//1217 324//1219 584//1220 583//1218
f 324//1219 325//895 327//1221 326//1222
f 324//1219 326//1222 585//1223 584//1220
f 325//895 383//894 385//1224 327//1221
f 326//1222 327//1221 329//901 328//900
f 326//1222 328//900 586//1225 585//1223
f 327//1221 385//1224 387//902 329//901
f 328//900 330//899 587//1226 586//1225
f 330//899 331//898 588//1227 587//1226
f 331//898 332//906 589//1228 588//1227
f 332//906 333//909 590//1229 589//1228
f 333//909 334//912 591//1230 590//1229
f 334//912 335//916 592//1231 591//1230
f 335//916 336//919 593//1232 592//1231
f 336//919 337//922 594//927 593//1232
f 338//656 339//655 497//1233 496//1234
f 338//656 496//1234 602//862 647//657
f 339//655 340//662 498//1235 497//1233
f 340//662 341//665 499//1236 498//1235
f 341//665 342//668 500//1237 499//1236
f 342//668 343//671 501//1238 500//1237
f 343//671 344//674 502//1239 501//1238
f 344//674 345//677 503//1240 502//1239
f 345//677 346//680 504//1241 503//1240
f 346//680 347//682 505//1242 504//1241
f 347//682 348//685 506//1243 505//1242
f 348//685 349//688 507//1244 506//1243
f 349//688 350//691 508//950 507//1244
f 369//771 479//773 480//1245 370//1042
f 370//1042 480//1245 481//1058 371//1047
f 372//872 615//874 616//1246 373//1191
f 373//1191 616//1246 617//1247 374//1196
f 374//1196 617//1247 618//1248 375//1201
f 375//1201 618//1248 619//1249 376//1206
f 376//1206 619//1249 620//1250 377//881
f 377//881 620//1250 621//1251 378//882
f 378//882 621//1251 622//1252 379//883
f 379//883 622//1252 623//1253 380//886
f 380//886 623//1253 624//1254 381//889
f 381//889 624//1254 625//1255 382//892
f 382//892 625//1255 626//1256 384//893
f 383//894 384//893 386//1257 385//1224
f 384//893 626//1256 627//1258 386//1257
f 385//1224 386//1257 388//1259 387//902
f 386//1257 627//1258 628//1260 388//1259
f 387//902 388//1259 390//1261 389//903
f 388//1259 628//1260 629//1262 390//1261
f 389//903 390//1261 392//1263 391//904
f 390//1261 629//1262 630//1264 392//1263
f 391//904 392//1263 394//1265 393//907
f 392//1263 630//1264 631//1266 394//1265
f 393//907 394//1265 396//1267 395//910
f 394//1265 631//1266 632//1268 396//1267
f 395//910 396//1267 398//1269 397//913
f 396//1267 632//1268 633//1270 398//1269
f 397//913 398//1269 400//1271 399//914
f 398//1269 633//1270 634//1272 400//1271
f 399//914 400//1271 402//1273 401//917
f 400//1271 634//1272 635//1274 402//1273
f 401//917 402//1273 405//1275 404//920
f 402//1273 635//1274 636//1276 405//1275
f 403//921 404//920 407//1277 406//928
f 404//920 405//1275 408//1278 407//1277
f 405//1275 636//1276 637//1279 408//1278
f 406//928 407//1277 410//1280 409//929
f 407//1277 408//1278 411//1281 410//1280
f 408//1278 637//1279 638//1282 411//1281
f 409//929 410//1280 413//1283 412//932
f 410//1280 411//1281 414//1284 413//1283
f 411//1281 638//1282 639//1285 414//1284
f 412//932 413//1283 416//1286 415//935
f 413//1283 414//1284 417//1287 416//1286
f 414//1284 639//1285 640//1288 417//1287
f 415//935 416//1286 419//1289 418//938
f 416//1286 417//1287 420//1290 419//1289
f 417//1287 640//1288 641//1291 420//1290
f 418//938 419//1289 422//1292 421//939
f 419//1289 420//1290 423//1293 422//1292
f 420//1290 641//1291 642//1294 423//1293
f 421//939 422//1292 425//1295 424//942
f 422//1292 423//1293 426//1296 425//1295
f 423//1293 642//1294 643//1297 426//1296
f 424//942 425//1295 645//1298 644//945
f 425//1295 426//1296 646//1299 645//1298
f 426//1296 643//1297 649//1300 646//1299
s 15
f 473//1301 472//1302 757//1303 756//1304
f 474//1305 473//1301 756//1304 758//1306
f 475//1307 474//1305 758//1306 761//1308
f 476//1309 475//1307 761//1308 764//1310
f 477//1311 476//1309 764//1310 767//1312
f 478//1313 477//1311 767//1312 770//1314
f 479//1315 478//1313 770//1314 773//1316
f 430//1317 429//1318 778//1319 777//1320
s off
f 429//1321 428//1322 779//1323 778//1324
s 15
f 431//1325 430//1317 777//1320 781//1326
f 432//1327 431//1325 781//1326 783//1328
f 433//1329 432//1327 783//1328 785//1330
f 434//1331 433//1329 785//1330 787//1332
f 435//1333 434//1331 787//1332 789//1334
f 436//1335 435//1333 789//1334 791//1336
f 437//1337 436//1335 791//1336 793//1338
f 438//1339 437//1337 793//1338 795//1340
f 439//1341 438//1339 795//1340 797//1342
f 440//1343 439//1341 797//1342 799//1344
f 441//1345 440//1343 799//1344 801//1346
f 442//1347 441//1345 801//1346 803//1348
f 443//1349 442//1347 803//1348 805//1350
f 444//1351 443//1349 805//1350 807//1352
f 445//1353 444//1351 807//1352 809//1354
f 446//1355 445//1353 809//1354 813//1356
f 447//1357 446//1355 813//1356 817//1358
f 448//1359 447//1357 817//1358 818//1360
f 449//1361 448//1359 818//1360 819//1362
f 450//1363 449//1361 819//1362 820//1364
f 451//1365 450//1363 820//1364 821//1366
f 452//1367 451//1365 821//1366 822//1368
f 453//1369 452//1367 822//1368 823//1370
f 454//1371 453//1369 823//1370 824//1372
f 455//1373 454//1371 824//1372 825//1374
f 456//1375 455//1373 825//1374 826//1376
f 457//1377 456//1375 826//1376 827//1378
f 458//1379 457//1377 827//1378 828//1380
f 459//1381 458//1379 828//1380 829//1382
f 460//1383 459//1381 829//1382 830//1384
f 461//1385 460//1383 830//1384 831//1386
f 462//1387 461//1385 831//1386 832//1388
f 463//1389 462//1387 832//1388 834//1390
f 464//1391 463//1389 834//1390 837//1392
f 465//1393 464//1391 837//1392 840//1394
f 466//1395 465//1393 840//1394 843//1396
f 467//1397 466//1395 843//1396 846//1398
f 468//1399 467//1397 846//1398 849//1400
f 469//1401 468//1399 849//1400 852//1402
f 470//1403 469//1401 852//1402 855//1404
f 471//1405 470//1403 855//1404 858//1406
f 472//1302 471//1405 858//1406 757//1303
s 17
f 604//1407 603//1408 861//1409 860//1410
f 428//1411 604//1407 860//1410 779//1412
f 603//1408 602//1413 862//1414 861//1409
s 15
f 613//1415 612//1416 870//1417 869//1418
f 614//1419 613//1415 869//1418 871//1420
f 615//1421 614//1419 871//1420 874//1422
s 17
f 595//1423 596//1424 925//1425 924//1426
f 594//1427 595//1423 924//1426 927//1428
f 596//1424 597//1429 930//1430 925//1425
f 597//1429 598//1431 933//1432 930//1430
f 598//1431 599//1433 936//1434 933//1432
f 599//1433 600//1435 941//1436 936//1434
f 600//1435 601//1437 944//1438 941//1436
s 20
f 427//1439 644//1440 946//1441 945//1442
s 17
f 601//1437 650//1443 947//1444 944//1438
s 20
f 650//1445 427//1439 945//1442 947//1446
s 17
f 509//1447 510//1448 949//1449 948//1450
f 508//1451 509//1447 948//1450 950//1452
f 510//1448 511//1453 951//1454 949//1449
f 511//1453 512//1455 952//1456 951//1454
f 512//1455 513//1457 954//1458 952//1456
f 513//1457 514//1459 956//1460 954//1458
f 514//1459 515//1461 958//1462 956//1460
f 515//1461 516//1463 960//1464 958//1462
f 516//1463 517//1465 962//1466 960//1464
f 517//1465 518//1467 964//1468 962//1466
f 518//1467 519//1469 966//1470 964//1468
f 519//1469 520//1471 968//1472 966//1470
f 520//1471 521//1473 970//1474 968//1472
f 521//1473 522//1475 972//1476 970//1474
f 522//1475 523//1477 974//1478 972//1476
f 523//1477 524//1479 976//1480 974//1478
f 524//1479 525//1481 978//1482 976//1480
f 525//1481 526//1483 980//1484 978//1482
f 526//1483 527//1485 982//1486 980//1484
f 527//1485 528//1487 984//1488 982//1486
f 528//1487 529//1489 986//1490 984//1488
f 529//1489 530//1491 989//1492 986//1490
f 530//1491 531//1493 992//1494 989//1492
f 531//1493 532//1495 995//1496 992//1494
f 532//1495 533//1497 998//1498 995//1496
f 533//1497 534//1499 1001//1500 998//1498
f 534//1499 535//1501 1004//1502 1001//1500
f 535//1501 536//1503 1007//1504 1004//1502
f 536//1503 537//1505 1010//1506 1007//1504
f 537//1505 538//1507 1013//1508 1010//1506
f 538//1507 539//1509 1016//1510 1013//1508
f 539//1509 540//1511 1019//1512 1016//1510
f 540//1511 541//1513 1022//1514 1019//1512
f 541//1513 542//1515 1025//1516 1022//1514
f 542//1515 543//1517 1028//1518 1025//1516
f 543//1517 544//1519 1031//1520 1028//1518
f 544//1519 545//1521 1034//1522 1031//1520
f 545//1521 546//1523 1037//1524 1034//1522
f 546//1523 547//1525 1040//1526 1037//1524
f 547//1525 548//1527 1045//1528 1040//1526
f 548//1527 549//1529 1050//1530 1045//1528
f 549//1529 550//1531 1055//1532 1050//1530
s 15
f 482//1533 481//1534 1059//1535 1058//1536
f 483//1537 482//1533 1058//1536 1060//1538
s 17
f 550//1531 551//1539 1063//1540 1055//1532
s 15
f 484//1541 483//1537 1060//1538 1066//1542
s 17
f 551//1539 552//1543 1069//1544 1063//1540
s 15
f 485//1545 484//1541 1066//1542 1072//1546
s 17
f 552//1543 553//1547 1075//1548 1069//1544
s 15
f 486//1549 485//1545 1072//1546 1078//1550
s 17
f 553//1547 554//1551 1081//1552 1075//1548
s 15
f 487//1553 486//1549 1078//1550 1084//1554
s 17
f 554//1551 555//1555 1087//1556 1081//1552
s 15
f 488//1557 487//1553 1084//1554 1090//1558
s 17
f 555//1555 556//1559 1093//1560 1087//1556
s 15
f 489//1561 488//1557 1090//1558 1096//1562
s 17
f 556//1559 557//1563 1099//1564 1093//1560
s 15
f 490//1565 489//1561 1096//1562 1102//1566
s 17
f 557//1563 558//1567 1105//1568 1099//1564
s 15
f 491//1569 490//1565 1102//1566 1108//1570
s 17
f 558//1567 559//1571 1111//1572 1105//1568
s 15
f 492//1573 491//1569 1108//1570 1114//1574
s 17
f 559//1571 560//1575 1117//1576 1111//1572
s 15
f 493//1577 492//1573 1114//1574 1120//1578
s 17
f 560//1575 561//1579 1123//1580 1117//1576
s 15
f 494//1581 493//1577 1120//1578 1126//1582
s 17
f 561//1579 562//1583 1129//1584 1123//1580
s 15
f 495//1585 494//1581 1126//1582 1132//1586
s 17
f 562//1583 563//1587 1135//1588 1129//1584
s 15
f 605//1589 495//1585 1132//1586 1138//1590
s 17
f 563//1587 564//1591 1141//1592 1135//1588
s 15
f 606//1593 605//1589 1138//1590 1144//1594
s 17
f 564//1591 565//1595 1147//1596 1141//1592
s 15
f 607//1597 606//1593 1144//1594 1150//1598
s 17
f 565//1595 566//1599 1153//1600 1147//1596
s 15
f 608//1601 607//1597 1150//1598 1156//1602
s 17
f 566//1599 567//1603 1159//1604 1153//1600
s 15
f 609//1605 608//1601 1156//1602 1162//1606
s 17
f 567//1603 568//1607 1165//1608 1159//1604
s 15
f 610//1609 609//1605 1162//1606 1168//1610
s 17
f 568//1607 569//1611 1171//1612 1165//1608
s 15
f 611//1613 610//1609 1168//1610 1174//1614
s 17
f 569//1611 570//1615 1177//1616 1171//1612
s 15
f 612//1416 611//1613 1174//1614 870//1417
s 17
f 570//1615 571//1617 1180//1618 1177//1616
f 571//1617 572//1619 1183//1620 1180//1618
f 572//1619 573//1621 1186//1622 1183//1620
f 573//1621 574//1623 1189//1624 1186//1622
f 574//1623 575//1625 1194//1626 1189//1624
f 575//1625 576//1627 1199//1628 1194//1626
f 576//1627 577//1629 1204//1630 1199//1628
f 577//1629 578//1631 1208//1632 1204//1630
f 578//1631 579//1633 1210//1634 1208//1632
f 579//1633 580//1635 1212//1636 1210//1634
f 580//1635 581//1637 1214//1638 1212//1636
f 581//1637 582//1639 1216//1640 1214//1638
f 582//1639 583//1641 1218//1642 1216//1640
f 583//1641 584//1643 1220//1644 1218//1642
f 584//1643 585//1645 1223//1646 1220//1644
f 585//1645 586//1647 1225//1648 1223//1646
f 586//1647 587//1649 1226//1650 1225//1648
f 587//1649 588//1651 1227//1652 1226//1650
f 588//1651 589//1653 1228//1654 1227//1652
f 589//1653 590//1655 1229//1656 1228//1654
f 590//1655 591//1657 1230//1658 1229//1656
f 591//1657 592//1659 1231//1660 1230//1658
f 592//1659 593//1661 1232//1662 1231//1660
f 593//1661 594//1427 927//1428 1232//1662
f 496//1663 497//1664 1234//1665 1233//1666
f 602//1413 496//1663 1233//1666 862//1414
f 497//1664 498//1667 1235//1668 1234//1665
f 498//1667 499//1669 1236//1670 1235//1668
f 499//1669 500//1671 1237//1672 1236//1670
f 500//1671 501//1673 1238//1674 1237//1672
f 501//1673 502//1675 1239//1676 1238//1674
f 502//1675 503//1677 1240//1678 1239//1676
f 503//1677 504//1679 1241//1680 1240//1678
f 504//1679 505//1681 1242//1682 1241//1680
f 505//1681 506//1683 1243//1684 1242//1682
f 506//1683 507//1685 1244//1686 1243//1684
f 507//1685 508//1451 950//1452 1244//1686
s 15
f 480//1687 479//1315 773//1316 1245//1688
f 481//1534 480//1687 1245//1688 1059//1535
f 616//1689 615//1421 874//1422 1246//1690
f 617//1691 616//1689 1246//1690 1247//1692
f 618//1693 617//1691 1247//1692 1248//1694
f 619//1695 618//1693 1248//1694 1249//1696
f 620//1697 619//1695 1249//1696 1250//1698
f 621//1699 620//1697 1250//1698 1251//1700
f 622//1701 621//1699 1251//1700 1252//1702
f 623//1703 622//1701 1252//1702 1253//1704
f 624//1705 623//1703 1253//1704 1254//1706
f 625//1707 624//1705 1254//1706 1255//1708
f 626//1709 625//1707 1255//1708 1256//1710
f 627//1711 626//1709 1256//1710 1258//1712
f 628//1713 627//1711 1258//1712 1260//1714
f 629//1715 628//1713 1260//1714 1262//1716
f 630//1717 629//1715 1262//1716 1264//1718
f 631//1719 630//1717 1264//1718 1266//1720
f 632//1721 631//1719 1266//1720 1268//1722
f 633//1723 632//1721 1268//1722 1270//1724
f 634//1725 633//1723 1270//1724 1272//1726
f 635//1727 634//1725 1272//1726 1274//1728
f 636//1729 635//1727 1274//1728 1276//1730
f 637//1731 636//1729 1276//1730 1279//1732
f 638//1733 637//1731 1279//1732 1282//1734
f 639//1735 638//1733 1282//1734 1285//1736
f 640//1737 639//1735 1285//1736 1288//1738
f 641//1739 640//1737 1288//1738 1291//1740
f 642//1741 641//1739 1291//1740 1294//1742
f 643//1743 642//1741 1294//1742 1297//1744
s 20
f 644//1440 645//1745 1298//1746 946//1441
f 645//1745 646//1747 1299//1748 1298//1746
f 646//1747 649//1749 1300//1750 1299//1748
s 15
f 649//1751 643//1743 1297//1744 1300//1752
g default
v -1.129185 -0.530445 -0.203994
v -1.167526 -0.578517 -0.203994
v -1.207481 -0.625305 -0.203994
v -1.249456 -0.672688 -0.203994
v -1.292155 -0.721060 -0.203994
v -1.334686 -0.770705 -0.203994
v -1.376457 -0.822214 -0.203994
v -1.416933 -0.875283 -0.203994
v -1.455699 -0.929681 -0.203994
v -1.492749 -0.985304 -0.203994
v -1.528048 -1.042073 -0.203994
v -1.561599 -1.100018 -0.203994
v -1.592974 -1.159113 -0.203994
v -1.622093 -1.219495 -0.203994
v -1.648599 -1.281150 -0.203994
v -1.672203 -1.344052 -0.203994
v -1.672631 -1.680271 -0.203994
v -1.680492 -1.744192 -0.203994
v -1.685890 -1.807680 -0.203994
v -1.688863 -1.871164 -0.203994
v -1.689360 -1.934986 -0.203994
v -1.687444 -1.998927 -0.203994
v -1.683254 -2.062969 -0.203994
v -1.676800 -2.127145 -0.203994
v -1.668035 -2.191409 -0.203994
v -1.656767 -2.255512 -0.203994
v -1.643346 -2.318827 -0.203994
v -1.627548 -2.381236 -0.203994
v -1.609192 -2.442517 -0.203994
v -1.158891 -3.041825 -0.203994
v -1.115403 -3.084426 -0.203994
v -1.070349 -3.125281 -0.203994
v -1.023378 -3.164428 -0.203994
v -0.974830 -3.201895 -0.203994
v -0.924808 -3.237817 -0.203994
v -1.074832 -0.564043 -0.203994
v -1.009582 -0.593279 -0.203994
v -1.107893 -0.619369 -0.203994
v -1.040056 -0.658578 -0.203994
v -1.146765 -0.670354 -0.203994
v -1.084265 -0.715161 -0.203994
v -1.188925 -0.719685 -0.203994
v -1.130201 -0.766320 -0.203994
v -1.231955 -0.768160 -0.203994
v -1.175003 -0.814451 -0.203994
v -1.274405 -0.816693 -0.203994
v -1.217783 -0.861496 -0.203994
v -1.315764 -0.866527 -0.203994
v -1.258691 -0.909391 -0.203994
v -1.355453 -0.917621 -0.203994
v -1.297172 -0.958408 -0.203994
v -1.393096 -0.969902 -0.203994
v -1.333395 -1.008602 -0.203994
v -1.428884 -1.023474 -0.203994
v -1.367446 -1.060284 -0.203994
v -1.462767 -1.078208 -0.203994
v -1.399553 -1.113135 -0.203994
v -1.494664 -1.134139 -0.203994
v -1.429582 -1.167232 -0.203994
v -1.524357 -1.191068 -0.203994
v -1.457525 -1.222043 -0.203994
v -1.551874 -1.248962 -0.203994
v -1.483395 -1.277482 -0.203994
v -1.576847 -1.307804 -0.203994
v -1.506621 -1.333886 -0.203994
v -1.599249 -1.367475 -0.203994
v -1.527570 -1.390942 -0.203994
v -1.619030 -1.428159 -0.203994
v -1.546861 -1.448440 -0.203994
v -1.635978 -1.490117 -0.203994
v -1.563525 -1.507085 -0.203994
v -1.650278 -1.553015 -0.203994
v -1.576779 -1.567152 -0.203994
v -1.662474 -1.616398 -0.203994
v -1.588391 -1.627907 -0.203994
v -1.598348 -1.689106 -0.203994
v -1.605220 -1.750398 -0.203994
v -1.609860 -1.811277 -0.203994
v -1.612842 -1.872069 -0.203994
v -1.613420 -1.933244 -0.203994
v -1.611784 -1.994636 -0.203994
v -1.608598 -2.056129 -0.203994
v -1.603381 -2.117747 -0.203994
v -1.595764 -2.179163 -0.203994
v -1.585421 -2.240384 -0.203994
v -1.572671 -2.300774 -0.203994
v -1.557420 -2.360229 -0.203994
v -1.539631 -2.418469 -0.203994
v -1.518989 -2.475974 -0.203994
v -1.495726 -2.533105 -0.203994
v -1.470821 -2.589599 -0.203994
v -1.444887 -2.645361 -0.203994
v -1.417696 -2.700305 -0.203994
v -1.388087 -2.753898 -0.203994
v -1.355209 -2.805641 -0.203994
v -1.319426 -2.855378 -0.203994
v -1.281608 -2.903863 -0.203994
v -1.242056 -2.951221 -0.203994
v -1.201098 -2.997238 -0.203994
v -1.043100 -0.503173 -0.203994
v -1.092522 -0.476112 -0.203994
v 0.594122 -3.419095 -0.203994
v 0.650554 -3.394946 -0.203994
v 1.062519 -3.226489 -0.203994
v 1.111392 -3.184844 -0.203994
v 1.158473 -3.141528 -0.203994
v 1.204120 -3.096379 -0.203994
v 1.248105 -3.049329 -0.203994
v 1.466710 -2.887328 -0.203994
v 1.502557 -2.830699 -0.203994
v 1.536392 -2.772646 -0.203994
v 1.567882 -2.713213 -0.203994
v 1.596680 -2.652287 -0.203994
v 1.622853 -2.590151 -0.203994
v 1.646389 -2.527161 -0.203994
v 1.755752 -2.419027 -0.203994
v 1.772654 -2.352216 -0.203994
v 1.787672 -2.284938 -0.203994
v 1.801220 -2.217049 -0.203994
v 1.813344 -2.148445 -0.203994
v 1.824150 -2.079787 -0.203994
v 1.833354 -2.012074 -0.203994
v -1.691503 -1.188795 -0.203994
v -1.719701 -1.253514 -0.203994
v -1.744446 -1.319963 -0.203994
v -1.765249 -1.387766 -0.203994
v -1.782300 -1.456097 -0.203994
v -1.796425 -1.524330 -0.203994
v -1.809090 -1.592369 -0.203994
v -1.821150 -1.660555 -0.203994
v -1.832052 -1.729244 -0.203994
v -1.839767 -1.798867 -0.203994
v -1.843153 -1.869063 -0.203994
v -1.842266 -1.939334 -0.203994
v -1.837872 -2.009275 -0.203994
v -1.830631 -2.078634 -0.203994
v -1.820855 -2.147308 -0.203994
v -1.749369 -2.136937 -0.203994
v -1.809435 -2.215480 -0.203994
v -1.739307 -2.203496 -0.203994
v -1.797074 -2.283626 -0.203994
v -1.727373 -2.269919 -0.203994
v -1.783618 -2.351761 -0.203994
v -1.713630 -2.335907 -0.203994
v -1.767951 -2.419930 -0.203994
v -1.697648 -2.401124 -0.203994
v -1.748637 -2.487460 -0.203994
v -1.678830 -2.465260 -0.203994
v -1.725799 -2.553908 -0.203994
v -1.657035 -2.528699 -0.203994
v -1.700290 -2.619148 -0.203994
v -1.632575 -2.591189 -0.203994
v -1.672634 -2.683138 -0.203994
v -1.605977 -2.652545 -0.203994
v -1.642764 -2.745931 -0.203994
v -1.577263 -2.712743 -0.203994
v -1.610285 -2.807709 -0.203994
v -1.546158 -2.772032 -0.203994
v -1.575141 -2.868398 -0.203994
v -1.512527 -2.830313 -0.203994
v -1.537633 -2.927753 -0.203994
v -1.476425 -2.887283 -0.203994
v -1.498115 -2.985630 -0.203994
v -1.438074 -2.942799 -0.203994
v -1.378449 -2.899824 -0.203994
v -1.456900 -3.041957 -0.203994
v -1.397831 -2.996734 -0.203994
v -1.339420 -2.951126 -0.203994
v -1.413947 -3.096678 -0.203994
v -1.355944 -3.048944 -0.203994
v -1.298661 -3.000819 -0.203994
v -1.368933 -3.149859 -0.203994
v -1.312334 -3.099500 -0.203994
v -1.256425 -3.048927 -0.203994
v -1.321528 -3.201373 -0.203994
v -1.266758 -3.148368 -0.203994
v -1.212619 -3.095451 -0.203994
v -1.271466 -3.250685 -0.203994
v -1.219131 -3.195287 -0.203994
v -1.167118 -3.140208 -0.203994
v -1.218564 -3.297318 -0.203994
v -1.169220 -3.240036 -0.203994
v -1.119668 -3.183000 -0.203994
v -1.163394 -3.341287 -0.203994
v -1.117109 -3.282471 -0.203994
v -1.070288 -3.223688 -0.203994
v -1.106976 -3.382903 -0.203994
v -1.063395 -3.322687 -0.203994
v -1.019264 -3.262426 -0.203994
v -1.049638 -3.422220 -0.203994
v -1.008455 -3.360905 -0.203994
v -0.966782 -3.299422 -0.203994
v -0.991328 -3.459557 -0.203994
v -0.952351 -3.397350 -0.203994
v -0.912965 -3.334738 -0.203994
v -0.931845 -3.495510 -0.203994
v -0.894945 -3.432175 -0.203994
v -0.857893 -3.368319 -0.203994
v -0.871045 -3.529398 -0.203994
v -0.836279 -3.464962 -0.203994
v -0.801527 -3.399898 -0.203994
v -0.809421 -3.561549 -0.203994
v -0.776662 -3.495773 -0.203994
v -0.744003 -3.429317 -0.203994
v -0.711459 -3.362720 -0.203994
v -0.747050 -3.592144 -0.203994
v -0.716308 -3.524614 -0.203994
v -0.685776 -3.456761 -0.203994
v -0.655434 -3.388788 -0.203994
v -0.683398 -3.620502 -0.203994
v -0.655011 -3.551243 -0.203994
v -0.626804 -3.481995 -0.203994
v -0.598836 -3.412474 -0.203994
v -0.618146 -3.646155 -0.203994
v -0.592618 -3.575360 -0.203994
v -0.567072 -3.504862 -0.203994
v -0.541500 -3.434026 -0.203994
v -0.551928 -3.668559 -0.203994
v -0.529405 -3.596854 -0.203994
v -0.506611 -3.525497 -0.203994
v -0.483533 -3.453743 -0.203994
v -0.485225 -3.687887 -0.203994
v -0.465497 -3.615874 -0.203994
v -0.445225 -3.544057 -0.203994
v -0.424639 -3.471797 -0.203994
v -0.417907 -3.704609 -0.203994
v -0.400729 -3.632707 -0.203994
v -0.382914 -3.560587 -0.203994
v -0.364852 -3.487823 -0.203994
v -0.350286 -3.719414 -0.203994
v -0.335148 -3.647505 -0.203994
v -0.319898 -3.575018 -0.203994
v -0.304706 -3.501966 -0.203994
v -0.282480 -3.733101 -0.203994
v -0.268976 -3.660579 -0.203994
v -0.256124 -3.587405 -0.203994
v -0.243660 -3.514038 -0.203994
v -0.214339 -3.745786 -0.203994
v -0.202551 -3.671817 -0.203994
v -0.192031 -3.597614 -0.203994
v -0.182256 -3.523116 -0.203994
v -0.145570 -3.756915 -0.203994
v -0.135918 -3.681024 -0.203994
v -0.127872 -3.605485 -0.203994
v -0.121079 -3.529998 -0.203994
v -0.076077 -3.765749 -0.203994
v -0.069127 -3.687858 -0.203994
v -0.063857 -3.610829 -0.203994
v -0.059969 -3.534280 -0.203994
v -0.005762 -3.771256 -0.203994
v -0.002310 -3.691823 -0.203994
v -0.000424 -3.613449 -0.203994
v 0.000249 -3.535744 -0.203994
v 0.065585 -3.772594 -0.203994
v 0.064804 -3.692441 -0.203994
v 0.062959 -3.613303 -0.203994
v 0.060272 -3.535109 -0.203994
v 0.137208 -3.769404 -0.203994
v 0.131962 -3.689316 -0.203994
v 0.126541 -3.610179 -0.203994
v 0.120647 -3.531640 -0.203994
v 0.208239 -3.762036 -0.203994
v 0.198831 -3.682720 -0.203994
v 0.189877 -3.604078 -0.203994
v 0.180670 -3.525707 -0.203994
v 0.278407 -3.750877 -0.203994
v 0.265320 -3.672913 -0.203994
v 0.252973 -3.595100 -0.203994
v 0.240637 -3.517647 -0.203994
v 0.347614 -3.736319 -0.203994
v 0.331315 -3.660120 -0.203994
v 0.315905 -3.583395 -0.203994
v 0.300614 -3.506681 -0.203994
v 0.415782 -3.718951 -0.203994
v 0.396700 -3.644613 -0.203994
v 0.378433 -3.569232 -0.203994
v 0.360401 -3.493654 -0.203994
v 0.483012 -3.699327 -0.203994
v 0.461449 -3.626676 -0.203994
v 0.440520 -3.552720 -0.203994
v 0.419840 -3.478244 -0.203994
v 0.549473 -3.677719 -0.203994
v 0.525576 -3.606412 -0.203994
v 0.502096 -3.533917 -0.203994
v 0.478777 -3.460803 -0.203994
v 0.615248 -3.654227 -0.203994
v 0.589068 -3.583887 -0.203994
v 0.563014 -3.512827 -0.203994
v 0.536965 -3.441066 -0.203994
v 0.680250 -3.628742 -0.203994
v 0.651630 -3.559242 -0.203994
v 0.622909 -3.489444 -0.203994
v 0.744382 -3.600955 -0.203994
v 0.713114 -3.532422 -0.203994
v 0.681850 -3.463843 -0.203994
v 0.807341 -3.570464 -0.203994
v 0.773460 -3.503301 -0.203994
v 0.739687 -3.436093 -0.203994
v 0.868726 -3.537152 -0.203994
v 0.832574 -3.471834 -0.203994
v 0.796492 -3.406182 -0.203994
v 0.928668 -3.501675 -0.203994
v 0.890532 -3.438267 -0.203994
v 0.852190 -3.374230 -0.203994
v 0.987631 -3.464644 -0.203994
v 0.947431 -3.402752 -0.203994
v 0.906856 -3.340264 -0.203994
v 1.045609 -3.425868 -0.203994
v 1.003208 -3.365205 -0.203994
v 0.960398 -3.304159 -0.203994
v 1.102366 -3.385273 -0.203994
v 1.057540 -3.325772 -0.203994
v 1.012189 -3.266252 -0.203994
v 1.157561 -3.342427 -0.203994
v 1.110305 -3.284367 -0.203994
v 1.211094 -3.297342 -0.203994
v 1.161376 -3.241019 -0.203994
v 1.262676 -3.249950 -0.203994
v 1.210596 -3.195685 -0.203994
v 1.312241 -3.200461 -0.203994
v 1.258116 -3.148434 -0.203994
v 1.359856 -3.149268 -0.203994
v 1.303759 -3.099392 -0.203994
v 1.405235 -3.096291 -0.203994
v 1.347419 -3.048669 -0.203994
v 1.448458 -3.041543 -0.203994
v 1.389163 -2.996301 -0.203994
v 1.489513 -2.985311 -0.203994
v 1.428936 -2.942467 -0.203994
v 1.528577 -2.927831 -0.203994
v 1.565785 -2.868834 -0.203994
v 1.600908 -2.808178 -0.203994
v 1.633600 -2.745970 -0.203994
v 1.663710 -2.682317 -0.203994
v 1.690905 -2.617356 -0.203994
v 1.715337 -2.551621 -0.203994
v 1.736893 -2.485498 -0.203994
v -1.177359 -0.491147 -0.203994
v -1.220223 -0.533355 -0.203994
v -1.263673 -0.577694 -0.203994
v -1.308013 -0.623969 -0.203994
v -1.352183 -0.672451 -0.203994
v -1.395569 -0.723445 -0.203994
v -1.437872 -0.776908 -0.203994
v -1.478904 -0.832135 -0.203994
v -1.518407 -0.888686 -0.203994
v -1.556223 -0.946315 -0.203994
v -1.592518 -1.004891 -0.203994
v -1.627437 -1.064623 -0.203994
v -1.660592 -1.125840 -0.203994
v -1.692509 -1.408078 -0.203994
v -1.709585 -1.473082 -0.203994
v -1.724194 -1.538752 -0.203994
v -1.736870 -1.604792 -0.203994
v -1.747768 -1.671161 -0.203994
v -1.756606 -1.737554 -0.203994
v -1.762735 -1.803860 -0.203994
v -1.765825 -1.870305 -0.203994
v -1.765816 -1.936974 -0.203994
v -1.762908 -2.003725 -0.203994
v -1.757352 -2.070380 -0.203994
v -1.588080 -2.503125 -0.203994
v -1.564461 -2.563003 -0.203994
v -1.538809 -2.621825 -0.203994
v -1.511414 -2.679557 -0.203994
v -1.481948 -2.736476 -0.203994
v -1.449963 -2.792429 -0.203994
v -1.415377 -2.846941 -0.203994
v -0.873354 -3.271983 -0.203994
v -0.820705 -3.304381 -0.203994
v -0.766811 -3.334715 -0.203994
v 0.705909 -3.368649 -0.203994
v 0.760404 -3.340228 -0.203994
v 0.813629 -3.309593 -0.203994
v 0.866026 -3.277360 -0.203994
v 0.917301 -3.242847 -0.203994
v 0.966597 -3.206495 -0.203994
v 1.014968 -3.168637 -0.203994
v 1.061844 -3.128610 -0.203994
v 1.106824 -3.087179 -0.203994
v 1.150744 -3.044234 -0.203994
v 1.192781 -2.999096 -0.203994
v 1.290109 -3.000772 -0.203994
v 1.232976 -2.952783 -0.203994
v 1.330305 -2.950786 -0.203994
v 1.271770 -2.905157 -0.203994
v 1.368692 -2.899394 -0.203994
v 1.308731 -2.856031 -0.203994
v 1.405148 -2.846549 -0.203994
v 1.344002 -2.805552 -0.203994
v 1.439787 -2.792259 -0.203994
v 1.377445 -2.753636 -0.203994
v 1.472336 -2.736830 -0.203994
v 1.408482 -2.700747 -0.203994
v 1.502517 -2.680285 -0.203994
v 1.437178 -2.647090 -0.203994
v 1.530017 -2.622266 -0.203994
v 1.463023 -2.592121 -0.203994
v 1.554959 -2.563007 -0.203994
v 1.486455 -2.535852 -0.203994
v 1.577292 -2.502712 -0.203994
v 1.507402 -2.478145 -0.203994
v 1.667364 -2.463721 -0.203994
v 1.597559 -2.441703 -0.203994
v 1.526719 -2.419327 -0.203994
v 1.686083 -2.399843 -0.203994
v 1.616013 -2.380132 -0.203994
v 1.544595 -2.359806 -0.203994
v 1.702849 -2.335294 -0.203994
v 1.632678 -2.317967 -0.203994
v 1.560989 -2.299883 -0.203994
v 1.717745 -2.269989 -0.203994
v 1.647577 -2.255146 -0.203994
v 1.575969 -2.239611 -0.203994
v 1.730896 -2.203955 -0.203994
v 1.660553 -2.191700 -0.203994
v 1.589193 -2.179303 -0.203994
v 1.742071 -2.136986 -0.203994
v 1.671125 -2.127382 -0.203994
v 1.599500 -2.118716 -0.203994
v 1.751039 -2.069510 -0.203994
v 1.678479 -2.062290 -0.203994
v 1.606173 -2.058039 -0.203994
v 1.758157 -2.001794 -0.203994
v 1.682188 -1.995321 -0.203994
v 1.608979 -1.996824 -0.203994
v 1.843721 -1.943327 -0.203994
v -0.950836 -0.509143 -0.203994
v -0.933491 -0.606498 -0.203994
v -0.975665 -0.704351 -0.203994
v -1.029141 -0.762985 -0.203994
v -1.078704 -0.814187 -0.203994
v -1.124592 -0.861119 -0.203994
v -1.167011 -0.905408 -0.203994
v -1.207303 -0.951586 -0.203994
v -1.243407 -0.997527 -0.203994
v -1.279029 -1.045962 -0.203994
v -1.309916 -1.095257 -0.203994
v -1.340089 -1.145433 -0.203994
v -1.368177 -1.198907 -0.203994
v -1.394418 -1.251552 -0.203994
v -1.419297 -1.305368 -0.203994
v -1.439711 -1.358139 -0.203994
v -1.459304 -1.414327 -0.203994
v -1.478802 -1.470239 -0.203994
v -1.495109 -1.522290 -0.203994
v -1.506281 -1.580597 -0.203994
v -1.517737 -1.640386 -0.203994
v -1.529039 -1.699374 -0.203994
v -1.532931 -1.755691 -0.203994
v -1.536757 -1.815488 -0.203994
v -1.540551 -1.874793 -0.203994
v -1.540535 -1.931445 -0.203994
v -1.538308 -1.991526 -0.203994
v -1.536074 -2.051769 -0.203994
v -1.532358 -2.109646 -0.203994
v -1.525128 -2.169124 -0.203994
v -1.516158 -2.226248 -0.203994
v -1.503730 -2.284641 -0.203994
v -1.489509 -2.339783 -0.203994
v -1.471846 -2.395602 -0.203994
v -1.452392 -2.448329 -0.203994
v -1.428455 -2.503195 -0.203994
v -1.403714 -2.558146 -0.203994
v -1.378416 -2.613767 -0.203994
v -1.354030 -2.667186 -0.203994
v -1.328476 -2.716888 -0.203994
v -1.298560 -2.763870 -0.203994
v -1.262247 -2.810361 -0.203994
v -1.225341 -2.856313 -0.203994
v -1.186193 -2.902314 -0.203994
v -1.146638 -2.945849 -0.203994
v -1.105782 -2.989361 -0.203994
v -1.063994 -3.029140 -0.203994
v -1.021905 -3.067844 -0.203994
v -0.976580 -3.105980 -0.203994
v -0.930723 -3.141579 -0.203994
v -0.883784 -3.176395 -0.203994
v -0.833519 -3.209482 -0.203994
v -0.783896 -3.240311 -0.203994
v -0.732194 -3.270133 -0.203994
v -0.679667 -3.296299 -0.203994
v -0.626653 -3.320565 -0.203994
v -0.571603 -3.342728 -0.203994
v -0.516620 -3.362449 -0.203994
v -0.460570 -3.381477 -0.203994
v -0.403359 -3.399581 -0.203994
v -0.346657 -3.414293 -0.203994
v -0.288367 -3.428336 -0.203994
v -0.232956 -3.441196 -0.203994
v -0.173300 -3.447996 -0.203994
v -0.114225 -3.454729 -0.203994
v -0.058030 -3.458257 -0.203994
v 0.000143 -3.458104 -0.203994
v 0.058223 -3.457952 -0.203994
v -1.216991 -0.441280 -0.203994
v -1.267521 -0.483575 -0.203994
v -1.314348 -0.526710 -0.203994
v -1.362104 -0.572518 -0.203994
v -1.410214 -0.622063 -0.203994
v -1.454989 -0.674326 -0.203994
v -1.498654 -0.731392 -0.203994
v -1.540446 -0.789064 -0.203994
v -1.580903 -0.847646 -0.203994
v -1.618777 -0.906643 -0.203994
v -1.656092 -0.966878 -0.203994
v -1.692645 -1.028261 -0.203994
v -1.726989 -1.090679 -0.203994
v -1.760154 -1.157040 -0.203994
v -1.791288 -1.225586 -0.203994
v -1.816644 -1.294781 -0.203994
v -1.838249 -1.368554 -0.203994
v -1.855661 -1.441042 -0.203994
v -1.868036 -1.511353 -0.203994
v -1.879768 -1.579684 -0.203994
v -1.892816 -1.647072 -0.203994
v -1.906762 -1.717428 -0.203994
v -1.917998 -1.793535 -0.203994
v -1.921960 -1.869265 -0.203994
v -1.919454 -1.942277 -0.203994
v -1.913116 -2.016217 -0.203994
v -1.903889 -2.088715 -0.203994
v -1.892035 -2.159458 -0.203994
v -1.879089 -2.228284 -0.203994
v -1.866541 -2.296331 -0.203994
v -1.854007 -2.366270 -0.203994
v -1.839423 -2.436895 -0.203994
v -1.818528 -2.509559 -0.203994
v -1.794561 -2.580015 -0.203994
v -1.768535 -2.646908 -0.203994
v -1.739444 -2.713102 -0.203994
v -1.708662 -2.778794 -0.203994
v -1.674800 -2.843580 -0.203994
v -1.638024 -2.906863 -0.203994
v -1.599124 -2.968449 -0.203994
v -1.558579 -3.028546 -0.203994
v -1.516518 -3.087378 -0.203994
v -1.473187 -3.143799 -0.203994
v -1.426927 -3.199608 -0.203994
v -1.377575 -3.254328 -0.203994
v -1.324270 -3.306940 -0.203994
v -1.267124 -3.355666 -0.203994
v -1.208167 -3.400949 -0.203994
v -1.149629 -3.443616 -0.203994
v -1.089794 -3.483927 -0.203994
v -1.029536 -3.521428 -0.203994
v -0.969111 -3.558348 -0.203994
v -0.905146 -3.593360 -0.203994
v -0.842566 -3.626154 -0.203994
v -0.779596 -3.658939 -0.203994
v -0.713358 -3.689445 -0.203994
v -0.643854 -3.717316 -0.203994
v -0.573644 -3.741361 -0.203994
v -0.504711 -3.760465 -0.203994
v -0.433867 -3.776646 -0.203994
v -0.365090 -3.791097 -0.203994
v -0.297057 -3.804992 -0.203994
v -0.228702 -3.819577 -0.203994
v -0.158347 -3.833262 -0.203994
v -0.085673 -3.844399 -0.203994
v -0.010704 -3.851662 -0.203994
v 0.065778 -3.853710 -0.203994
v 0.143922 -3.850225 -0.203994
v 0.219409 -3.841737 -0.203994
v 0.293724 -3.828617 -0.203994
v 0.366156 -3.811710 -0.203994
v 0.436636 -3.792114 -0.203994
v 0.505531 -3.770727 -0.203994
v 0.573746 -3.748184 -0.203994
v 0.641750 -3.724265 -0.203994
v 0.708321 -3.698558 -0.203994
v 0.775421 -3.670008 -0.203994
v 0.841934 -3.637868 -0.203994
v 0.906050 -3.601853 -0.203994
v 0.967239 -3.564175 -0.203994
v 1.027224 -3.526239 -0.203994
v 1.087158 -3.486525 -0.203994
v 1.147443 -3.445064 -0.203994
v 1.204056 -3.400954 -0.203994
v 1.260631 -3.353358 -0.203994
v 1.315649 -3.304146 -0.203994
v 1.366083 -3.252915 -0.203994
v 1.416298 -3.199132 -0.203994
v 1.464049 -3.143517 -0.203994
v 1.507978 -3.086918 -0.203994
v 1.550274 -3.027973 -0.203994
v 1.590649 -2.968208 -0.203994
v 1.629714 -2.906765 -0.203994
v 1.665498 -2.844446 -0.203994
v 1.699969 -2.778692 -0.203994
v 1.731549 -2.713477 -0.203994
v 1.759319 -2.644580 -0.203994
v 1.784753 -2.575294 -0.203994
v 1.806928 -2.507270 -0.203994
v 1.825633 -2.437445 -0.203994
v 1.843089 -2.368375 -0.203994
v 1.857837 -2.300035 -0.203994
v 1.872092 -2.230914 -0.203994
v 1.885415 -2.161777 -0.203994
v 1.898581 -2.092851 -0.203994
v 1.911707 -2.023822 -0.203994
v -1.142060 -0.407810 -0.203994
v -1.067117 -0.415024 -0.203994
v -1.006049 -0.446317 -0.203994
v 0.113668 -3.453461 -0.203994
v 0.171563 -3.447139 -0.203994
v 0.229874 -3.440771 -0.203994
v 0.285447 -3.429749 -0.203994
v 0.343567 -3.418222 -0.203994
v 0.399076 -3.403565 -0.203994
v 0.456395 -3.387388 -0.203994
v 0.510700 -3.369019 -0.203994
v 0.566223 -3.348209 -0.203994
v 0.619087 -3.326065 -0.203994
v 0.672575 -3.300536 -0.203994
v 0.723507 -3.274718 -0.203994
v 0.774731 -3.244112 -0.203994
v 0.825787 -3.213606 -0.203994
v 0.873416 -3.181906 -0.203994
v 0.921161 -3.146309 -0.203994
v 0.968956 -3.110673 -0.203994
v 1.011963 -3.073175 -0.203994
v 1.055548 -3.032819 -0.203994
v 1.099364 -2.992249 -0.203994
v 1.137021 -2.949308 -0.203994
v 1.176072 -2.904344 -0.203994
v 1.213599 -2.860229 -0.203994
v 1.249185 -2.812198 -0.203994
v 1.282722 -2.764613 -0.203994
v 1.315490 -2.714581 -0.203994
v 1.344303 -2.665113 -0.203994
v 1.372681 -2.613646 -0.203994
v 1.395279 -2.562286 -0.203994
v 1.417203 -2.510153 -0.203994
v 1.436638 -2.453952 -0.203994
v 1.454637 -2.397276 -0.203994
v 1.471791 -2.339500 -0.203994
v 1.487438 -2.280747 -0.203994
v 1.502185 -2.222326 -0.203994
v 1.515738 -2.165824 -0.203994
v 1.525201 -2.110392 -0.203994
v 1.530503 -2.052851 -0.203994
v 1.536124 -1.994099 -0.203994
v 1.766721 -1.931954 -0.203994
v 1.685367 -1.921728 -0.203994
v 1.599437 -1.930585 -0.203994
v -1.136804 -0.456645 -0.203994
v -0.999071 -0.532518 -0.203994
v 1.543720 -1.945571 -0.203994
v 1.907656 -1.957002 -0.203994
v -1.129185 -0.530445 0.216243
v -1.167526 -0.578517 0.216243
v -1.107894 -0.619369 0.216243
v -1.074832 -0.564043 0.216243
v -1.177358 -0.491147 0.216243
v -1.220223 -0.533355 0.216243
v -1.092522 -0.476112 0.216243
v -1.136804 -0.456645 0.216243
v -1.043099 -0.503173 0.216243
v -1.207481 -0.625305 0.216243
v -1.146765 -0.670354 0.216243
v -1.263673 -0.577694 0.216243
v -1.249456 -0.672688 0.216243
v -1.188925 -0.719685 0.216243
v -1.308013 -0.623969 0.216243
v -1.292155 -0.721060 0.216243
v -1.231955 -0.768160 0.216243
v -1.352183 -0.672451 0.216243
v -1.334686 -0.770705 0.216243
v -1.274406 -0.816693 0.216243
v -1.395569 -0.723445 0.216243
v -1.376457 -0.822214 0.216243
v -1.315764 -0.866527 0.216243
v -1.437872 -0.776908 0.216243
v -1.416933 -0.875283 0.216243
v -1.355453 -0.917621 0.216243
v -1.478904 -0.832135 0.216243
v -1.455700 -0.929681 0.216243
v -1.393096 -0.969902 0.216243
v -1.518407 -0.888686 0.216243
v -1.556223 -0.946315 0.216243
v -1.492749 -0.985304 0.216243
v -1.428885 -1.023474 0.216243
v -1.592517 -1.004891 0.216243
v -1.528048 -1.042073 0.216243
v -1.462767 -1.078208 0.216243
v -1.627437 -1.064623 0.216243
v -1.561599 -1.100018 0.216243
v -1.494664 -1.134139 0.216243
v -1.660592 -1.125840 0.216243
v -1.592973 -1.159113 0.216243
v -1.524357 -1.191068 0.216243
v -1.691503 -1.188795 0.216243
v -1.622093 -1.219495 0.216243
v -1.551874 -1.248962 0.216243
v -1.719701 -1.253514 0.216243
v -1.648599 -1.281150 0.216243
v -1.576847 -1.307804 0.216243
v -1.744447 -1.319963 0.216243
v -1.672203 -1.344052 0.216243
v -1.599249 -1.367475 0.216243
v -1.765249 -1.387766 0.216243
v -1.692508 -1.408078 0.216243
v -1.619029 -1.428159 0.216243
v -1.672631 -1.680271 0.216243
v -1.598347 -1.689106 0.216243
v -1.588391 -1.627907 0.216243
v -1.662474 -1.616398 0.216243
v -1.680492 -1.744192 0.216243
v -1.605220 -1.750398 0.216243
v -1.747768 -1.671161 0.216243
v -1.756606 -1.737554 0.216243
v -1.736870 -1.604792 0.216243
v -1.685890 -1.807680 0.216243
v -1.609860 -1.811277 0.216243
v -1.762735 -1.803860 0.216243
v -1.688863 -1.871164 0.216243
v -1.612843 -1.872069 0.216243
v -1.765824 -1.870305 0.216243
v -1.689360 -1.934986 0.216243
v -1.613420 -1.933244 0.216243
v -1.765816 -1.936974 0.216243
v -1.687444 -1.998927 0.216243
v -1.611784 -1.994636 0.216243
v -1.762908 -2.003725 0.216243
v -1.757352 -2.070380 0.216243
v -1.683254 -2.062969 0.216243
v -1.608597 -2.056129 0.216243
v -1.749368 -2.136937 0.216243
v -1.676800 -2.127145 0.216243
v -1.603380 -2.117747 0.216243
v -1.739307 -2.203496 0.216243
v -1.668035 -2.191409 0.216243
v -1.595764 -2.179163 0.216243
v -1.727373 -2.269919 0.216243
v -1.656767 -2.255512 0.216243
v -1.585422 -2.240384 0.216243
v -1.713629 -2.335907 0.216243
v -1.643346 -2.318827 0.216243
v -1.572671 -2.300774 0.216243
v -1.697648 -2.401124 0.216243
v -1.627548 -2.381236 0.216243
v -1.557420 -2.360229 0.216243
v -1.678829 -2.465260 0.216243
v -1.609192 -2.442517 0.216243
v -1.539632 -2.418469 0.216243
v -1.657035 -2.528699 0.216243
v -1.588080 -2.503125 0.216243
v -1.518989 -2.475974 0.216243
v -1.158891 -3.041825 0.216243
v -1.212619 -3.095451 0.216243
v -1.167118 -3.140208 0.216243
v -1.115403 -3.084426 0.216243
v -1.201098 -2.997238 0.216243
v -1.256425 -3.048927 0.216243
v -1.105782 -2.989361 0.216243
v -1.146639 -2.945849 0.216243
v -1.063994 -3.029140 0.216243
v -1.119668 -3.183000 0.216243
v -1.070349 -3.125281 0.216243
v -1.021906 -3.067844 0.216243
v -1.070288 -3.223688 0.216243
v -1.023378 -3.164428 0.216243
v -0.976580 -3.105980 0.216243
v -1.019264 -3.262426 0.216243
v -0.974831 -3.201895 0.216243
v -0.930723 -3.141579 0.216243
v -0.966782 -3.299422 0.216243
v -0.924808 -3.237817 0.216243
v -0.883784 -3.176395 0.216243
v -0.912965 -3.334738 0.216243
v -0.873354 -3.271983 0.216243
v -0.833519 -3.209482 0.216243
v -1.040056 -0.658578 0.216243
v -1.009582 -0.593279 0.216243
v -0.999071 -0.532518 0.216243
v -0.975665 -0.704351 0.216243
v -0.933491 -0.606498 0.216243
v -0.950835 -0.509143 0.216243
v -1.084265 -0.715161 0.216243
v -1.029141 -0.762985 0.216243
v -1.130201 -0.766320 0.216243
v -1.078704 -0.814187 0.216243
v -1.175003 -0.814451 0.216243
v -1.124592 -0.861119 0.216243
v -1.217783 -0.861496 0.216243
v -1.167011 -0.905408 0.216243
v -1.258691 -0.909391 0.216243
v -1.207303 -0.951586 0.216243
v -1.297172 -0.958408 0.216243
v -1.243407 -0.997527 0.216243
v -1.333395 -1.008602 0.216243
v -1.279029 -1.045962 0.216243
v -1.367446 -1.060284 0.216243
v -1.309916 -1.095257 0.216243
v -1.399554 -1.113135 0.216243
v -1.340089 -1.145433 0.216243
v -1.429582 -1.167232 0.216243
v -1.368176 -1.198907 0.216243
v -1.457525 -1.222043 0.216243
v -1.394418 -1.251552 0.216243
v -1.483395 -1.277482 0.216243
v -1.419297 -1.305368 0.216243
v -1.506621 -1.333886 0.216243
v -1.439711 -1.358139 0.216243
v -1.527570 -1.390942 0.216243
v -1.459304 -1.414327 0.216243
v -1.546861 -1.448440 0.216243
v -1.478802 -1.470239 0.216243
v -1.635978 -1.490117 0.216243
v -1.563525 -1.507085 0.216243
v -1.709585 -1.473082 0.216243
v -1.495110 -1.522290 0.216243
v -1.650278 -1.553015 0.216243
v -1.576779 -1.567153 0.216243
v -1.724194 -1.538752 0.216243
v -1.506281 -1.580597 0.216243
v -1.517736 -1.640386 0.216243
v -1.529039 -1.699374 0.216243
v -1.532931 -1.755691 0.216243
v -1.536757 -1.815488 0.216243
v -1.540551 -1.874793 0.216243
v -1.540534 -1.931445 0.216243
v -1.538308 -1.991526 0.216243
v -1.536074 -2.051769 0.216243
v -1.532358 -2.109646 0.216243
v -1.525128 -2.169124 0.216243
v -1.516159 -2.226248 0.216243
v -1.503731 -2.284641 0.216243
v -1.489509 -2.339783 0.216243
v -1.471846 -2.395602 0.216243
v -1.452392 -2.448329 0.216243
v -1.495726 -2.533105 0.216243
v -1.428455 -2.503195 0.216243
v -1.564461 -2.563003 0.216243
v -1.470821 -2.589599 0.216243
v -1.403714 -2.558146 0.216243
v -1.538810 -2.621825 0.216243
v -1.444887 -2.645361 0.216243
v -1.378416 -2.613767 0.216243
v -1.511414 -2.679557 0.216243
v -1.417697 -2.700305 0.216243
v -1.354030 -2.667186 0.216243
v -1.481948 -2.736476 0.216243
v -1.388087 -2.753898 0.216243
v -1.328476 -2.716888 0.216243
v -1.449963 -2.792429 0.216243
v -1.355209 -2.805641 0.216243
v -1.298560 -2.763870 0.216243
v -1.415377 -2.846941 0.216243
v -1.319426 -2.855378 0.216243
v -1.262247 -2.810361 0.216243
v -1.378448 -2.899824 0.216243
v -1.281608 -2.903863 0.216243
v -1.225341 -2.856313 0.216243
v -1.339420 -2.951126 0.216243
v -1.242056 -2.951221 0.216243
v -1.186193 -2.902314 0.216243
v -1.298661 -3.000819 0.216243
v -1.006048 -0.446317 0.216243
v -1.067118 -0.415024 0.216243
v -1.142060 -0.407810 0.216243
v 0.594122 -3.419095 0.216243
v 0.622909 -3.489444 0.216243
v 0.681850 -3.463843 0.216243
v 0.650553 -3.394946 0.216243
v 0.536965 -3.441066 0.216243
v 0.563014 -3.512827 0.216243
v 0.566223 -3.348209 0.216243
v 0.510701 -3.369019 0.216243
v 0.619087 -3.326065 0.216243
v 0.739687 -3.436093 0.216243
v 0.705909 -3.368649 0.216243
v 0.672575 -3.300536 0.216243
v 1.062519 -3.226489 0.216243
v 1.110305 -3.284367 0.216243
v 1.161376 -3.241019 0.216243
v 1.111392 -3.184844 0.216243
v 1.012189 -3.266252 0.216243
v 1.057540 -3.325772 0.216243
v 1.014968 -3.168637 0.216243
v 0.966597 -3.206495 0.216243
v 1.061844 -3.128610 0.216243
v 1.210596 -3.195685 0.216243
v 1.158473 -3.141528 0.216243
v 1.106824 -3.087179 0.216243
v 1.258117 -3.148434 0.216243
v 1.204120 -3.096379 0.216243
v 1.150744 -3.044234 0.216243
v 1.303759 -3.099392 0.216243
v 1.248105 -3.049329 0.216243
v 1.192782 -2.999096 0.216243
v 1.290109 -3.000772 0.216243
v 1.232976 -2.952783 0.216243
v 1.347419 -3.048669 0.216243
v 1.466709 -2.887328 0.216243
v 1.528577 -2.927831 0.216243
v 1.565785 -2.868834 0.216243
v 1.502557 -2.830699 0.216243
v 1.428936 -2.942467 0.216243
v 1.489513 -2.985311 0.216243
v 1.405148 -2.846549 0.216243
v 1.368692 -2.899394 0.216243
v 1.439787 -2.792259 0.216243
v 1.600908 -2.808178 0.216243
v 1.536392 -2.772645 0.216243
v 1.472336 -2.736830 0.216243
v 1.633601 -2.745970 0.216243
v 1.567882 -2.713213 0.216243
v 1.502517 -2.680285 0.216243
v 1.663710 -2.682317 0.216243
v 1.596680 -2.652287 0.216243
v 1.530017 -2.622266 0.216243
v 1.622853 -2.590151 0.216243
v 1.554960 -2.563006 0.216243
v 1.690905 -2.617356 0.216243
v 1.646389 -2.527161 0.216243
v 1.577292 -2.502712 0.216243
v 1.715337 -2.551621 0.216243
v 1.667364 -2.463721 0.216243
v 1.597560 -2.441703 0.216243
v 1.736893 -2.485498 0.216243
v 1.755752 -2.419027 0.216243
v 1.825632 -2.437445 0.216243
v 1.843089 -2.368375 0.216243
v 1.772654 -2.352216 0.216243
v 1.806928 -2.507270 0.216243
v 1.686083 -2.399843 0.216243
v 1.702849 -2.335294 0.216243
v 1.857837 -2.300035 0.216243
v 1.787672 -2.284938 0.216243
v 1.717745 -2.269989 0.216243
v 1.872092 -2.230914 0.216243
v 1.801220 -2.217049 0.216243
v 1.730896 -2.203955 0.216243
v 1.885415 -2.161777 0.216243
v 1.813344 -2.148445 0.216243
v 1.742071 -2.136986 0.216243
v 1.824150 -2.079787 0.216243
v 1.751039 -2.069510 0.216243
v 1.898581 -2.092851 0.216243
v 1.833354 -2.012074 0.216243
v 1.758157 -2.001794 0.216243
v 1.911707 -2.023822 0.216243
v 1.843722 -1.943327 0.216243
v 1.766721 -1.931954 0.216243
v 1.907656 -1.957002 0.216243
v -1.760154 -1.157040 0.216243
v -1.791288 -1.225586 0.216244
v -1.726989 -1.090679 0.216243
v -1.816645 -1.294781 0.216243
v -1.838249 -1.368554 0.216243
v -1.782301 -1.456097 0.216243
v -1.855661 -1.441042 0.216243
v -1.796425 -1.524330 0.216243
v -1.868036 -1.511353 0.216243
v -1.809090 -1.592369 0.216243
v -1.879767 -1.579684 0.216243
v -1.821150 -1.660555 0.216243
v -1.892816 -1.647072 0.216243
v -1.832052 -1.729244 0.216243
v -1.906762 -1.717428 0.216243
v -1.839767 -1.798867 0.216243
v -1.917998 -1.793535 0.216243
v -1.843153 -1.869063 0.216243
v -1.921961 -1.869265 0.216243
v -1.842265 -1.939334 0.216243
v -1.919454 -1.942277 0.216243
v -1.837872 -2.009275 0.216243
v -1.913115 -2.016217 0.216243
v -1.830631 -2.078634 0.216243
v -1.903889 -2.088715 0.216243
v -1.820855 -2.147308 0.216243
v -1.892036 -2.159458 0.216243
v -1.809435 -2.215480 0.216243
v -1.879089 -2.228284 0.216243
v -1.797074 -2.283626 0.216243
v -1.866541 -2.296331 0.216243
v -1.783619 -2.351761 0.216243
v -1.854008 -2.366270 0.216243
v -1.767951 -2.419930 0.216243
v -1.839424 -2.436895 0.216243
v -1.748637 -2.487460 0.216243
v -1.818528 -2.509559 0.216243
v -1.725800 -2.553908 0.216243
v -1.794562 -2.580015 0.216243
v -1.700290 -2.619148 0.216243
v -1.632575 -2.591189 0.216243
v -1.768536 -2.646908 0.216243
v -1.672634 -2.683138 0.216243
v -1.605976 -2.652545 0.216243
v -1.739444 -2.713102 0.216243
v -1.642764 -2.745931 0.216243
v -1.577263 -2.712743 0.216243
v -1.708662 -2.778794 0.216243
v -1.610285 -2.807709 0.216243
v -1.546158 -2.772032 0.216243
v -1.674799 -2.843580 0.216243
v -1.575141 -2.868398 0.216243
v -1.512527 -2.830313 0.216243
v -1.638024 -2.906863 0.216243
v -1.537633 -2.927753 0.216243
v -1.476425 -2.887283 0.216243
v -1.599124 -2.968449 0.216243
v -1.498115 -2.985630 0.216243
v -1.438074 -2.942799 0.216243
v -1.558579 -3.028546 0.216243
v -1.456900 -3.041957 0.216243
v -1.397831 -2.996734 0.216243
v -1.516518 -3.087378 0.216243
v -1.413947 -3.096678 0.216243
v -1.355944 -3.048944 0.216243
v -1.473187 -3.143799 0.216243
v -1.368933 -3.149859 0.216243
v -1.312334 -3.099500 0.216243
v -1.426927 -3.199608 0.216243
v -1.321528 -3.201373 0.216243
v -1.266758 -3.148368 0.216243
v -1.377575 -3.254328 0.216243
v -1.271466 -3.250685 0.216243
v -1.219131 -3.195287 0.216243
v -1.324271 -3.306940 0.216243
v -1.218564 -3.297318 0.216243
v -1.169220 -3.240036 0.216243
v -1.267124 -3.355666 0.216243
v -1.163394 -3.341287 0.216243
v -1.117109 -3.282471 0.216243
v -1.208167 -3.400949 0.216243
v -1.106976 -3.382903 0.216243
v -1.063395 -3.322687 0.216243
v -1.149629 -3.443616 0.216243
v -1.049638 -3.422220 0.216243
v -1.008455 -3.360905 0.216243
v -1.089794 -3.483927 0.216243
v -0.991328 -3.459557 0.216243
v -0.952351 -3.397350 0.216243
v -1.029536 -3.521428 0.216243
v -0.931845 -3.495510 0.216243
v -0.894945 -3.432175 0.216243
v -0.969111 -3.558348 0.216243
v -0.857893 -3.368319 0.216243
v -0.820706 -3.304381 0.216243
v -0.871045 -3.529398 0.216243
v -0.836279 -3.464962 0.216243
v -0.905147 -3.593360 0.216243
v -0.801527 -3.399898 0.216243
v -0.766811 -3.334715 0.216243
v -0.809421 -3.561549 0.216243
v -0.776662 -3.495773 0.216243
v -0.842566 -3.626153 0.216243
v -0.744003 -3.429317 0.216243
v -0.711458 -3.362720 0.216243
v -0.747050 -3.592144 0.216243
v -0.716308 -3.524614 0.216243
v -0.779596 -3.658939 0.216243
v -0.685776 -3.456761 0.216243
v -0.655434 -3.388788 0.216243
v -0.679667 -3.296299 0.216243
v -0.732195 -3.270133 0.216243
v -0.626653 -3.320565 0.216243
v -0.683398 -3.620502 0.216243
v -0.655011 -3.551243 0.216243
v -0.713358 -3.689445 0.216243
v -0.626804 -3.481995 0.216243
v -0.598836 -3.412474 0.216243
v -0.571603 -3.342728 0.216243
v -0.618146 -3.646154 0.216243
v -0.592618 -3.575360 0.216243
v -0.643855 -3.717316 0.216243
v -0.567072 -3.504862 0.216243
v -0.541499 -3.434026 0.216243
v -0.516618 -3.362449 0.216243
v -0.551928 -3.668559 0.216243
v -0.529405 -3.596854 0.216243
v -0.573644 -3.741361 0.216243
v -0.506611 -3.525497 0.216243
v -0.483532 -3.453743 0.216243
v -0.460569 -3.381477 0.216243
v -0.485225 -3.687887 0.216243
v -0.465497 -3.615874 0.216243
v -0.504710 -3.760465 0.216243
v -0.445225 -3.544057 0.216243
v -0.424638 -3.471797 0.216243
v -0.403358 -3.399581 0.216243
v -0.417908 -3.704609 0.216243
v -0.400729 -3.632707 0.216243
v -0.433867 -3.776646 0.216243
v -0.382914 -3.560587 0.216243
v -0.364851 -3.487823 0.216243
v -0.346656 -3.414293 0.216243
v -0.350286 -3.719414 0.216243
v -0.335148 -3.647505 0.216243
v -0.365090 -3.791097 0.216243
v -0.319899 -3.575018 0.216243
v -0.304706 -3.501966 0.216243
v -0.288367 -3.428336 0.216243
v -0.282480 -3.733101 0.216243
v -0.268976 -3.660579 0.216243
v -0.297057 -3.804992 0.216243
v -0.256125 -3.587405 0.216243
v -0.243660 -3.514038 0.216243
v -0.232956 -3.441196 0.216243
v -0.214339 -3.745786 0.216243
v -0.202550 -3.671817 0.216243
v -0.228701 -3.819577 0.216243
v -0.192030 -3.597614 0.216243
v -0.182257 -3.523116 0.216243
v -0.173300 -3.447996 0.216243
v -0.145570 -3.756915 0.216243
v -0.135918 -3.681024 0.216243
v -0.158347 -3.833262 0.216243
v -0.127872 -3.605485 0.216243
v -0.121079 -3.529998 0.216243
v -0.114226 -3.454729 0.216243
v -0.076077 -3.765749 0.216243
v -0.069128 -3.687858 0.216243
v -0.085673 -3.844399 0.216243
v -0.063857 -3.610829 0.216243
v -0.059968 -3.534280 0.216243
v -0.058029 -3.458257 0.216243
v -0.005762 -3.771256 0.216243
v -0.002310 -3.691823 0.216243
v -0.010704 -3.851662 0.216243
v -0.000424 -3.613449 0.216243
v 0.000249 -3.535744 0.216243
v 0.000144 -3.458104 0.216243
v 0.065585 -3.772594 0.216243
v 0.064805 -3.692441 0.216243
v 0.065778 -3.853710 0.216243
v 0.062959 -3.613303 0.216243
v 0.060271 -3.535109 0.216243
v 0.058224 -3.457952 0.216243
v 0.137208 -3.769404 0.216243
v 0.131962 -3.689316 0.216243
v 0.143923 -3.850225 0.216243
v 0.126541 -3.610179 0.216243
v 0.120647 -3.531640 0.216243
v 0.113669 -3.453461 0.216243
v 0.208239 -3.762036 0.216243
v 0.198831 -3.682720 0.216243
v 0.219409 -3.841737 0.216243
v 0.189877 -3.604078 0.216243
v 0.180670 -3.525707 0.216243
v 0.171564 -3.447139 0.216243
v 0.278407 -3.750877 0.216243
v 0.265320 -3.672913 0.216243
v 0.293723 -3.828617 0.216243
v 0.252972 -3.595100 0.216243
v 0.240637 -3.517647 0.216243
v 0.229874 -3.440771 0.216243
v 0.347613 -3.736319 0.216243
v 0.331315 -3.660120 0.216243
v 0.366156 -3.811710 0.216243
v 0.315905 -3.583395 0.216243
v 0.300613 -3.506680 0.216243
v 0.285446 -3.429749 0.216243
v 0.415783 -3.718951 0.216243
v 0.396700 -3.644613 0.216243
v 0.436636 -3.792114 0.216243
v 0.378433 -3.569232 0.216243
v 0.360402 -3.493654 0.216243
v 0.343568 -3.418222 0.216243
v 0.483012 -3.699327 0.216243
v 0.461449 -3.626676 0.216243
v 0.505531 -3.770727 0.216243
v 0.440520 -3.552720 0.216243
v 0.419840 -3.478244 0.216243
v 0.399076 -3.403565 0.216243
v 0.549473 -3.677719 0.216243
v 0.525576 -3.606412 0.216243
v 0.573747 -3.748184 0.216243
v 0.502095 -3.533917 0.216243
v 0.478777 -3.460803 0.216243
v 0.456395 -3.387388 0.216243
v 0.615248 -3.654227 0.216243
v 0.589068 -3.583887 0.216243
v 0.641750 -3.724265 0.216243
v 0.680249 -3.628742 0.216243
v 0.651630 -3.559243 0.216243
v 0.708321 -3.698558 0.216243
v 0.744381 -3.600955 0.216243
v 0.713114 -3.532422 0.216243
v 0.775421 -3.670008 0.216243
v 0.807341 -3.570464 0.216243
v 0.773460 -3.503301 0.216243
v 0.841935 -3.637868 0.216243
v 0.868726 -3.537152 0.216243
v 0.832574 -3.471834 0.216243
v 0.906050 -3.601853 0.216243
v 0.796493 -3.406182 0.216243
v 0.760404 -3.340228 0.216243
v 0.928668 -3.501675 0.216243
v 0.890532 -3.438267 0.216243
v 0.967239 -3.564175 0.216243
v 0.852191 -3.374230 0.216243
v 0.813629 -3.309593 0.216243
v 0.987631 -3.464644 0.216243
v 0.947431 -3.402752 0.216243
v 1.027224 -3.526239 0.216243
v 0.906857 -3.340264 0.216243
v 0.866025 -3.277360 0.216243
v 1.045609 -3.425869 0.216243
v 1.003208 -3.365205 0.216243
v 1.087158 -3.486525 0.216243
v 0.960398 -3.304159 0.216243
v 0.917301 -3.242847 0.216243
v 1.102366 -3.385274 0.216243
v 1.147443 -3.445064 0.216243
v 1.157561 -3.342427 0.216243
v 1.204056 -3.400954 0.216243
v 1.211094 -3.297342 0.216243
v 1.260631 -3.353358 0.216243
v 1.262676 -3.249950 0.216243
v 1.315649 -3.304146 0.216243
v 1.312241 -3.200461 0.216243
v 1.366083 -3.252915 0.216243
v 1.359856 -3.149268 0.216243
v 1.416298 -3.199132 0.216243
v 1.405235 -3.096291 0.216243
v 1.464049 -3.143517 0.216243
v 1.448459 -3.041543 0.216243
v 1.389163 -2.996301 0.216243
v 1.507978 -3.086918 0.216243
v 1.330305 -2.950786 0.216243
v 1.550274 -3.027973 0.216243
v 1.590649 -2.968208 0.216243
v 1.629714 -2.906765 0.216243
v 1.665498 -2.844446 0.216243
v 1.699969 -2.778692 0.216243
v 1.731550 -2.713477 0.216243
v 1.759320 -2.644580 0.216243
v 1.784753 -2.575294 0.216243
v -1.216991 -0.441280 0.216243
v -1.267521 -0.483575 0.216243
v -1.314348 -0.526710 0.216243
v -1.362104 -0.572518 0.216243
v -1.410214 -0.622063 0.216244
v -1.454989 -0.674326 0.216243
v -1.498654 -0.731392 0.216243
v -1.540446 -0.789064 0.216243
v -1.580903 -0.847646 0.216243
v -1.618777 -0.906643 0.216243
v -1.656092 -0.966878 0.216243
v -1.692645 -1.028261 0.216243
v -0.783896 -3.240311 0.216243
v 0.723507 -3.274718 0.216243
v 0.774730 -3.244112 0.216243
v 0.825786 -3.213606 0.216243
v 0.873416 -3.181906 0.216243
v 0.921161 -3.146309 0.216243
v 0.968956 -3.110673 0.216243
v 1.011964 -3.073175 0.216243
v 1.055548 -3.032819 0.216243
v 1.099364 -2.992249 0.216243
v 1.137021 -2.949308 0.216243
v 1.176071 -2.904344 0.216243
v 1.271770 -2.905157 0.216243
v 1.213600 -2.860229 0.216243
v 1.308731 -2.856031 0.216243
v 1.249186 -2.812198 0.216243
v 1.344003 -2.805552 0.216243
v 1.282723 -2.764613 0.216243
v 1.377445 -2.753636 0.216243
v 1.315490 -2.714581 0.216243
v 1.408482 -2.700747 0.216243
v 1.344303 -2.665113 0.216243
v 1.437178 -2.647090 0.216243
v 1.372681 -2.613646 0.216243
v 1.463023 -2.592121 0.216243
v 1.395279 -2.562286 0.216243
v 1.486455 -2.535851 0.216243
v 1.417204 -2.510153 0.216243
v 1.507402 -2.478144 0.216243
v 1.436638 -2.453951 0.216243
v 1.526718 -2.419327 0.216243
v 1.454636 -2.397277 0.216243
v 1.616013 -2.380132 0.216243
v 1.544595 -2.359806 0.216243
v 1.471791 -2.339500 0.216243
v 1.632679 -2.317967 0.216243
v 1.560989 -2.299883 0.216243
v 1.487439 -2.280747 0.216243
v 1.647577 -2.255146 0.216243
v 1.575970 -2.239611 0.216243
v 1.502185 -2.222326 0.216243
v 1.660553 -2.191700 0.216243
v 1.589193 -2.179303 0.216243
v 1.515739 -2.165824 0.216243
v 1.671124 -2.127382 0.216243
v 1.599500 -2.118716 0.216243
v 1.525202 -2.110392 0.216243
v 1.678478 -2.062290 0.216243
v 1.606173 -2.058039 0.216243
v 1.530503 -2.052851 0.216243
v 1.682188 -1.995321 0.216243
v 1.608978 -1.996824 0.216243
v 1.536124 -1.994099 0.216243
v 1.685366 -1.921728 0.216243
v 1.599436 -1.930585 0.216243
v 1.543719 -1.945571 0.216243
vn -0.000000 -0.000000 1.000000
vn 0.000000 0.000000 1.000000
vn 0.000000 0.000000 1.000000
vn -0.000000 -0.000000 1.000000
vn -0.000002 0.000002 1.000000
vn -0.000002 0.000002 1.000000
vn 0.000001 0.000002 1.000000
vn -0.000001 0.000003 1.000000
vn 0.000001 0.000002 1.000000
vn -0.000000 -0.000000 1.000000
vn -0.000000 -0.000000 1.000000
vn -0.000001 0.000001 1.000000
vn -0.000000 -0.000000 1.000000
vn -0.000001 -0.000000 1.000000
vn 0.000000 0.000002 1.000000
vn -0.000001 -0.000000 1.000000
vn -0.000001 -0.000000 1.000000
vn 0.000001 0.000000 1.000000
vn 0.000000 0.000000 1.000000
vn -0.000000 -0.000000 1.000000
vn -0.000001 -0.000001 1.000000
vn 0.000000 0.000000 1.000000
vn 0.000000 0.000000 1.000000
vn -0.000001 0.000000 1.000000
vn -0.000000 -0.000000 1.000000
vn -0.000000 -0.000000 1.000000
vn -0.000002 0.000001 1.000000
vn -0.000000 -0.000000 1.000000
vn -0.000001 -0.000000 1.000000
vn -0.000002 0.000001 1.000000
vn -0.000001 0.000001 1.000000
vn 0.000000 0.000000 1.000000
vn -0.000000 -0.000000 1.000000
vn -0.000001 0.000001 1.000000
vn 0.000000 0.000000 1.000000
vn -0.000000 -0.000000 1.000000
vn -0.000002 0.000001 1.000000
vn 0.000000 0.000000 1.000000
vn -0.000000 -0.000000 1.000000
vn -0.000002 0.000001 1.000000
vn 0.000000 0.000000 1.000000
vn 0.000000 0.000000 1.000000
vn -0.000000 0.000001 1.000000
vn 0.000001 0.000000 1.000000
vn 0.000000 0.000000 1.000000
vn 0.000001 0.000000 1.000000
vn 0.000001 0.000000 1.000000
vn -0.000000 -0.000000 1.000000
vn -0.000000 -0.000001 1.000000
vn 0.000000 0.000000 1.000000
vn 0.000000 0.000000 1.000000
vn -0.000002 -0.000000 1.000000
vn 0.000000 0.000000 1.000000
vn 0.000000 0.000000 1.000000
vn 0.000000 0.000001 1.000000
vn 0.000002 0.000000 1.000000
vn 0.000001 -0.000000 1.000000
vn -0.000000 -0.000000 1.000000
vn 0.000000 0.000000 1.000000
vn 0.000002 -0.000000 1.000000
vn 0.000001 0.000000 1.000000
vn 0.000000 0.000000 1.000000
vn 0.000001 -0.000000 1.000000
vn 0.000000 0.000000 1.000000
vn 0.000002 -0.000000 1.000000
vn -0.000000 -0.000000 1.000000
vn 0.000000 -0.000001 1.000000
vn 0.000001 -0.000001 1.000000
vn 0.000000 -0.000001 1.000000
vn 0.000000 -0.000000 1.000000
vn 0.000001 0.000000 1.000000
vn 0.000000 0.000000 1.000000
vn 0.000000 0.000001 1.000000
vn 0.000002 0.000001 1.000000
vn -0.000000 0.000001 1.000000
vn -0.000000 -0.000000 1.000000
vn 0.000000 0.000000 1.000000
vn 0.000003 0.000000 1.000000
vn 0.000000 0.000000 1.000000
vn -0.000000 -0.000000 1.000000
vn 0.000002 0.000000 1.000000
vn -0.000000 -0.000000 1.000000
vn -0.000000 -0.000000 1.000000
vn 0.000002 0.000000 1.000000
vn 0.000000 0.000000 1.000000
vn -0.000000 -0.000000 1.000000
vn 0.000002 0.000000 1.000000
vn 0.000000 0.000000 1.000000
vn 0.000000 0.000000 1.000000
vn 0.000002 0.000000 1.000000
vn -0.000000 -0.000000 1.000000
vn 0.000000 0.000000 1.000000
vn 0.000002 0.000001 1.000000
vn -0.000000 -0.000000 1.000000
vn -0.000000 -0.000000 1.000000
vn 0.000002 0.000001 1.000000
vn 0.000000 0.000000 1.000000
vn 0.000000 0.000000 1.000000
vn 0.000002 0.000001 1.000000
vn 0.000002 0.000001 1.000000
vn 0.000000 0.000000 1.000000
vn 0.000000 0.000000 1.000000
vn 0.000002 0.000001 1.000000
vn 0.000002 0.000001 1.000000
vn 0.000000 0.000000 1.000000
vn 0.000003 0.000003 1.000000
vn 0.000003 0.000003 1.000000
vn 0.000003 0.000003 1.000000
vn 0.000000 0.000000 1.000000
vn 0.000002 0.000001 1.000000
vn 0.000003 0.000003 1.000000
vn -0.000000 -0.000000 1.000000
vn 0.000001 0.000001 1.000000
vn 0.000001 0.000003 1.000000
vn -0.000000 -0.000000 1.000000
vn 0.000000 0.000001 1.000000
vn 0.000001 0.000002 1.000000
vn 0.000000 0.000000 1.000000
vn 0.000002 0.000001 1.000000
vn 0.000004 0.000002 1.000000
vn 0.000000 0.000000 1.000000
vn 0.000001 0.000002 1.000000
vn 0.000003 0.000003 1.000000
vn 0.000002 -0.000001 1.000000
vn 0.000003 -0.000001 1.000000
vn 0.000003 0.000001 1.000000
vn 0.000003 -0.000002 1.000000
vn 0.000004 -0.000001 1.000000
vn 0.000004 0.000002 1.000000
vn 0.000001 -0.000001 1.000000
vn 0.000003 -0.000003 1.000000
vn 0.000002 -0.000001 1.000000
vn 0.000004 -0.000003 1.000000
vn 0.000002 -0.000001 1.000000
vn 0.000004 -0.000003 1.000000
vn 0.000002 -0.000001 1.000000
vn 0.000003 -0.000003 1.000000
vn 0.000001 -0.000001 1.000000
vn 0.000003 -0.000003 1.000000
vn 0.000001 -0.000001 1.000000
vn 0.000003 -0.000003 1.000000
vn 0.000001 -0.000001 1.000000
vn 0.000004 -0.000003 1.000000
vn 0.000001 -0.000001 1.000000
vn 0.000004 -0.000002 1.000000
vn 0.000001 -0.000001 1.000000
vn 0.000003 -0.000002 1.000000
vn 0.000002 -0.000001 1.000000
vn 0.000003 -0.000002 1.000000
vn 0.000001 -0.000001 1.000000
vn 0.000003 -0.000002 1.000000
vn 0.000001 -0.000001 1.000000
vn 0.000004 -0.000002 1.000000
vn 0.000001 -0.000001 1.000000
vn 0.000004 -0.000001 1.000000
vn 0.000002 -0.000001 1.000000
vn 0.000004 -0.000001 1.000000
vn 0.000002 -0.000001 1.000000
vn 0.000004 -0.000001 1.000000
vn -0.000000 -0.000000 1.000000
vn 0.000002 -0.000000 1.000000
vn -0.000000 -0.000000 1.000000
vn 0.000004 -0.000001 1.000000
vn -0.000001 -0.000001 1.000000
vn 0.000001 -0.000001 1.000000
vn -0.000000 -0.000001 1.000000
vn 0.000004 -0.000001 1.000000
vn 0.000004 -0.000001 1.000000
vn 0.000005 -0.000001 1.000000
vn 0.000004 -0.000000 1.000000
vn 0.000004 -0.000000 1.000000
vn 0.000004 -0.000000 1.000000
vn 0.000004 0.000000 1.000000
vn 0.000004 0.000000 1.000000
vn 0.000004 0.000000 1.000000
vn 0.000005 0.000000 1.000000
vn 0.000005 0.000001 1.000000
vn 0.000004 0.000001 1.000000
vn 0.000004 0.000001 1.000000
vn 0.000003 0.000001 1.000000
vn 0.000004 0.000001 1.000000
vn 0.000003 0.000002 1.000000
vn 0.000002 0.000001 1.000000
vn 0.000004 0.000002 1.000000
vn 0.000000 0.000000 1.000000
vn 0.000002 0.000001 1.000000
vn 0.000004 0.000002 1.000000
vn 0.000000 0.000000 1.000000
vn 0.000002 0.000001 1.000000
vn 0.000004 0.000002 1.000000
vn 0.000000 0.000000 1.000000
vn 0.000002 0.000001 1.000000
vn 0.000004 0.000002 1.000000
vn 0.000000 0.000000 1.000000
vn 0.000002 0.000001 1.000000
vn 0.000004 0.000002 1.000000
vn -0.000000 -0.000000 1.000000
vn 0.000002 0.000001 1.000000
vn 0.000003 0.000002 1.000000
vn 0.000000 0.000000 1.000000
vn 0.000002 0.000001 1.000000
vn 0.000003 0.000003 1.000000
vn 0.000001 0.000000 1.000000
vn 0.000002 0.000001 1.000000
vn 0.000003 0.000003 1.000000
vn 0.000000 0.000000 1.000000
vn 0.000002 0.000001 1.000000
vn 0.000003 0.000003 1.000000
vn 0.000000 0.000000 1.000000
vn 0.000003 0.000004 1.000000
vn 0.000002 0.000004 1.000000
vn -0.000001 0.000005 1.000000
vn -0.000001 0.000002 1.000000
vn 0.000000 0.000000 1.000000
vn 0.000000 0.000000 1.000000
vn -0.000001 0.000002 1.000000
vn -0.000001 0.000002 1.000000
vn 0.000000 0.000000 1.000000
vn -0.000001 0.000004 1.000000
vn -0.000001 0.000004 1.000000
vn -0.000002 0.000004 1.000000
vn 0.000000 0.000000 1.000000
vn -0.000001 0.000002 1.000000
vn -0.000003 0.000004 1.000000
vn 0.000000 0.000000 1.000000
vn 0.000000 0.000000 1.000000
vn -0.000000 -0.000000 1.000000
vn -0.000000 -0.000000 1.000000
vn 0.000000 0.000000 1.000000
vn 0.000001 0.000000 1.000000
vn -0.000002 0.000001 1.000000
vn -0.000002 0.000002 1.000000
vn -0.000002 0.000001 1.000000
vn -0.000000 -0.000000 1.000000
vn 0.000001 0.000000 1.000000
vn -0.000001 0.000001 1.000000
vn -0.000000 -0.000000 1.000000
vn 0.000001 0.000000 1.000000
vn -0.000001 0.000001 1.000000
vn 0.000000 -0.000000 1.000000
vn 0.000000 0.000000 1.000000
vn -0.000001 0.000001 1.000000
vn -0.000000 -0.000000 1.000000
vn -0.000002 0.000001 1.000000
vn 0.000000 0.000000 1.000000
vn 0.000000 0.000000 1.000000
vn 0.000001 -0.000001 1.000000
vn 0.000001 -0.000001 1.000000
vn -0.000000 -0.000000 1.000000
vn 0.000001 0.000000 1.000000
vn 0.000001 -0.000001 1.000000
vn 0.000000 0.000000 1.000000
vn 0.000000 0.000000 1.000000
vn -0.000000 -0.000000 1.000000
vn 0.000001 0.000000 1.000000
vn -0.000000 0.000001 1.000000
vn 0.000000 0.000000 1.000000
vn -0.000000 -0.000000 1.000000
vn -0.000000 0.000000 1.000000
vn 0.000001 -0.000000 1.000000
vn 0.000000 -0.000001 1.000000
vn -0.000000 -0.000001 1.000000
vn 0.000000 -0.000001 1.000000
vn -0.000000 -0.000000 1.000000
vn -0.000000 0.000001 1.000000
vn 0.000002 -0.000000 1.000000
vn 0.000000 0.000000 1.000000
vn -0.000001 0.000000 1.000000
vn 0.000002 -0.000001 1.000000
vn 0.000000 0.000000 1.000000
vn -0.000001 -0.000000 1.000000
vn 0.000002 -0.000001 1.000000
vn 0.000002 -0.000001 1.000000
vn 0.000004 -0.000001 1.000000
vn 0.000004 -0.000001 1.000000
vn 0.000002 -0.000000 1.000000
vn 0.000004 -0.000001 1.000000
vn -0.000000 -0.000000 1.000000
vn 0.000000 0.000000 1.000000
vn 0.000004 -0.000001 1.000000
vn 0.000002 -0.000000 1.000000
vn -0.000000 -0.000000 1.000000
vn 0.000003 -0.000001 1.000000
vn 0.000002 -0.000000 1.000000
vn 0.000000 0.000000 1.000000
vn 0.000003 -0.000001 1.000000
vn 0.000002 -0.000000 1.000000
vn 0.000000 0.000000 1.000000
vn 0.000002 -0.000000 1.000000
vn 0.000001 0.000000 1.000000
vn 0.000003 -0.000001 1.000000
vn 0.000002 0.000001 1.000000
vn 0.000001 0.000002 1.000000
vn 0.000002 0.000001 1.000000
vn 0.000001 0.000003 1.000000
vn 0.000001 0.000004 1.000000
vn 0.000001 0.000002 1.000000
vn -0.000001 0.000003 1.000000
vn 0.000002 0.000001 1.000000
vn -0.000004 0.000002 1.000000
vn -0.000000 -0.000002 1.000000
vn -0.000004 -0.000000 1.000000
vn -0.000002 0.000000 1.000000
vn -0.000004 0.000001 1.000000
vn -0.000002 0.000000 1.000000
vn -0.000004 0.000001 1.000000
vn -0.000002 0.000000 1.000000
vn -0.000004 0.000001 1.000000
vn -0.000001 0.000001 1.000000
vn -0.000002 0.000002 1.000000
vn -0.000001 0.000000 1.000000
vn -0.000001 0.000000 1.000000
vn -0.000002 -0.000000 1.000000
vn -0.000003 -0.000001 1.000000
vn -0.000003 0.000000 1.000000
vn -0.000004 0.000000 1.000000
vn -0.000002 -0.000000 1.000000
vn -0.000004 -0.000000 1.000000
vn -0.000002 -0.000000 1.000000
vn -0.000003 -0.000000 1.000000
vn -0.000002 -0.000000 1.000000
vn -0.000004 -0.000001 1.000000
vn -0.000002 -0.000000 1.000000
vn -0.000004 -0.000001 1.000000
vn -0.000002 -0.000000 1.000000
vn -0.000004 -0.000001 1.000000
vn -0.000001 0.000000 1.000000
vn -0.000004 0.000000 1.000000
vn -0.000001 -0.000000 1.000000
vn -0.000002 -0.000000 1.000000
vn -0.000002 -0.000001 1.000000
vn -0.000003 -0.000002 1.000000
vn -0.000002 -0.000001 1.000000
vn -0.000004 -0.000001 1.000000
vn -0.000002 -0.000001 1.000000
vn -0.000004 -0.000001 1.000000
vn -0.000002 -0.000001 1.000000
vn -0.000000 -0.000000 1.000000
vn -0.000004 -0.000002 1.000000
vn -0.000002 -0.000001 1.000000
vn -0.000000 -0.000000 1.000000
vn -0.000004 -0.000002 1.000000
vn -0.000002 -0.000001 1.000000
vn -0.000000 -0.000000 1.000000
vn -0.000004 -0.000002 1.000000
vn -0.000002 -0.000001 1.000000
vn 0.000000 0.000000 1.000000
vn -0.000003 -0.000002 1.000000
vn -0.000002 -0.000001 1.000000
vn -0.000000 -0.000000 1.000000
vn -0.000004 -0.000002 1.000000
vn -0.000002 -0.000001 1.000000
vn -0.000000 -0.000000 1.000000
vn -0.000003 -0.000002 1.000000
vn -0.000002 -0.000000 1.000000
vn -0.000000 -0.000000 1.000000
vn -0.000003 -0.000001 1.000000
vn -0.000001 -0.000001 1.000000
vn 0.000000 -0.000000 1.000000
vn -0.000001 -0.000001 1.000000
vn -0.000001 -0.000001 1.000000
vn 0.000000 -0.000000 1.000000
vn -0.000002 -0.000003 1.000000
vn -0.000002 -0.000001 1.000000
vn -0.000000 -0.000000 1.000000
vn -0.000003 -0.000003 1.000000
vn -0.000001 -0.000001 1.000000
vn 0.000000 0.000000 1.000000
vn -0.000003 -0.000001 1.000000
vn -0.000000 -0.000001 1.000000
vn 0.000000 0.000000 1.000000
vn -0.000001 -0.000001 1.000000
vn -0.000000 -0.000002 1.000000
vn 0.000000 -0.000000 1.000000
vn -0.000001 -0.000003 1.000000
vn -0.000002 -0.000002 1.000000
vn -0.000001 -0.000000 1.000000
vn -0.000003 -0.000003 1.000000
vn -0.000001 -0.000002 1.000000
vn -0.000000 -0.000000 1.000000
vn -0.000003 -0.000003 1.000000
vn -0.000001 -0.000001 1.000000
vn 0.000001 0.000000 1.000000
vn -0.000003 -0.000002 1.000000
vn -0.000000 -0.000001 1.000000
vn 0.000000 -0.000000 1.000000
vn -0.000001 -0.000002 1.000000
vn 0.000001 -0.000002 1.000000
vn 0.000000 -0.000001 1.000000
vn 0.000001 -0.000003 1.000000
vn 0.000000 -0.000000 1.000000
vn 0.000001 0.000002 1.000000
vn -0.000001 -0.000002 1.000000
vn -0.000001 -0.000001 1.000000
vn -0.000001 -0.000002 1.000000
vn -0.000000 -0.000000 1.000000
vn 0.000001 0.000002 1.000000
vn -0.000002 -0.000001 1.000000
vn -0.000001 -0.000000 1.000000
vn -0.000003 -0.000001 1.000000
vn -0.000000 -0.000000 1.000000
vn 0.000001 0.000002 1.000000
vn -0.000001 -0.000001 1.000000
vn -0.000000 -0.000000 1.000000
vn -0.000001 -0.000002 1.000000
vn 0.000000 -0.000000 1.000000
vn 0.000001 0.000002 1.000000
vn 0.000002 0.000004 1.000000
vn 0.000002 0.000004 1.000000
vn 0.000001 0.000004 1.000000
vn -0.000000 -0.000001 1.000000
vn 0.000001 -0.000000 1.000000
vn -0.000001 -0.000003 1.000000
vn 0.000001 -0.000001 1.000000
vn 0.000000 0.000002 1.000000
vn 0.000001 0.000004 1.000000
vn 0.000000 -0.000001 1.000000
vn 0.000000 0.000000 1.000000
vn -0.000001 -0.000004 1.000000
vn -0.000000 -0.000001 1.000000
vn 0.000001 0.000002 1.000000
vn 0.000001 0.000004 1.000000
vn -0.000000 -0.000001 1.000000
vn -0.000001 0.000000 1.000000
vn -0.000000 -0.000004 1.000000
vn -0.000000 -0.000000 1.000000
vn 0.000002 0.000002 1.000000
vn 0.000002 0.000002 1.000000
vn -0.000001 -0.000002 1.000000
vn -0.000000 -0.000000 1.000000
vn -0.000001 -0.000004 1.000000
vn -0.000000 0.000001 1.000000
vn 0.000001 0.000002 1.000000
vn 0.000001 0.000002 1.000000
vn -0.000000 -0.000002 1.000000
vn 0.000000 0.000000 1.000000
vn -0.000001 -0.000004 1.000000
vn -0.000001 0.000001 1.000000
vn -0.000001 0.000002 1.000000
vn -0.000001 0.000003 1.000000
vn -0.000000 -0.000002 1.000000
vn 0.000001 0.000000 1.000000
vn -0.000001 -0.000004 1.000000
vn 0.000000 0.000000 1.000000
vn 0.000000 0.000002 1.000000
vn 0.000001 0.000004 1.000000
vn -0.000001 -0.000001 1.000000
vn -0.000000 -0.000000 1.000000
vn -0.000002 -0.000003 1.000000
vn 0.000000 0.000000 1.000000
vn -0.000000 0.000001 1.000000
vn -0.000001 0.000003 1.000000
vn -0.000001 -0.000001 1.000000
vn -0.000000 -0.000000 1.000000
vn -0.000001 -0.000002 1.000000
vn 0.000000 -0.000000 1.000000
vn 0.000000 0.000001 1.000000
vn 0.000000 0.000002 1.000000
vn -0.000000 -0.000001 1.000000
vn 0.000000 0.000000 1.000000
vn -0.000000 -0.000002 1.000000
vn 0.000000 0.000000 1.000000
vn 0.000001 0.000001 1.000000
vn 0.000002 0.000003 1.000000
vn 0.000000 -0.000001 1.000000
vn 0.000001 0.000000 1.000000
vn 0.000000 -0.000002 1.000000
vn 0.000000 0.000000 1.000000
vn -0.000000 0.000002 1.000000
vn 0.000001 0.000004 1.000000
vn 0.000001 -0.000002 1.000000
vn -0.000000 -0.000000 1.000000
vn 0.000001 -0.000003 1.000000
vn -0.000000 -0.000000 1.000000
vn -0.000000 0.000002 1.000000
vn -0.000000 0.000004 1.000000
vn -0.000000 -0.000002 1.000000
vn -0.000000 -0.000000 1.000000
vn 0.000000 -0.000004 1.000000
vn 0.000000 -0.000000 1.000000
vn -0.000000 0.000002 1.000000
vn -0.000000 0.000004 1.000000
vn -0.000000 -0.000002 1.000000
vn 0.000000 -0.000000 1.000000
vn -0.000001 -0.000003 1.000000
vn 0.000000 -0.000000 1.000000
vn -0.000000 0.000002 1.000000
vn -0.000000 0.000004 1.000000
vn 0.000000 -0.000001 1.000000
vn -0.000000 -0.000000 1.000000
vn 0.000000 -0.000002 1.000000
vn -0.000000 -0.000000 1.000000
vn 0.000000 0.000002 1.000000
vn -0.000001 0.000004 1.000000
vn 0.000001 -0.000001 1.000000
vn -0.000000 -0.000000 1.000000
vn 0.000001 -0.000003 1.000000
vn 0.000000 0.000000 1.000000
vn 0.000000 0.000002 1.000000
vn -0.000001 0.000004 1.000000
vn 0.000000 -0.000002 1.000000
vn 0.000000 0.000000 1.000000
vn 0.000001 -0.000004 1.000000
vn 0.000001 0.000000 1.000000
vn 0.000000 0.000002 1.000000
vn -0.000000 0.000004 1.000000
vn -0.000000 -0.000002 1.000000
vn 0.000000 0.000000 1.000000
vn -0.000001 -0.000003 1.000000
vn 0.000000 0.000000 1.000000
vn 0.000000 0.000002 1.000000
vn -0.000001 0.000004 1.000000
vn 0.000000 -0.000001 1.000000
vn 0.000000 -0.000000 1.000000
vn 0.000001 -0.000002 1.000000
vn 0.000000 -0.000000 1.000000
vn -0.000001 0.000002 1.000000
vn -0.000001 0.000004 1.000000
vn 0.000001 -0.000001 1.000000
vn 0.000000 -0.000000 1.000000
vn 0.000002 -0.000003 1.000000
vn 0.000000 -0.000000 1.000000
vn -0.000000 0.000002 1.000000
vn -0.000001 0.000004 1.000000
vn 0.000002 -0.000002 1.000000
vn 0.000001 -0.000000 1.000000
vn 0.000002 -0.000002 1.000000
vn 0.000001 -0.000002 1.000000
vn 0.000001 -0.000001 1.000000
vn 0.000001 -0.000002 1.000000
vn 0.000000 -0.000002 1.000000
vn 0.000000 -0.000001 1.000000
vn 0.000000 -0.000003 1.000000
vn 0.000001 -0.000002 1.000000
vn -0.000000 -0.000000 1.000000
vn 0.000002 -0.000004 1.000000
vn 0.000001 -0.000002 1.000000
vn -0.000000 -0.000000 1.000000
vn 0.000002 -0.000003 1.000000
vn 0.000000 0.000000 1.000000
vn -0.000001 0.000002 1.000000
vn 0.000000 -0.000002 1.000000
vn -0.000000 -0.000000 1.000000
vn 0.000001 -0.000003 1.000000
vn 0.000000 0.000000 1.000000
vn -0.000001 0.000002 1.000000
vn 0.000000 -0.000001 1.000000
vn -0.000000 -0.000000 1.000000
vn 0.000001 -0.000002 1.000000
vn -0.000000 -0.000000 1.000000
vn -0.000001 0.000002 1.000000
vn 0.000002 -0.000001 1.000000
vn 0.000000 0.000000 1.000000
vn 0.000002 -0.000002 1.000000
vn -0.000001 -0.000000 1.000000
vn -0.000002 0.000002 1.000000
vn 0.000001 -0.000002 1.000000
vn 0.000002 -0.000003 1.000000
vn 0.000001 -0.000002 1.000000
vn 0.000002 -0.000003 1.000000
vn 0.000001 -0.000002 1.000000
vn 0.000002 -0.000003 1.000000
vn 0.000000 -0.000001 1.000000
vn 0.000002 -0.000001 1.000000
vn 0.000001 -0.000001 1.000000
vn 0.000003 -0.000001 1.000000
vn 0.000002 -0.000001 1.000000
vn 0.000003 -0.000003 1.000000
vn 0.000002 -0.000001 1.000000
vn 0.000003 -0.000003 1.000000
vn 0.000002 -0.000001 1.000000
vn 0.000001 0.000000 1.000000
vn 0.000003 -0.000002 1.000000
vn -0.000000 -0.000000 1.000000
vn 0.000002 -0.000003 1.000000
vn 0.000001 -0.000001 1.000000
vn 0.000002 -0.000001 1.000000
vn 0.000002 -0.000001 1.000000
vn 0.000001 -0.000001 1.000000
vn 0.000002 -0.000001 1.000000
vn 0.000004 -0.000000 1.000000
vn 0.000004 -0.000001 1.000000
vn -0.000003 0.000004 1.000000
vn -0.000003 0.000003 1.000000
vn -0.000003 0.000003 1.000000
vn 0.000001 0.000003 1.000000
vn 0.000001 0.000000 1.000000
vn -0.000002 -0.000002 1.000000
vn -0.000003 0.000001 1.000000
vn -0.000003 0.000002 1.000000
vn -0.000003 0.000002 1.000000
vn -0.000003 0.000002 1.000000
vn -0.000003 0.000002 1.000000
vn -0.000004 0.000002 1.000000
vn 0.000001 0.000003 1.000000
vn -0.000003 0.000003 1.000000
vn -0.000002 0.000003 1.000000
vn -0.000002 0.000003 1.000000
vn -0.000003 0.000003 1.000000
vn -0.000003 0.000003 1.000000
vn -0.000003 0.000003 1.000000
vn -0.000003 0.000003 1.000000
vn -0.000003 0.000003 1.000000
vn -0.000003 0.000003 1.000000
vn -0.000003 0.000003 1.000000
vn -0.000003 0.000003 1.000000
vn -0.000001 0.000001 1.000000
vn -0.000002 0.000003 1.000000
vn -0.000001 0.000001 1.000000
vn -0.000003 0.000002 1.000000
vn -0.000001 0.000001 1.000000
vn -0.000003 0.000002 1.000000
vn -0.000001 0.000001 1.000000
vn -0.000002 0.000002 1.000000
vn -0.000001 0.000001 1.000000
vn -0.000003 0.000002 1.000000
vn -0.000001 0.000001 1.000000
vn -0.000003 0.000002 1.000000
vn -0.000001 0.000001 1.000000
vn -0.000003 0.000002 1.000000
vn -0.000001 0.000002 1.000000
vn -0.000002 0.000002 1.000000
vn -0.000002 0.000001 1.000000
vn -0.000002 0.000001 1.000000
vn -0.000003 -0.000001 1.000000
vn -0.000004 -0.000000 1.000000
vn -0.000000 -0.000000 1.000000
vn -0.000002 0.000001 1.000000
vn -0.000004 0.000001 1.000000
vn -0.000001 -0.000000 1.000000
vn -0.000002 0.000000 1.000000
vn -0.000003 0.000001 1.000000
vn -0.000001 -0.000000 1.000000
vn -0.000002 0.000000 1.000000
vn -0.000004 0.000001 1.000000
vn -0.000000 -0.000000 1.000000
vn -0.000002 0.000000 1.000000
vn -0.000004 0.000001 1.000000
vn 0.000000 0.000000 1.000000
vn -0.000002 0.000000 1.000000
vn -0.000004 0.000001 1.000000
vn 0.000000 0.000000 1.000000
vn -0.000002 0.000000 1.000000
vn -0.000004 0.000000 1.000000
vn 0.000000 0.000002 1.000000
vn -0.000001 0.000001 1.000000
vn -0.000003 0.000000 1.000000
vn 0.000001 0.000003 1.000000
vn -0.000001 0.000001 1.000000
vn -0.000004 -0.000000 1.000000
vn -0.000000 -0.000000 -1.000000
vn -0.000000 -0.000000 -1.000000
vn 0.000000 0.000000 -1.000000
vn -0.000000 -0.000000 -1.000000
vn 0.000000 0.000000 -1.000000
vn -0.000000 -0.000000 -1.000000
vn -0.000000 -0.000000 -1.000000
vn 0.000000 0.000000 -1.000000
vn -0.000000 -0.000000 -1.000000
vn -0.000000 -0.000000 -1.000000
vn -0.000000 -0.000000 -1.000000
vn 0.000000 0.000000 -1.000000
vn 0.000000 0.000000 -1.000000
vn -0.000000 -0.000000 -1.000000
vn -0.000000 -0.000000 -1.000000
vn -0.000000 -0.000000 -1.000000
vn -0.000000 -0.000000 -1.000000
vn -0.000000 -0.000000 -1.000000
vn -0.000001 -0.000000 -1.000000
vn -0.000000 -0.000000 -1.000000
vn 0.000000 0.000000 -1.000000
vn -0.000000 -0.000000 -1.000000
vn -0.000000 -0.000000 -1.000000
vn -0.000000 -0.000000 -1.000000
vn 0.000000 0.000000 -1.000000
vn -0.000000 -0.000000 -1.000000
vn -0.000000 -0.000000 -1.000000
vn 0.000000 0.000000 -1.000000
vn 0.000000 0.000000 -1.000000
vn 0.000000 0.000000 -1.000000
vn 0.000001 0.000000 -1.000000
vn 0.000000 0.000000 -1.000000
vn 0.000000 0.000000 -1.000000
vn 0.000000 0.000000 -1.000000
vn -0.000000 -0.000000 -1.000000
vn 0.000000 0.000000 -1.000000
vn -0.000000 -0.000000 -1.000000
vn -0.000000 -0.000000 -1.000000
vn -0.000000 -0.000000 -1.000000
vn 0.000000 0.000000 -1.000000
vn 0.000000 0.000000 -1.000000
vn -0.000000 -0.000000 -1.000000
vn 0.000000 0.000000 -1.000000
vn 0.000001 -0.000000 -1.000000
vn -0.000000 -0.000000 -1.000000
vn 0.000000 0.000000 -1.000000
vn 0.000000 -0.000000 -1.000000
vn -0.000000 -0.000000 -1.000000
vn -0.000000 -0.000000 -1.000000
vn -0.000000 -0.000000 -1.000000
vn -0.000000 -0.000000 -1.000000
vn -0.000000 -0.000000 -1.000000
vn -0.000000 -0.000000 -1.000000
vn 0.000000 0.000000 -1.000000
vn -0.000000 -0.000001 -1.000000
vn 0.000000 0.000000 -1.000000
vn 0.000001 -0.000000 -1.000000
vn 0.000000 -0.000000 -1.000000
vn 0.000000 0.000000 -1.000000
vn 0.000000 0.000000 -1.000000
vn 0.000000 0.000000 -1.000000
vn -0.000000 -0.000000 -1.000000
vn -0.000000 0.000000 -1.000000
vn 0.000000 0.000000 -1.000000
vn -0.000000 -0.000000 -1.000000
vn 0.000000 0.000000 -1.000000
vn 0.000000 0.000000 -1.000000
vn -0.000000 0.000001 -1.000000
vn -0.000000 0.000000 -1.000000
vn 0.000001 0.000000 -1.000000
vn 0.000000 0.000000 -1.000000
vn -0.000000 -0.000000 -1.000000
vn 0.000000 -0.000000 -1.000000
vn 0.000000 -0.000001 -1.000000
vn -0.000000 -0.000000 -1.000000
vn 0.000000 0.000000 -1.000000
vn -0.000000 -0.000000 -1.000000
vn -0.000000 -0.000000 -1.000000
vn -0.000000 -0.000000 -1.000000
vn -0.000000 -0.000000 -1.000000
vn 0.000000 0.000000 -1.000000
vn -0.000000 -0.000000 -1.000000
vn 0.000000 0.000000 -1.000000
vn -0.000000 -0.000000 -1.000000
vn 0.000000 0.000000 -1.000000
vn 0.000000 0.000000 -1.000000
vn 0.000000 0.000000 -1.000000
vn -0.000000 -0.000000 -1.000000
vn -0.000000 -0.000000 -1.000000
vn 0.000000 0.000000 -1.000000
vn -0.000000 -0.000000 -1.000000
vn -0.000000 -0.000000 -1.000000
vn 0.000000 0.000000 -1.000000
vn 0.000000 0.000000 -1.000000
vn 0.000000 0.000000 -1.000000
vn -0.000000 0.000000 -1.000000
vn 0.000000 0.000000 -1.000000
vn 0.000000 0.000000 -1.000000
vn -0.000000 -0.000000 -1.000000
vn -0.000000 0.000000 -1.000000
vn -0.000000 -0.000000 -1.000000
vn 0.000000 0.000000 -1.000000
vn 0.000000 0.000000 -1.000000
vn 0.000000 0.000000 -1.000000
vn -0.000000 -0.000000 -1.000000
vn -0.000000 -0.000000 -1.000000
vn -0.000001 0.000000 -1.000000
vn -0.000001 -0.000001 -1.000000
vn 0.000000 -0.000000 -1.000000
vn 0.000000 0.000000 -1.000000
vn 0.000000 -0.000001 -1.000000
vn 0.000000 0.000000 -1.000000
vn -0.000000 -0.000000 -1.000000
vn 0.000000 0.000000 -1.000000
vn -0.000000 -0.000000 -1.000000
vn -0.000000 -0.000000 -1.000000
vn -0.000000 -0.000000 -1.000000
vn -0.000000 -0.000000 -1.000000
vn -0.000000 -0.000000 -1.000000
vn -0.000000 -0.000000 -1.000000
vn 0.000000 0.000000 -1.000000
vn -0.000000 -0.000000 -1.000000
vn 0.000000 0.000000 -1.000000
vn 0.000000 0.000000 -1.000000
vn 0.000000 0.000000 -1.000000
vn -0.000000 -0.000000 -1.000000
vn 0.000000 0.000000 -1.000000
vn -0.000000 -0.000000 -1.000000
vn 0.000000 0.000000 -1.000000
vn -0.000000 -0.000000 -1.000000
vn -0.000000 -0.000000 -1.000000
vn -0.000000 -0.000000 -1.000000
vn -0.000000 -0.000000 -1.000000
vn -0.000000 -0.000000 -1.000000
vn -0.000000 -0.000000 -1.000000
vn -0.000000 -0.000000 -1.000000
vn 0.000000 0.000000 -1.000000
vn -0.000000 -0.000000 -1.000000
vn 0.000000 0.000000 -1.000000
vn -0.000000 -0.000000 -1.000000
vn -0.000001 -0.000000 -1.000000
vn -0.000000 -0.000000 -1.000000
vn -0.000001 -0.000000 -1.000000
vn 0.000000 0.000000 -1.000000
vn -0.000000 -0.000000 -1.000000
vn 0.000000 0.000000 -1.000000
vn 0.000000 0.000000 -1.000000
vn 0.000000 0.000000 -1.000000
vn 0.000000 0.000000 -1.000000
vn -0.000000 -0.000000 -1.000000
vn 0.000000 0.000000 -1.000000
vn -0.000000 -0.000000 -1.000000
vn 0.000000 0.000000 -1.000000
vn -0.000000 -0.000000 -1.000000
vn 0.000000 0.000000 -1.000000
vn -0.000000 -0.000000 -1.000000
vn 0.000000 0.000000 -1.000000
vn 0.000000 0.000000 -1.000000
vn 0.000000 0.000000 -1.000000
vn -0.000000 -0.000000 -1.000000
vn 0.000000 0.000000 -1.000000
vn -0.000000 -0.000000 -1.000000
vn -0.000000 -0.000000 -1.000000
vn 0.000000 0.000000 -1.000000
vn 0.000000 0.000001 -1.000000
vn -0.000000 0.000000 -1.000000
vn -0.000000 -0.000000 -1.000000
vn 0.000000 0.000000 -1.000000
vn 0.000000 0.000000 -1.000000
vn 0.000000 0.000000 -1.000000
vn 0.000001 0.000000 -1.000000
vn 0.000000 0.000000 -1.000000
vn 0.000000 0.000000 -1.000000
vn -0.000000 -0.000000 -1.000000
vn -0.000000 -0.000000 -1.000000
vn 0.000001 0.000000 -1.000000
vn 0.000000 0.000000 -1.000000
vn 0.000000 0.000000 -1.000000
vn -0.000000 -0.000000 -1.000000
vn -0.000000 -0.000000 -1.000000
vn -0.000001 0.000000 -1.000000
vn -0.000001 -0.000000 -1.000000
vn -0.000000 -0.000001 -1.000000
vn -0.000000 -0.000000 -1.000000
vn -0.000000 -0.000000 -1.000000
vn 0.000000 0.000000 -1.000000
vn 0.000000 0.000000 -1.000000
vn 0.000000 0.000000 -1.000000
vn 0.000000 0.000000 -1.000000
vn 0.000000 0.000000 -1.000000
vn 0.000000 0.000000 -1.000000
vn -0.000000 -0.000000 -1.000000
vn -0.000000 -0.000000 -1.000000
vn -0.000000 -0.000000 -1.000000
vn -0.000000 -0.000000 -1.000000
vn 0.000000 0.000000 -1.000000
vn 0.000000 0.000000 -1.000000
vn 0.000000 0.000000 -1.000000
vn 0.000000 0.000000 -1.000000
vn 0.000000 0.000000 -1.000000
vn 0.000000 0.000000 -1.000000
vn 0.000000 0.000000 -1.000000
vn -0.000000 -0.000000 -1.000000
vn 0.000000 0.000000 -1.000000
vn -0.000000 -0.000000 -1.000000
vn -0.000000 -0.000000 -1.000000
vn -0.000000 -0.000000 -1.000000
vn -0.000000 -0.000000 -1.000000
vn 0.000000 0.000000 -1.000000
vn 0.000000 0.000000 -1.000000
vn 0.000000 0.000000 -1.000000
vn 0.000000 0.000000 -1.000000
vn 0.000000 0.000000 -1.000000
vn -0.000000 -0.000000 -1.000000
vn 0.000000 0.000000 -1.000000
vn 0.000000 0.000000 -1.000000
vn -0.000000 -0.000000 -1.000000
vn -0.000000 -0.000000 -1.000000
vn -0.000000 -0.000000 -1.000000
vn 0.000000 0.000000 -1.000000
vn -0.000000 -0.000000 -1.000000
vn 0.000000 0.000000 -1.000000
vn 0.000000 0.000000 -1.000000
vn 0.000000 0.000000 -1.000000
vn -0.000000 -0.000000 -1.000000
vn -0.000000 -0.000000 -1.000000
vn -0.000000 -0.000000 -1.000000
vn -0.000000 -0.000000 -1.000000
vn -0.000000 -0.000000 -1.000000
vn -0.000000 -0.000000 -1.000000
vn -0.000000 -0.000000 -1.000000
vn 0.000000 0.000000 -1.000000
vn 0.000000 0.000000 -1.000000
vn -0.000000 -0.000000 -1.000000
vn 0.000000 0.000000 -1.000000
vn -0.000000 -0.000000 -1.000000
vn -0.000000 -0.000000 -1.000000
vn 0.000000 0.000000 -1.000000
vn -0.000000 -0.000000 -1.000000
vn -0.000000 -0.000000 -1.000000
vn -0.000000 -0.000000 -1.000000
vn -0.000000 -0.000000 -1.000000
vn 0.000000 0.000000 -1.000000
vn 0.000000 0.000000 -1.000000
vn -0.000000 -0.000000 -1.000000
vn 0.000000 0.000000 -1.000000
vn -0.000000 -0.000000 -1.000000
vn 0.000000 0.000000 -1.000000
vn 0.000000 0.000000 -1.000000
vn 0.000000 0.000000 -1.000000
vn 0.000000 0.000000 -1.000000
vn 0.000000 0.000000 -1.000000
vn -0.000000 -0.000000 -1.000000
vn -0.000000 -0.000000 -1.000000
vn -0.000000 -0.000000 -1.000000
vn -0.000000 -0.000000 -1.000000
vn -0.000000 -0.000000 -1.000000
vn 0.000000 -0.000000 -1.000000
vn 0.000000 -0.000000 -1.000000
vn -0.000000 0.000000 -1.000000
vn 0.000000 0.000000 -1.000000
vn 0.000000 0.000000 -1.000000
vn -0.000000 0.000000 -1.000000
vn 0.000000 -0.000000 -1.000000
vn 0.000000 0.000000 -1.000000
vn 0.000000 0.000000 -1.000000
vn 0.000000 -0.000000 -1.000000
vn 0.000000 0.000000 -1.000000
vn -0.000000 -0.000000 -1.000000
vn 0.000000 0.000000 -1.000000
vn 0.000000 0.000000 -1.000000
vn -0.000000 -0.000000 -1.000000
vn -0.000000 -0.000000 -1.000000
vn -0.000000 -0.000000 -1.000000
vn -0.000000 -0.000000 -1.000000
vn -0.000000 -0.000000 -1.000000
vn -0.000001 -0.000000 -1.000000
vn 0.000000 0.000000 -1.000000
vn 0.000000 0.000000 -1.000000
vn 0.000000 0.000000 -1.000000
vn 0.000000 0.000000 -1.000000
vn 0.000000 0.000000 -1.000000
vn 0.000000 0.000000 -1.000000
vn 0.000000 0.000000 -1.000000
vn -0.000000 -0.000000 -1.000000
vn -0.000000 -0.000000 -1.000000
vn -0.000000 -0.000000 -1.000000
vn 0.000000 0.000000 -1.000000
vn 0.000000 0.000000 -1.000000
vn 0.000000 0.000000 -1.000000
vn -0.000000 -0.000000 -1.000000
vn -0.000000 -0.000000 -1.000000
vn 0.000000 0.000000 -1.000000
vn -0.000000 -0.000000 -1.000000
vn -0.000000 -0.000000 -1.000000
vn 0.000000 0.000000 -1.000000
vn 0.000000 0.000000 -1.000000
vn -0.000000 -0.000001 -1.000000
vn 0.000001 -0.000000 -1.000000
vn 0.000001 0.000000 -1.000000
vn -0.000000 -0.000000 -1.000000
vn 0.000000 0.000000 -1.000000
vn -0.000000 -0.000000 -1.000000
vn 0.000000 0.000000 -1.000000
vn -0.000000 -0.000000 -1.000000
vn -0.000000 -0.000000 -1.000000
vn -0.000000 -0.000000 -1.000000
vn 0.000000 0.000000 -1.000000
vn 0.000000 0.000000 -1.000000
vn 0.000000 0.000000 -1.000000
vn 0.000000 0.000000 -1.000000
vn 0.000000 0.000000 -1.000000
vn 0.000000 0.000000 -1.000000
vn -0.000000 -0.000000 -1.000000
vn -0.000000 -0.000000 -1.000000
vn -0.000000 -0.000000 -1.000000
vn -0.000000 -0.000000 -1.000000
vn -0.000000 -0.000000 -1.000000
vn -0.000000 -0.000000 -1.000000
vn -0.000000 -0.000000 -1.000000
vn -0.000000 -0.000000 -1.000000
vn -0.000000 -0.000000 -1.000000
vn -0.000000 -0.000000 -1.000000
vn 0.000000 0.000000 -1.000000
vn 0.000000 0.000000 -1.000000
vn 0.000000 0.000000 -1.000000
vn 0.000000 0.000000 -1.000000
vn 0.000000 0.000000 -1.000000
vn 0.000000 0.000000 -1.000000
vn 0.000000 0.000000 -1.000000
vn 0.000000 0.000000 -1.000000
vn 0.000000 0.000000 -1.000000
vn -0.000000 -0.000000 -1.000000
vn -0.000000 -0.000000 -1.000000
vn 0.000000 0.000000 -1.000000
vn 0.000000 0.000000 -1.000000
vn 0.000000 0.000000 -1.000000
vn 0.000000 0.000000 -1.000000
vn 0.000000 0.000001 -1.000000
vn -0.000000 -0.000000 -1.000000
vn 0.000000 0.000000 -1.000000
vn 0.000001 0.000000 -1.000000
vn -0.000000 -0.000000 -1.000000
vn 0.000000 -0.000000 -1.000000
vn 0.000001 -0.000000 -1.000000
vn -0.000000 -0.000000 -1.000000
vn 0.000000 0.000000 -1.000000
vn 0.000000 0.000000 -1.000000
vn 0.000000 0.000000 -1.000000
vn 0.000000 0.000000 -1.000000
vn -0.000000 -0.000000 -1.000000
vn 0.000000 0.000000 -1.000000
vn 0.000000 0.000000 -1.000000
vn -0.000000 -0.000000 -1.000000
vn 0.000000 0.000000 -1.000000
vn 0.000000 0.000000 -1.000000
vn 0.000000 0.000000 -1.000000
vn 0.000000 0.000000 -1.000000
vn 0.000000 0.000000 -1.000000
vn 0.000000 0.000000 -1.000000
vn 0.000000 0.000000 -1.000000
vn -0.000000 -0.000000 -1.000000
vn -0.000000 -0.000000 -1.000000
vn 0.000000 0.000000 -1.000000
vn -0.000000 -0.000000 -1.000000
vn -0.000000 -0.000000 -1.000000
vn 0.000000 0.000000 -1.000000
vn -0.000000 -0.000000 -1.000000
vn -0.000000 -0.000000 -1.000000
vn -0.000000 -0.000000 -1.000000
vn -0.000000 -0.000000 -1.000000
vn -0.000000 -0.000000 -1.000000
vn -0.000000 -0.000000 -1.000000
vn 0.000000 0.000000 -1.000000
vn 0.000000 0.000000 -1.000000
vn -0.000000 -0.000000 -1.000000
vn 0.000000 0.000000 -1.000000
vn 0.000000 0.000000 -1.000000
vn 0.000000 0.000000 -1.000000
vn -0.000000 -0.000000 -1.000000
vn -0.000000 -0.000000 -1.000000
vn 0.000000 0.000000 -1.000000
vn 0.000000 0.000000 -1.000000
vn 0.000000 0.000000 -1.000000
vn 0.000000 0.000000 -1.000000
vn 0.000000 0.000000 -1.000000
vn 0.000001 0.000000 -1.000000
vn -0.000000 0.000000 -1.000000
vn -0.000000 0.000000 -1.000000
vn -0.000001 -0.000000 -1.000000
vn 0.000000 0.000000 -1.000000
vn 0.000000 0.000000 -1.000000
vn 0.000000 0.000000 -1.000000
vn -0.000000 -0.000000 -1.000000
vn -0.000000 -0.000001 -1.000000
vn 0.000000 0.000000 -1.000000
vn 0.000000 0.000000 -1.000000
vn 0.000000 0.000000 -1.000000
vn 0.000001 -0.000000 -1.000000
vn 0.000000 -0.000001 -1.000000
vn -0.000000 -0.000000 -1.000000
vn 0.000000 0.000000 -1.000000
vn 0.000000 0.000000 -1.000000
vn 0.000000 0.000000 -1.000000
vn 0.000000 0.000000 -1.000000
vn -0.000000 -0.000000 -1.000000
vn -0.000000 -0.000000 -1.000000
vn 0.000000 0.000000 -1.000000
vn 0.000001 0.000000 -1.000000
vn -0.000000 -0.000000 -1.000000
vn -0.000001 0.000000 -1.000000
vn -0.000000 -0.000000 -1.000000
vn -0.000000 -0.000000 -1.000000
vn -0.000000 0.000000 -1.000000
vn 0.000000 0.000000 -1.000000
vn 0.000000 0.000000 -1.000000
vn -0.000000 -0.000000 -1.000000
vn -0.000000 -0.000000 -1.000000
vn -0.000001 -0.000000 -1.000000
vn 0.000000 0.000000 -1.000000
vn 0.000000 0.000000 -1.000000
vn 0.000000 0.000000 -1.000000
vn 0.000001 -0.000000 -1.000000
vn 0.000000 -0.000000 -1.000000
vn 0.000000 0.000000 -1.000000
vn 0.000000 0.000000 -1.000000
vn -0.000000 0.000000 -1.000000
vn -0.000000 0.000001 -1.000000
vn -0.000000 -0.000000 -1.000000
vn -0.000000 -0.000000 -1.000000
vn -0.000000 -0.000000 -1.000000
vn -0.000000 -0.000000 -1.000000
vn 0.000000 -0.000000 -1.000000
vn 0.000000 0.000001 -1.000000
vn -0.000000 -0.000000 -1.000000
vn -0.000000 -0.000000 -1.000000
vn -0.000000 -0.000000 -1.000000
vn 0.000000 -0.000000 -1.000000
vn 0.000001 -0.000000 -1.000000
vn 0.000000 0.000000 -1.000000
vn 0.000000 0.000000 -1.000000
vn 0.000000 0.000000 -1.000000
vn -0.000000 -0.000000 -1.000000
vn -0.000000 -0.000000 -1.000000
vn -0.000000 -0.000000 -1.000000
vn -0.000000 -0.000000 -1.000000
vn 0.000000 0.000000 -1.000000
vn -0.000000 -0.000000 -1.000000
vn -0.000000 -0.000000 -1.000000
vn 0.000000 0.000000 -1.000000
vn -0.000000 -0.000000 -1.000000
vn -0.000000 -0.000000 -1.000000
vn -0.000000 -0.000000 -1.000000
vn -0.000000 -0.000000 -1.000000
vn 0.000000 0.000000 -1.000000
vn 0.000000 0.000000 -1.000000
vn 0.000000 0.000000 -1.000000
vn 0.000000 0.000000 -1.000000
vn 0.000000 0.000000 -1.000000
vn 0.000000 0.000000 -1.000000
vn 0.000000 0.000000 -1.000000
vn 0.000000 0.000000 -1.000000
vn 0.000000 0.000000 -1.000000
vn -0.000000 -0.000000 -1.000000
vn -0.000000 -0.000000 -1.000000
vn -0.000000 -0.000000 -1.000000
vn -0.000000 -0.000000 -1.000000
vn 0.000000 0.000000 -1.000000
vn -0.000000 -0.000000 -1.000000
vn -0.000000 -0.000000 -1.000000
vn -0.000000 -0.000000 -1.000000
vn -0.000000 -0.000000 -1.000000
vn -0.000000 -0.000000 -1.000000
vn -0.000000 -0.000000 -1.000000
vn -0.000000 -0.000000 -1.000000
vn -0.000000 -0.000000 -1.000000
vn 0.000000 0.000000 -1.000000
vn 0.000000 0.000000 -1.000000
vn 0.000000 0.000000 -1.000000
vn 0.000000 0.000000 -1.000000
vn 0.000000 0.000000 -1.000000
vn 0.000000 0.000000 -1.000000
vn 0.000000 0.000000 -1.000000
vn 0.000000 0.000000 -1.000000
vn 0.000000 0.000000 -1.000000
vn -0.000000 -0.000000 -1.000000
vn 0.000000 0.000000 -1.000000
vn 0.000000 0.000000 -1.000000
vn 0.000000 0.000000 -1.000000
vn 0.000000 0.000000 -1.000000
vn 0.000000 0.000000 -1.000000
vn -0.000000 -0.000000 -1.000000
vn -0.000000 -0.000000 -1.000000
vn -0.000000 -0.000000 -1.000000
vn 0.000000 0.000000 -1.000000
vn -0.000000 -0.000000 -1.000000
vn -0.000000 -0.000000 -1.000000
vn 0.000000 0.000000 -1.000000
vn -0.000000 -0.000000 -1.000000
vn -0.000001 -0.000001 -1.000000
vn 0.000000 0.000000 -1.000000
vn -0.000000 -0.000000 -1.000000
vn -0.000000 -0.000000 -1.000000
vn 0.000000 0.000000 -1.000000
vn 0.000000 -0.000000 -1.000000
vn 0.000000 -0.000001 -1.000000
vn 0.000000 0.000000 -1.000000
vn 0.000000 0.000000 -1.000000
vn 0.000000 0.000000 -1.000000
vn 0.000000 0.000000 -1.000000
vn 0.000000 -0.000000 -1.000000
vn 0.000001 -0.000000 -1.000000
vn -0.000000 -0.000000 -1.000000
vn -0.000000 -0.000000 -1.000000
vn -0.000000 -0.000000 -1.000000
vn 0.000000 0.000000 -1.000000
vn 0.000000 0.000000 -1.000000
vn 0.000000 0.000000 -1.000000
vn -0.000000 -0.000000 -1.000000
vn -0.000000 -0.000000 -1.000000
vn 0.000000 0.000000 -1.000000
vn 0.000000 0.000000 -1.000000
vn -0.000000 -0.000000 -1.000000
vn -0.000001 -0.000000 -1.000000
vn -0.000001 0.000000 -1.000000
vn -0.000000 -0.000000 -1.000000
vn -0.000000 -0.000001 -1.000000
vn -0.000000 0.000000 -1.000000
vn -0.000000 -0.000000 -1.000000
vn 0.000000 -0.000001 -1.000000
vn 0.000000 0.000000 -1.000000
vn 0.000001 0.000000 -1.000000
vn 0.000001 -0.000000 -1.000000
vn -0.000000 -0.000000 -1.000000
vn -0.000000 -0.000000 -1.000000
vn 0.000000 0.000000 -1.000000
vn -0.000000 -0.000000 -1.000000
vn -0.000000 -0.000000 -1.000000
vn -0.000000 -0.000000 -1.000000
vn 0.000000 0.000000 -1.000000
vn -0.000000 -0.000000 -1.000000
vn -0.000000 -0.000000 -1.000000
vn 0.000000 0.000000 -1.000000
vn 0.000000 0.000000 -1.000000
vn -0.000000 -0.000000 -1.000000
vn -0.000000 -0.000000 -1.000000
vn 0.000000 0.000000 -1.000000
vn -0.000000 0.000000 -1.000000
vn -0.000001 0.000000 -1.000000
vn 0.000000 0.000000 -1.000000
vn 0.000000 0.000000 -1.000000
vn 0.000000 0.000000 -1.000000
vn -0.000000 0.000000 -1.000000
vn -0.000000 0.000001 -1.000000
vn 0.000000 0.000000 -1.000000
vn -0.000000 -0.000000 -1.000000
vn 0.000000 0.000000 -1.000000
vn 0.000000 0.000001 -1.000000
vn 0.000000 0.000000 -1.000000
vn 0.000000 0.000000 -1.000000
vn 0.000000 0.000000 -1.000000
vn 0.000000 0.000000 -1.000000
vn 0.000000 0.000000 -1.000000
vn 0.000000 0.000000 -1.000000
vn -0.000000 -0.000000 -1.000000
vn 0.000000 0.000000 -1.000000
vn -0.000000 -0.000000 -1.000000
vn 0.000000 0.000000 -1.000000
vn -0.000000 -0.000000 -1.000000
vn 0.000000 0.000000 -1.000000
vn 0.000000 0.000000 -1.000000
vn 0.000000 0.000000 -1.000000
vn 0.000000 0.000000 -1.000000
vn 0.000000 0.000000 -1.000000
vn 0.000000 0.000000 -1.000000
vn 0.000000 0.000000 -1.000000
vn 0.000000 0.000000 -1.000000
vn -0.000000 -0.000000 -1.000000
vn 0.000000 0.000000 -1.000000
vn 0.000000 0.000000 -1.000000
vn 0.000000 0.000000 -1.000000
vn -0.000000 -0.000000 -1.000000
vn 0.000000 0.000000 -1.000000
vn -0.000000 -0.000000 -1.000000
vn 0.000000 0.000000 -1.000000
vn 0.000000 0.000000 -1.000000
vn 0.000000 0.000000 -1.000000
vn 0.000000 0.000000 -1.000000
vn 0.000000 0.000000 -1.000000
vn 0.000000 0.000000 -1.000000
vn -0.000000 -0.000000 -1.000000
vn -0.000000 -0.000000 -1.000000
vn 0.000000 0.000000 -1.000000
vn 0.000000 0.000000 -1.000000
vn 0.000000 0.000000 -1.000000
vn 0.000000 0.000000 -1.000000
vn -0.000000 -0.000000 -1.000000
vn 0.000000 0.000000 -1.000000
vn 0.000000 0.000000 -1.000000
vn 0.000000 0.000000 -1.000000
vn 0.000000 0.000000 -1.000000
vn 0.000000 0.000000 -1.000000
vn 0.000000 0.000000 -1.000000
vn -0.000000 -0.000000 -1.000000
vn 0.000000 0.000000 -1.000000
vn 0.000000 0.000000 -1.000000
vn 0.000000 0.000000 -1.000000
vn 0.000000 0.000000 -1.000000
vn 0.000000 0.000000 -1.000000
vn 0.000000 0.000000 -1.000000
vn -0.000000 -0.000000 -1.000000
vn 0.000000 0.000000 -1.000000
vn -0.000000 -0.000000 -1.000000
vn 0.000000 0.000000 -1.000000
vn 0.000000 0.000000 -1.000000
vn 0.000000 0.000000 -1.000000
vn 0.000000 0.000000 -1.000000
vn 0.000001 0.000000 -1.000000
vn 0.000000 0.000000 -1.000000
vn 0.000001 0.000000 -1.000000
vn -0.000000 -0.000001 -1.000000
vn -0.000000 -0.000000 -1.000000
vn -0.000000 -0.000000 -1.000000
vn -0.000001 -0.000000 -1.000000
vn 0.000000 0.000000 -1.000000
vn -0.000000 0.000000 -1.000000
vn 0.000000 0.000000 -1.000000
vn -0.000000 0.000000 -1.000000
vn 0.000001 0.000000 -1.000000
vn 0.000000 0.000000 -1.000000
vn -0.000000 -0.000000 -1.000000
vn 0.000000 0.000000 -1.000000
vn 0.000000 0.000000 -1.000000
vn 0.000000 0.000000 -1.000000
vn 0.000000 0.000000 -1.000000
vn 0.000000 0.000000 -1.000000
vn 0.000000 0.000000 -1.000000
vn 0.000000 0.000000 -1.000000
vn 0.000000 0.000000 -1.000000
vn -0.000000 -0.000000 -1.000000
vn -0.000000 -0.000000 -1.000000
vn -0.000000 -0.000000 -1.000000
vn 0.000000 0.000000 -1.000000
vn -0.000000 -0.000000 -1.000000
vn -0.000000 -0.000000 -1.000000
vn 0.000000 0.000000 -1.000000
vn -0.000000 -0.000000 -1.000000
vn -0.000000 -0.000000 -1.000000
vn -0.000000 -0.000000 -1.000000
vn -0.000001 -0.000000 -1.000000
vn 0.709855 0.704348 -0.000000
vn 0.734554 0.678550 0.000001
vn 0.734554 0.678550 0.000001
vn 0.709855 0.704348 -0.000000
vn 0.683242 0.730192 -0.000001
vn 0.683242 0.730192 -0.000001
vn 0.660219 0.751073 -0.000000
vn 0.660219 0.751073 -0.000000
vn 0.628785 0.777579 0.000000
vn 0.628785 0.777579 0.000000
vn 0.604486 0.796616 0.000000
vn 0.604486 0.796616 0.000000
vn 0.572675 0.819782 0.000001
vn 0.572675 0.819782 0.000001
vn 0.538979 0.842319 0.000000
vn 0.538979 0.842319 0.000000
vn 0.853236 -0.521525 0.000000
vn 0.918338 -0.395798 0.000000
vn 0.918338 -0.395798 0.000000
vn 0.853236 -0.521525 0.000000
vn 0.984498 0.175395 -0.000001
vn 0.984498 0.175395 -0.000001
vn 0.984498 0.175395 -0.000001
vn 0.984498 0.175395 -0.000001
vn 0.729314 -0.684179 0.000000
vn 0.729314 -0.684179 0.000000
vn 0.716841 -0.697237 0.000000
vn 0.716841 -0.697237 0.000000
vn 0.718491 -0.695536 -0.000000
vn 0.718491 -0.695536 -0.000000
vn 0.738033 -0.674765 -0.000000
vn 0.738033 -0.674765 -0.000000
vn 0.769739 -0.638358 0.000000
vn 0.769739 -0.638358 0.000000
vn 0.796161 -0.605084 0.000000
vn 0.796161 -0.605084 0.000000
vn 0.826717 -0.562618 0.000000
vn 0.826717 -0.562618 0.000000
vn 0.852244 -0.523144 0.000000
vn 0.852244 -0.523144 0.000000
vn 0.871730 -0.489986 0.000000
vn 0.871730 -0.489986 0.000000
vn 0.890127 -0.455713 -0.000001
vn 0.890127 -0.455713 -0.000001
vn 0.901460 -0.432863 -0.000001
vn 0.901460 -0.432863 -0.000001
vn 0.920350 -0.391096 -0.000000
vn 0.920350 -0.391096 -0.000000
vn 0.938722 -0.344674 -0.000000
vn 0.938722 -0.344674 -0.000000
vn 0.944237 -0.329266 -0.000001
vn 0.944237 -0.329266 -0.000001
vn 0.949163 -0.314786 -0.000000
vn 0.949163 -0.314786 -0.000000
vn 0.970370 -0.241624 -0.000000
vn 0.970370 -0.241624 -0.000000
vn 0.982135 -0.188176 -0.000001
vn 0.982135 -0.188176 -0.000001
vn 0.982135 -0.188177 -0.000001
vn 0.982135 -0.188177 -0.000001
vn 0.991429 -0.130643 -0.000001
vn 0.991429 -0.130643 -0.000001
vn 0.997798 -0.066321 -0.000000
vn 0.997798 -0.066321 -0.000000
vn 0.997959 -0.063855 -0.000000
vn 0.997959 -0.063855 -0.000000
vn 0.999469 -0.032569 -0.000001
vn 0.999469 -0.032569 -0.000001
vn 0.999815 0.019214 -0.000002
vn 0.999815 0.019214 -0.000002
vn 0.999313 0.037050 -0.000001
vn 0.999313 0.037050 -0.000001
vn 0.998734 0.050308 -0.000001
vn 0.998734 0.050308 -0.000001
vn 0.995678 0.092876 -0.000000
vn 0.995678 0.092876 -0.000000
vn 0.990486 0.137612 0.000000
vn 0.990486 0.137612 0.000000
vn 0.983275 0.182128 0.000001
vn 0.983275 0.182128 0.000001
vn 0.973542 0.228509 0.000001
vn 0.973542 0.228509 0.000001
vn 0.961109 0.276170 0.000000
vn 0.961109 0.276170 0.000000
vn 0.946208 0.323560 0.000000
vn 0.946208 0.323560 0.000000
vn 0.927420 0.374023 0.000000
vn 0.927420 0.374023 0.000000
vn 0.914213 0.405234 0.000000
vn 0.914213 0.405234 0.000000
vn 0.911050 0.412295 0.000000
vn 0.911050 0.412295 0.000000
vn 0.909988 0.414634 0.000000
vn 0.909988 0.414634 0.000000
vn 0.900014 0.435860 0.000000
vn 0.900014 0.435860 0.000000
vn 0.867385 0.497638 0.000000
vn 0.867385 0.497638 0.000000
vn 0.815946 0.578129 0.000000
vn 0.815946 0.578129 0.000000
vn 0.783898 0.620889 0.000000
vn 0.783898 0.620889 0.000000
vn 0.770577 0.637347 0.000000
vn 0.770577 0.637347 0.000000
vn 0.751087 0.660203 0.000000
vn 0.751087 0.660203 0.000000
vn 0.629140 0.777292 -0.000001
vn 0.272411 0.962181 -0.000000
vn 0.272411 0.962181 -0.000000
vn 0.629141 0.777292 -0.000001
vn 0.751151 0.660131 -0.000001
vn 0.751151 0.660131 -0.000001
vn -0.172557 0.985000 -0.000000
vn -0.172558 0.984999 -0.000000
vn -0.368423 0.929658 -0.000000
vn -0.335994 0.941864 0.000000
vn -0.335994 0.941864 0.000000
vn -0.368423 0.929658 -0.000000
vn -0.409044 0.912515 -0.000001
vn -0.409044 0.912515 -0.000001
vn -0.441272 0.897373 0.000000
vn -0.441272 0.897373 0.000000
vn 0.967741 -0.251946 0.000000
vn 0.973618 -0.228185 0.000000
vn 0.973618 -0.228185 0.000000
vn 0.967741 -0.251946 0.000000
vn 0.958731 -0.284316 0.000001
vn 0.958731 -0.284316 0.000001
vn 0.978457 -0.206451 0.000000
vn 0.978457 -0.206451 0.000000
vn 0.980681 -0.195613 0.000000
vn 0.980681 -0.195613 0.000000
vn 0.982088 -0.188423 0.000000
vn 0.982088 -0.188423 0.000000
vn 0.982319 -0.187214 0.000000
vn 0.982319 -0.187214 0.000000
vn 0.997776 -0.066652 0.000000
vn 0.997776 -0.066652 0.000000
vn 0.174985 0.984571 -0.000000
vn 0.135148 0.990825 -0.000000
vn 0.135148 0.990825 -0.000000
vn 0.174985 0.984571 -0.000000
vn 0.998167 0.060515 0.000000
vn 0.998167 0.060515 0.000000
vn 0.209153 0.977883 0.000000
vn 0.209153 0.977883 0.000000
vn -0.902710 0.430249 -0.000000
vn -0.925213 0.379448 0.000000
vn -0.925213 0.379448 0.000000
vn -0.902710 0.430249 -0.000000
vn -0.885681 0.464294 -0.000000
vn -0.885681 0.464294 -0.000000
vn -0.950060 0.312067 -0.000001
vn -0.950060 0.312067 -0.000001
vn -0.966212 0.257747 -0.000001
vn -0.966212 0.257747 -0.000001
vn -0.978929 0.204202 -0.000001
vn -0.978929 0.204202 -0.000001
vn -0.985218 0.171306 0.000000
vn -0.985218 0.171306 0.000000
vn -0.983738 0.179611 0.000002
vn -0.983738 0.179611 0.000002
vn -0.981333 0.192315 0.000001
vn -0.981333 0.192315 0.000001
vn -0.985539 0.169449 0.000000
vn -0.985539 0.169449 0.000000
vn -0.995027 0.099604 -0.000000
vn -0.995027 0.099604 -0.000000
vn -0.999952 0.009789 -0.000001
vn -0.999952 0.009789 -0.000001
vn -0.998193 -0.060083 0.000000
vn -0.998193 -0.060083 0.000000
vn -0.994398 -0.105698 0.000000
vn -0.994398 -0.105698 0.000000
vn -0.989344 -0.145596 -0.000001
vn -0.989344 -0.145596 -0.000001
vn -0.984577 -0.174950 -0.000001
vn -0.984577 -0.174950 -0.000001
vn -0.983092 -0.183113 -0.000001
vn -0.983092 -0.183113 -0.000001
vn -0.983878 -0.178841 -0.000001
vn -0.983878 -0.178841 -0.000001
vn -0.981895 -0.189427 -0.000002
vn -0.981895 -0.189427 -0.000002
vn -0.970687 -0.240347 -0.000002
vn -0.970687 -0.240347 -0.000002
vn -0.954220 -0.299107 -0.000002
vn -0.954220 -0.299107 -0.000002
vn -0.939689 -0.342029 -0.000002
vn -0.939689 -0.342029 -0.000002
vn -0.923904 -0.382626 -0.000001
vn -0.923904 -0.382625 -0.000001
vn -0.910559 -0.413379 -0.000000
vn -0.910559 -0.413379 -0.000000
vn -0.896051 -0.443951 0.000000
vn -0.896051 -0.443951 0.000000
vn -0.875637 -0.482971 0.000001
vn -0.875637 -0.482971 0.000001
vn -0.855209 -0.518283 0.000001
vn -0.855209 -0.518283 0.000001
vn -0.837340 -0.546682 0.000000
vn -0.837340 -0.546682 0.000000
vn -0.821314 -0.570476 -0.000000
vn -0.821314 -0.570476 -0.000000
vn -0.803493 -0.595314 -0.000001
vn -0.803493 -0.595314 -0.000001
vn -0.781526 -0.623872 -0.000000
vn -0.781526 -0.623872 -0.000000
vn -0.756297 -0.654229 0.000000
vn -0.756297 -0.654229 0.000000
vn -0.722671 -0.691192 -0.000000
vn -0.722671 -0.691192 -0.000000
vn -0.676056 -0.736851 -0.000000
vn -0.676056 -0.736851 -0.000000
vn -0.629280 -0.777179 -0.000001
vn -0.629279 -0.777179 -0.000001
vn -0.599256 -0.800557 -0.000001
vn -0.599256 -0.800557 -0.000001
vn -0.574004 -0.818852 0.000000
vn -0.574004 -0.818852 0.000000
vn -0.543766 -0.839237 0.000001
vn -0.543766 -0.839237 0.000001
vn -0.524886 -0.851172 0.000000
vn -0.524887 -0.851172 0.000000
vn -0.500599 -0.865679 0.000000
vn -0.500599 -0.865679 0.000000
vn -0.472296 -0.881440 0.000000
vn -0.472296 -0.881440 0.000000
vn -0.462981 -0.886368 0.000001
vn -0.462981 -0.886368 0.000001
vn -0.439904 -0.898045 0.000000
vn -0.439904 -0.898045 0.000000
vn 0.431145 0.902282 0.000000
vn 0.473210 0.880950 -0.000000
vn 0.473210 0.880950 -0.000000
vn 0.431145 0.902283 0.000000
vn 0.394754 0.918787 0.000000
vn 0.394754 0.918787 0.000000
vn -0.395073 -0.918650 0.000000
vn -0.395073 -0.918650 0.000000
vn 0.355743 0.934584 -0.000000
vn 0.355743 0.934584 -0.000000
vn -0.348313 -0.937378 0.000001
vn -0.348313 -0.937378 0.000001
vn 0.329497 0.944157 -0.000001
vn 0.329497 0.944157 -0.000001
vn -0.296188 -0.955130 0.000001
vn -0.296188 -0.955130 0.000001
vn 0.311535 0.950235 -0.000000
vn 0.311535 0.950234 -0.000000
vn -0.244761 -0.969584 0.000000
vn -0.244761 -0.969584 0.000000
vn 0.276825 0.960920 0.000001
vn 0.276825 0.960920 0.000001
vn -0.214302 -0.976767 0.000000
vn -0.214302 -0.976767 0.000000
vn 0.242589 0.970129 0.000000
vn 0.242589 0.970129 0.000000
vn -0.202888 -0.979202 0.000000
vn -0.202888 -0.979202 0.000000
vn 0.230256 0.973130 0.000000
vn 0.230256 0.973130 0.000000
vn -0.204403 -0.978887 0.000000
vn -0.204403 -0.978887 0.000000
vn 0.168419 0.985716 -0.000000
vn 0.168418 0.985716 -0.000000
vn -0.199696 -0.979858 -0.000000
vn -0.199696 -0.979858 -0.000000
vn 0.113242 0.993567 -0.000000
vn 0.113242 0.993567 -0.000000
vn -0.170993 -0.985272 -0.000000
vn -0.170993 -0.985272 -0.000000
vn 0.088666 0.996062 0.000000
vn 0.088666 0.996061 0.000000
vn -0.123672 -0.992323 0.000001
vn -0.123672 -0.992323 0.000001
vn 0.029502 0.999565 0.000000
vn 0.029502 0.999565 0.000000
vn -0.061361 -0.998116 0.000001
vn -0.061361 -0.998116 0.000001
vn -0.002621 0.999997 -0.000000
vn -0.002621 0.999997 -0.000000
vn 0.009293 -0.999957 0.000001
vn 0.009293 -0.999957 0.000001
vn -0.040871 0.999164 -0.000000
vn -0.040871 0.999164 -0.000000
vn 0.077696 -0.996977 0.000001
vn 0.077696 -0.996977 0.000001
vn -0.094977 0.995480 0.000000
vn -0.094977 0.995480 0.000000
vn 0.142771 -0.989756 0.000000
vn 0.142771 -0.989756 0.000000
vn -0.108555 0.994090 0.000000
vn -0.108555 0.994090 0.000000
vn 0.200469 -0.979700 -0.000000
vn 0.200469 -0.979700 -0.000000
vn -0.150950 0.988541 -0.000000
vn -0.150950 0.988541 -0.000000
vn 0.247477 -0.968894 -0.000000
vn 0.247477 -0.968894 -0.000000
vn -0.194545 0.980894 -0.000000
vn -0.194545 0.980894 -0.000000
vn 0.282099 -0.959385 -0.000000
vn 0.282099 -0.959385 -0.000000
vn -0.224544 0.974464 0.000001
vn -0.224544 0.974464 0.000001
vn 0.305117 -0.952315 -0.000001
vn 0.305117 -0.952315 -0.000001
vn -0.263610 0.964629 0.000000
vn -0.263610 0.964629 0.000000
vn 0.322824 -0.946459 -0.000000
vn 0.322824 -0.946459 -0.000000
vn -0.295651 0.955296 0.000000
vn -0.295651 0.955296 0.000000
vn 0.345990 -0.938238 0.000001
vn 0.345990 -0.938238 0.000001
vn 0.376101 -0.926579 0.000001
vn 0.376101 -0.926579 0.000001
vn 0.413559 -0.910477 0.000000
vn 0.413559 -0.910477 0.000000
vn 0.462571 -0.886582 -0.000000
vn 0.462571 -0.886582 -0.000000
vn 0.506941 -0.861981 -0.000000
vn 0.506941 -0.861981 -0.000000
vn 0.529395 -0.848375 -0.000000
vn 0.529395 -0.848375 -0.000000
vn 0.543520 -0.839396 0.000000
vn 0.543520 -0.839396 0.000000
vn 0.559601 -0.828762 0.000000
vn 0.559601 -0.828762 0.000000
vn 0.590675 -0.806909 0.000000
vn 0.590675 -0.806909 0.000000
vn 0.629521 -0.776983 0.000000
vn 0.629521 -0.776983 0.000000
vn 0.655292 -0.755376 0.000000
vn 0.655292 -0.755375 0.000000
vn 0.689699 -0.724096 0.000000
vn 0.689699 -0.724096 0.000000
vn 0.721954 -0.691941 0.000000
vn 0.721954 -0.691941 0.000000
vn 0.744956 -0.667114 -0.000000
vn 0.744956 -0.667114 -0.000000
vn 0.774402 -0.632694 -0.000000
vn 0.774402 -0.632694 -0.000000
vn 0.801442 -0.598072 -0.000000
vn 0.801442 -0.598072 -0.000000
vn 0.820611 -0.571487 0.000000
vn 0.820611 -0.571487 0.000000
vn 0.836370 -0.548166 -0.000000
vn 0.836370 -0.548165 -0.000000
vn 0.855683 -0.517500 -0.000000
vn 0.855683 -0.517501 -0.000000
vn 0.876752 -0.480942 -0.000000
vn 0.876752 -0.480942 -0.000000
vn 0.892875 -0.450305 -0.000000
vn 0.892875 -0.450305 -0.000000
vn 0.914455 -0.404688 -0.000001
vn 0.914455 -0.404688 -0.000001
vn 0.933219 -0.359307 -0.000000
vn 0.933219 -0.359307 -0.000000
vn 0.944819 -0.327591 0.000000
vn 0.944819 -0.327591 0.000000
vn -0.516945 0.856019 -0.000000
vn -0.659566 0.751646 0.000000
vn -0.659566 0.751646 0.000000
vn -0.516945 0.856019 -0.000000
vn -0.685054 0.728492 0.000000
vn -0.685054 0.728492 0.000000
vn -0.705208 0.709001 0.000001
vn -0.705208 0.709001 0.000001
vn -0.738737 0.673994 0.000000
vn -0.738737 0.673994 0.000000
vn -0.777471 0.628919 -0.000000
vn -0.777471 0.628919 -0.000000
vn -0.801998 0.597327 -0.000000
vn -0.801998 0.597327 -0.000000
vn -0.816349 0.577558 -0.000000
vn -0.816349 0.577558 -0.000000
vn -0.832232 0.554428 0.000000
vn -0.832232 0.554428 0.000000
vn -0.845856 0.533411 0.000000
vn -0.845856 0.533411 0.000000
vn -0.854698 0.519125 0.000000
vn -0.854698 0.519125 0.000000
vn -0.867780 0.496949 -0.000000
vn -0.867780 0.496949 -0.000000
vn 0.513599 0.858030 -0.000000
vn 0.513599 0.858030 -0.000000
vn -0.483487 0.875352 -0.000000
vn -0.483487 0.875352 -0.000000
vn -0.512918 0.858437 -0.000001
vn -0.512918 0.858437 -0.000001
vn -0.533242 0.845963 -0.000000
vn -0.533242 0.845963 -0.000000
vn -0.576532 0.817075 -0.000000
vn -0.576532 0.817075 -0.000000
vn -0.597735 0.801694 -0.000000
vn -0.597735 0.801694 -0.000000
vn -0.627269 0.778803 0.000000
vn -0.627269 0.778803 0.000000
vn -0.668590 0.743631 0.000001
vn -0.668590 0.743631 0.000001
vn -0.679403 0.733765 0.000001
vn -0.679403 0.733765 0.000001
vn -0.715787 0.698318 0.000001
vn -0.715787 0.698318 0.000001
vn -0.753467 0.657486 0.000000
vn -0.753467 0.657486 0.000000
vn -0.758306 0.651899 0.000000
vn -0.758306 0.651899 0.000000
vn -0.783363 0.621565 0.000001
vn -0.783363 0.621565 0.000001
vn -0.810413 0.585858 0.000002
vn -0.810413 0.585858 0.000002
vn -0.827222 0.561875 0.000001
vn -0.827222 0.561875 0.000001
vn -0.850321 0.526264 -0.000000
vn -0.850321 0.526264 -0.000000
vn -0.870044 0.492974 -0.000001
vn -0.870044 0.492974 -0.000001
vn -0.895945 0.444165 -0.000001
vn -0.895945 0.444165 -0.000001
vn -0.918603 0.395182 -0.000000
vn -0.918603 0.395182 -0.000000
vn -0.934235 0.356659 -0.000000
vn -0.934235 0.356659 -0.000000
vn -0.949167 0.314771 -0.000001
vn -0.949168 0.314771 -0.000001
vn -0.955925 0.293610 -0.000001
vn -0.955925 0.293610 -0.000001
vn -0.962589 0.270964 -0.000000
vn -0.962589 0.270964 -0.000000
vn -0.967966 0.251081 0.000001
vn -0.967966 0.251081 0.000001
vn -0.970993 0.239107 0.000001
vn -0.970993 0.239107 0.000001
vn -0.979507 0.201412 0.000001
vn -0.979507 0.201412 0.000001
vn -0.991568 0.129588 0.000001
vn -0.991568 0.129588 0.000001
vn -0.995618 0.093511 0.000001
vn -0.995618 0.093511 0.000001
vn -0.992496 0.122274 -0.000001
vn -0.992496 0.122274 -0.000001
vn 0.008183 0.999967 0.000000
vn 0.008183 0.999967 0.000000
vn -0.165990 0.986127 -0.000000
vn -0.165990 0.986127 -0.000000
vn -0.259726 0.965682 -0.000001
vn -0.259726 0.965682 -0.000001
vn -0.987971 0.154637 -0.000002
vn -0.987971 0.154637 -0.000002
s 1
g logo you
usemtl blinn3SG
f 1951//1753 1952//1754 1953//1755 1954//1756
f 1951//1753 1955//1757 1956//1758 1952//1754
f 1951//1753 1957//1759 1958//1760 1955//1757
f 1951//1753 1954//1756 1959//1761 1957//1759
f 1952//1754 1960//1762 1961//1763 1953//1755
f 1952//1754 1956//1758 1962//1764 1960//1762
f 1960//1762 1963//1765 1964//1766 1961//1763
f 1960//1762 1962//1764 1965//1767 1963//1765
f 1963//1765 1966//1768 1967//1769 1964//1766
f 1963//1765 1965//1767 1968//1770 1966//1768
f 1966//1768 1969//1771 1970//1772 1967//1769
f 1966//1768 1968//1770 1971//1773 1969//1771
f 1969//1771 1972//1774 1973//1775 1970//1772
f 1969//1771 1971//1773 1974//1776 1972//1774
f 1972//1774 1975//1777 1976//1778 1973//1775
f 1972//1774 1974//1776 1977//1779 1975//1777
f 1975//1777 1978//1780 1979//1781 1976//1778
f 1975//1777 1977//1779 1980//1782 1978//1780
f 1978//1780 1980//1782 1981//1783 1982//1784
f 1978//1780 1982//1784 1983//1785 1979//1781
f 1982//1784 1981//1783 1984//1786 1985//1787
f 1982//1784 1985//1787 1986//1788 1983//1785
f 1985//1787 1984//1786 1987//1789 1988//1790
f 1985//1787 1988//1790 1989//1791 1986//1788
f 1988//1790 1987//1789 1990//1792 1991//1793
f 1988//1790 1991//1793 1992//1794 1989//1791
f 1991//1793 1990//1792 1993//1795 1994//1796
f 1991//1793 1994//1796 1995//1797 1992//1794
f 1994//1796 1993//1795 1996//1798 1997//1799
f 1994//1796 1997//1799 1998//1800 1995//1797
f 1997//1799 1996//1798 1999//1801 2000//1802
f 1997//1799 2000//1802 2001//1803 1998//1800
f 2000//1802 1999//1801 2002//1804 2003//1805
f 2000//1802 2003//1805 2004//1806 2001//1803
f 2005//1807 2006//1808 2007//1809 2008//1810
f 2005//1807 2009//1811 2010//1812 2006//1808
f 2005//1807 2011//1813 2012//1814 2009//1811
f 2005//1807 2008//1810 2013//1815 2011//1813
f 2009//1811 2014//1816 2015//1817 2010//1812
f 2009//1811 2012//1814 2016//1818 2014//1816
f 2014//1816 2017//1819 2018//1820 2015//1817
f 2014//1816 2016//1818 2019//1821 2017//1819
f 2017//1819 2020//1822 2021//1823 2018//1820
f 2017//1819 2019//1821 2022//1824 2020//1822
f 2020//1822 2023//1825 2024//1826 2021//1823
f 2020//1822 2022//1824 2025//1827 2023//1825
f 2023//1825 2025//1827 2026//1828 2027//1829
f 2023//1825 2027//1829 2028//1830 2024//1826
f 2027//1829 2026//1828 2029//1831 2030//1832
f 2027//1829 2030//1832 2031//1833 2028//1830
f 2030//1832 2029//1831 2032//1834 2033//1835
f 2030//1832 2033//1835 2034//1836 2031//1833
f 2033//1835 2032//1834 2035//1837 2036//1838
f 2033//1835 2036//1838 2037//1839 2034//1836
f 2036//1838 2035//1837 2038//1840 2039//1841
f 2036//1838 2039//1841 2040//1842 2037//1839
f 2039//1841 2038//1840 2041//1843 2042//1844
f 2039//1841 2042//1844 2043//1845 2040//1842
f 2042//1844 2041//1843 2044//1846 2045//1847
f 2042//1844 2045//1847 2046//1848 2043//1845
f 2045//1847 2044//1846 2047//1849 2048//1850
f 2045//1847 2048//1850 2049//1851 2046//1848
f 2050//1852 2051//1853 2052//1854 2053//1855
f 2050//1852 2054//1856 2055//1857 2051//1853
f 2050//1852 2056//1858 2057//1859 2054//1856
f 2050//1852 2053//1855 2058//1860 2056//1858
f 2053//1855 2052//1854 2059//1861 2060//1862
f 2053//1855 2060//1862 2061//1863 2058//1860
f 2060//1862 2059//1861 2062//1864 2063//1865
f 2060//1862 2063//1865 2064//1866 2061//1863
f 2063//1865 2062//1864 2065//1867 2066//1868
f 2063//1865 2066//1868 2067//1869 2064//1866
f 2066//1868 2065//1867 2068//1870 2069//1871
f 2066//1868 2069//1871 2070//1872 2067//1869
f 2069//1871 2068//1870 2071//1873 2072//1874
f 2069//1871 2072//1874 2073//1875 2070//1872
f 1954//1756 1953//1755 2074//1876 2075//1877
f 1954//1756 2075//1877 2076//1878 1959//1761
f 2075//1877 2074//1876 2077//1879 2078//1880
f 2075//1877 2078//1880 2079//1881 2076//1878
f 1953//1755 1961//1763 2080//1882 2074//1876
f 2074//1876 2080//1882 2081//1883 2077//1879
f 1961//1763 1964//1766 2082//1884 2080//1882
f 2080//1882 2082//1884 2083//1885 2081//1883
f 1964//1766 1967//1769 2084//1886 2082//1884
f 2082//1884 2084//1886 2085//1887 2083//1885
f 1967//1769 1970//1772 2086//1888 2084//1886
f 2084//1886 2086//1888 2087//1889 2085//1887
f 1970//1772 1973//1775 2088//1890 2086//1888
f 2086//1888 2088//1890 2089//1891 2087//1889
f 1973//1775 1976//1778 2090//1892 2088//1890
f 2088//1890 2090//1892 2091//1893 2089//1891
f 1976//1778 1979//1781 2092//1894 2090//1892
f 2090//1892 2092//1894 2093//1895 2091//1893
f 1979//1781 1983//1785 2094//1896 2092//1894
f 2092//1894 2094//1896 2095//1897 2093//1895
f 1983//1785 1986//1788 2096//1898 2094//1896
f 2094//1896 2096//1898 2097//1899 2095//1897
f 1986//1788 1989//1791 2098//1900 2096//1898
f 2096//1898 2098//1900 2099//1901 2097//1899
f 1989//1791 1992//1794 2100//1902 2098//1900
f 2098//1900 2100//1902 2101//1903 2099//1901
f 1992//1794 1995//1797 2102//1904 2100//1902
f 2100//1902 2102//1904 2103//1905 2101//1903
f 1995//1797 1998//1800 2104//1906 2102//1904
f 2102//1904 2104//1906 2105//1907 2103//1905
f 1998//1800 2001//1803 2106//1908 2104//1906
f 2104//1906 2106//1908 2107//1909 2105//1907
f 2001//1803 2004//1806 2108//1910 2106//1908
f 2106//1908 2108//1910 2109//1911 2107//1909
f 2004//1806 2110//1912 2111//1913 2108//1910
f 2004//1806 2003//1805 2112//1914 2110//1912
f 2108//1910 2111//1913 2113//1915 2109//1911
f 2110//1912 2114//1916 2115//1917 2111//1913
f 2110//1912 2112//1914 2116//1918 2114//1916
f 2111//1913 2115//1917 2117//1919 2113//1915
f 2114//1916 2008//1810 2007//1809 2115//1917
f 2114//1916 2116//1918 2013//1815 2008//1810
f 2115//1917 2007//1809 2118//1920 2117//1919
f 2007//1809 2006//1808 2119//1921 2118//1920
f 2006//1808 2010//1812 2120//1922 2119//1921
f 2010//1812 2015//1817 2121//1923 2120//1922
f 2015//1817 2018//1820 2122//1924 2121//1923
f 2018//1820 2021//1823 2123//1925 2122//1924
f 2021//1823 2024//1826 2124//1926 2123//1925
f 2024//1826 2028//1830 2125//1927 2124//1926
f 2028//1830 2031//1833 2126//1928 2125//1927
f 2031//1833 2034//1836 2127//1929 2126//1928
f 2034//1836 2037//1839 2128//1930 2127//1929
f 2037//1839 2040//1842 2129//1931 2128//1930
f 2040//1842 2043//1845 2130//1932 2129//1931
f 2043//1845 2046//1848 2131//1933 2130//1932
f 2046//1848 2049//1851 2132//1934 2131//1933
f 2049//1851 2133//1935 2134//1936 2132//1934
f 2049//1851 2048//1850 2135//1937 2133//1935
f 2133//1935 2136//1938 2137//1939 2134//1936
f 2133//1935 2135//1937 2138//1940 2136//1938
f 2136//1938 2139//1941 2140//1942 2137//1939
f 2136//1938 2138//1940 2141//1943 2139//1941
f 2139//1941 2142//1944 2143//1945 2140//1942
f 2139//1941 2141//1943 2144//1946 2142//1944
f 2142//1944 2145//1947 2146//1948 2143//1945
f 2142//1944 2144//1946 2147//1949 2145//1947
f 2145//1947 2148//1950 2149//1951 2146//1948
f 2145//1947 2147//1949 2150//1952 2148//1950
f 2148//1950 2151//1953 2152//1954 2149//1951
f 2148//1950 2150//1952 2153//1955 2151//1953
f 2151//1953 2154//1956 2155//1957 2152//1954
f 2151//1953 2153//1955 2156//1958 2154//1956
f 2154//1956 2157//1959 2158//1960 2155//1957
f 2154//1956 2156//1958 2159//1961 2157//1959
f 2157//1959 2159//1961 2055//1857 2054//1856
f 2157//1959 2054//1856 2057//1859 2158//1960
f 1959//1761 2160//1962 2161//1963 1957//1759
f 1959//1761 2076//1878 2079//1881 2160//1962
f 1957//1759 2161//1963 2162//1964 1958//1760
f 2163//1965 2164//1966 2165//1967 2166//1968
f 2163//1965 2167//1969 2168//1970 2164//1966
f 2163//1965 2169//1971 2170//1972 2167//1969
f 2163//1965 2166//1968 2171//1973 2169//1971
f 2166//1968 2165//1967 2172//1974 2173//1975
f 2166//1968 2173//1975 2174//1976 2171//1973
f 2175//1977 2176//1978 2177//1979 2178//1980
f 2175//1977 2179//1981 2180//1982 2176//1978
f 2175//1977 2181//1983 2182//1984 2179//1981
f 2175//1977 2178//1980 2183//1985 2181//1983
f 2178//1980 2177//1979 2184//1986 2185//1987
f 2178//1980 2185//1987 2186//1988 2183//1985
f 2185//1987 2184//1986 2187//1989 2188//1990
f 2185//1987 2188//1990 2189//1991 2186//1988
f 2188//1990 2187//1989 2190//1992 2191//1993
f 2188//1990 2191//1993 2192//1994 2189//1991
f 2191//1993 2193//1995 2194//1996 2192//1994
f 2191//1993 2190//1992 2195//1997 2193//1995
f 2196//1998 2197//1999 2198//2000 2199//2001
f 2196//1998 2200//2002 2201//2003 2197//1999
f 2196//1998 2202//2004 2203//2005 2200//2002
f 2196//1998 2199//2001 2204//2006 2202//2004
f 2199//2001 2198//2000 2205//2007 2206//2008
f 2199//2001 2206//2008 2207//2009 2204//2006
f 2206//2008 2205//2007 2208//2010 2209//2011
f 2206//2008 2209//2011 2210//2012 2207//2009
f 2209//2011 2208//2010 2211//2013 2212//2014
f 2209//2011 2212//2014 2213//2015 2210//2012
f 2212//2014 2214//2016 2215//2017 2213//2015
f 2212//2014 2211//2013 2216//2018 2214//2016
f 2214//2016 2217//2019 2218//2020 2215//2017
f 2214//2016 2216//2018 2219//2021 2217//2019
f 2217//2019 2220//2022 2221//2023 2218//2020
f 2217//2019 2219//2021 2222//2024 2220//2022
f 2223//2025 2224//2026 2225//2027 2226//2028
f 2223//2025 2222//2024 2227//2029 2224//2026
f 2223//2025 2228//2030 2220//2022 2222//2024
f 2223//2025 2226//2028 2229//2031 2228//2030
f 2226//2028 2225//2027 2230//2032 2231//2033
f 2226//2028 2231//2033 2232//2034 2229//2031
f 2231//2033 2230//2032 2233//2035 2234//2036
f 2231//2033 2234//2036 2235//2037 2232//2034
f 2234//2036 2233//2035 2236//2038 2237//2039
f 2234//2036 2237//2039 2238//2040 2235//2037
f 2237//2039 2239//2041 2240//2042 2238//2040
f 2237//2039 2236//2038 2241//2043 2239//2041
f 2239//2041 2242//2044 2243//2045 2240//2042
f 2239//2041 2241//2043 2244//2046 2242//2044
f 2242//2044 2245//2047 2246//2048 2243//2045
f 2242//2044 2244//2046 2247//2049 2245//2047
f 1993//1795 2248//2050 2249//2051 1996//1798
f 1993//1795 1990//1792 2250//2052 2248//2050
f 1996//1798 2249//2051 2251//2053 1999//1801
f 1999//1801 2251//2053 2252//2054 2002//1804
f 2002//1804 2253//2055 2112//1914 2003//1805
f 2002//1804 2252//2054 2254//2056 2253//2055
f 2253//2055 2255//2057 2116//1918 2112//1914
f 2253//2055 2254//2056 2256//2058 2255//2057
f 2255//2057 2257//2059 2013//1815 2116//1918
f 2255//2057 2256//2058 2258//2060 2257//2059
f 2257//2059 2259//2061 2011//1813 2013//1815
f 2257//2059 2258//2060 2260//2062 2259//2061
f 2259//2061 2261//2063 2012//1814 2011//1813
f 2259//2061 2260//2062 2262//2064 2261//2063
f 2261//2063 2263//2065 2016//1818 2012//1814
f 2261//2063 2262//2064 2264//2066 2263//2065
f 2263//2065 2265//2067 2019//1821 2016//1818
f 2263//2065 2264//2066 2266//2068 2265//2067
f 2265//2067 2267//2069 2022//1824 2019//1821
f 2265//2067 2266//2068 2268//2070 2267//2069
f 2267//2069 2269//2071 2025//1827 2022//1824
f 2267//2069 2268//2070 2270//2072 2269//2071
f 2269//2071 2271//2073 2026//1828 2025//1827
f 2269//2071 2270//2072 2272//2074 2271//2073
f 2271//2073 2273//2075 2029//1831 2026//1828
f 2271//2073 2272//2074 2274//2076 2273//2075
f 2273//2075 2275//2077 2032//1834 2029//1831
f 2273//2075 2274//2076 2276//2078 2275//2077
f 2275//2077 2277//2079 2035//1837 2032//1834
f 2275//2077 2276//2078 2278//2080 2277//2079
f 2277//2079 2279//2081 2038//1840 2035//1837
f 2277//2079 2278//2080 2280//2082 2279//2081
f 2279//2081 2281//2083 2041//1843 2038//1840
f 2279//2081 2280//2082 2282//2084 2281//2083
f 2281//2083 2283//2085 2044//1846 2041//1843
f 2281//2083 2282//2084 2284//2086 2283//2085
f 2283//2085 2285//2087 2047//1849 2044//1846
f 2283//2085 2284//2086 2286//2088 2285//2087
f 2285//2087 2287//2089 2288//2090 2047//1849
f 2285//2087 2286//2088 2289//2091 2287//2089
f 2047//1849 2288//2090 2135//1937 2048//1850
f 2287//2089 2290//2092 2291//2093 2288//2090
f 2287//2089 2289//2091 2292//2094 2290//2092
f 2288//2090 2291//2093 2138//1940 2135//1937
f 2290//2092 2293//2095 2294//2096 2291//2093
f 2290//2092 2292//2094 2295//2097 2293//2095
f 2291//2093 2294//2096 2141//1943 2138//1940
f 2293//2095 2296//2098 2297//2099 2294//2096
f 2293//2095 2295//2097 2298//2100 2296//2098
f 2294//2096 2297//2099 2144//1946 2141//1943
f 2296//2098 2299//2101 2300//2102 2297//2099
f 2296//2098 2298//2100 2301//2103 2299//2101
f 2297//2099 2300//2102 2147//1949 2144//1946
f 2299//2101 2302//2104 2303//2105 2300//2102
f 2299//2101 2301//2103 2304//2106 2302//2104
f 2300//2102 2303//2105 2150//1952 2147//1949
f 2302//2104 2305//2107 2306//2108 2303//2105
f 2302//2104 2304//2106 2307//2109 2305//2107
f 2303//2105 2306//2108 2153//1955 2150//1952
f 2305//2107 2308//2110 2309//2111 2306//2108
f 2305//2107 2307//2109 2310//2112 2308//2110
f 2306//2108 2309//2111 2156//1958 2153//1955
f 2308//2110 2311//2113 2312//2114 2309//2111
f 2308//2110 2310//2112 2313//2115 2311//2113
f 2309//2111 2312//2114 2159//1961 2156//1958
f 2311//2113 2314//2116 2315//2117 2312//2114
f 2311//2113 2313//2115 2316//2118 2314//2116
f 2312//2114 2315//2117 2055//1857 2159//1961
f 2314//2116 2317//2119 2318//2120 2315//2117
f 2314//2116 2316//2118 2319//2121 2317//2119
f 2315//2117 2318//2120 2051//1853 2055//1857
f 2317//2119 2320//2122 2321//2123 2318//2120
f 2317//2119 2319//2121 2322//2124 2320//2122
f 2318//2120 2321//2123 2052//1854 2051//1853
f 2320//2122 2323//2125 2324//2126 2321//2123
f 2320//2122 2322//2124 2325//2127 2323//2125
f 2321//2123 2324//2126 2059//1861 2052//1854
f 2323//2125 2326//2128 2327//2129 2324//2126
f 2323//2125 2325//2127 2328//2130 2326//2128
f 2324//2126 2327//2129 2062//1864 2059//1861
f 2326//2128 2329//2131 2330//2132 2327//2129
f 2326//2128 2328//2130 2331//2133 2329//2131
f 2327//2129 2330//2132 2065//1867 2062//1864
f 2329//2131 2332//2134 2333//2135 2330//2132
f 2329//2131 2331//2133 2334//2136 2332//2134
f 2330//2132 2333//2135 2068//1870 2065//1867
f 2332//2134 2335//2137 2336//2138 2333//2135
f 2332//2134 2334//2136 2337//2139 2335//2137
f 2333//2135 2336//2138 2071//1873 2068//1870
f 2335//2137 2338//2140 2339//2141 2336//2138
f 2335//2137 2337//2139 2340//2142 2338//2140
f 2336//2138 2339//2141 2341//2143 2071//1873
f 2071//1873 2341//2143 2342//2144 2072//1874
f 2338//2140 2343//2145 2344//2146 2339//2141
f 2338//2140 2340//2142 2345//2147 2343//2145
f 2339//2141 2344//2146 2346//2148 2341//2143
f 2341//2143 2346//2148 2347//2149 2342//2144
f 2343//2145 2348//2150 2349//2151 2344//2146
f 2343//2145 2345//2147 2350//2152 2348//2150
f 2344//2146 2349//2151 2351//2153 2346//2148
f 2346//2148 2351//2153 2352//2154 2347//2149
f 2348//2150 2353//2155 2354//2156 2349//2151
f 2348//2150 2350//2152 2355//2157 2353//2155
f 2349//2151 2354//2156 2356//2158 2351//2153
f 2351//2153 2356//2158 2357//2159 2352//2154
f 2352//2154 2358//2160 2359//2161 2347//2149
f 2352//2154 2357//2159 2360//2162 2358//2160
f 2353//2155 2361//2163 2362//2164 2354//2156
f 2353//2155 2355//2157 2363//2165 2361//2163
f 2354//2156 2362//2164 2364//2166 2356//2158
f 2356//2158 2364//2166 2365//2167 2357//2159
f 2357//2159 2365//2167 2366//2168 2360//2162
f 2361//2163 2367//2169 2368//2170 2362//2164
f 2361//2163 2363//2165 2369//2171 2367//2169
f 2362//2164 2368//2170 2370//2172 2364//2166
f 2364//2166 2370//2172 2371//2173 2365//2167
f 2365//2167 2371//2173 2372//2174 2366//2168
f 2367//2169 2373//2175 2374//2176 2368//2170
f 2367//2169 2369//2171 2375//2177 2373//2175
f 2368//2170 2374//2176 2376//2178 2370//2172
f 2370//2172 2376//2178 2377//2179 2371//2173
f 2371//2173 2377//2179 2378//2180 2372//2174
f 2373//2175 2379//2181 2380//2182 2374//2176
f 2373//2175 2375//2177 2381//2183 2379//2181
f 2374//2176 2380//2182 2382//2184 2376//2178
f 2376//2178 2382//2184 2383//2185 2377//2179
f 2377//2179 2383//2185 2384//2186 2378//2180
f 2379//2181 2385//2187 2386//2188 2380//2182
f 2379//2181 2381//2183 2387//2189 2385//2187
f 2380//2182 2386//2188 2388//2190 2382//2184
f 2382//2184 2388//2190 2389//2191 2383//2185
f 2383//2185 2389//2191 2390//2192 2384//2186
f 2385//2187 2391//2193 2392//2194 2386//2188
f 2385//2187 2387//2189 2393//2195 2391//2193
f 2386//2188 2392//2194 2394//2196 2388//2190
f 2388//2190 2394//2196 2395//2197 2389//2191
f 2389//2191 2395//2197 2396//2198 2390//2192
f 2391//2193 2397//2199 2398//2200 2392//2194
f 2391//2193 2393//2195 2399//2201 2397//2199
f 2392//2194 2398//2200 2400//2202 2394//2196
f 2394//2196 2400//2202 2401//2203 2395//2197
f 2395//2197 2401//2203 2402//2204 2396//2198
f 2397//2199 2403//2205 2404//2206 2398//2200
f 2397//2199 2399//2201 2405//2207 2403//2205
f 2398//2200 2404//2206 2406//2208 2400//2202
f 2400//2202 2406//2208 2407//2209 2401//2203
f 2401//2203 2407//2209 2408//2210 2402//2204
f 2403//2205 2409//2211 2410//2212 2404//2206
f 2403//2205 2405//2207 2411//2213 2409//2211
f 2404//2206 2410//2212 2412//2214 2406//2208
f 2406//2208 2412//2214 2413//2215 2407//2209
f 2407//2209 2413//2215 2414//2216 2408//2210
f 2409//2211 2415//2217 2416//2218 2410//2212
f 2409//2211 2411//2213 2417//2219 2415//2217
f 2410//2212 2416//2218 2418//2220 2412//2214
f 2412//2214 2418//2220 2419//2221 2413//2215
f 2413//2215 2419//2221 2420//2222 2414//2216
f 2415//2217 2421//2223 2422//2224 2416//2218
f 2415//2217 2417//2219 2423//2225 2421//2223
f 2416//2218 2422//2224 2424//2226 2418//2220
f 2418//2220 2424//2226 2425//2227 2419//2221
f 2419//2221 2425//2227 2426//2228 2420//2222
f 2421//2223 2427//2229 2428//2230 2422//2224
f 2421//2223 2423//2225 2429//2231 2427//2229
f 2422//2224 2428//2230 2430//2232 2424//2226
f 2424//2226 2430//2232 2431//2233 2425//2227
f 2425//2227 2431//2233 2432//2234 2426//2228
f 2427//2229 2433//2235 2434//2236 2428//2230
f 2427//2229 2429//2231 2435//2237 2433//2235
f 2428//2230 2434//2236 2436//2238 2430//2232
f 2430//2232 2436//2238 2437//2239 2431//2233
f 2431//2233 2437//2239 2438//2240 2432//2234
f 2433//2235 2439//2241 2440//2242 2434//2236
f 2433//2235 2435//2237 2441//2243 2439//2241
f 2434//2236 2440//2242 2442//2244 2436//2238
f 2436//2238 2442//2244 2443//2245 2437//2239
f 2437//2239 2443//2245 2444//2246 2438//2240
f 2439//2241 2445//2247 2446//2248 2440//2242
f 2439//2241 2441//2243 2447//2249 2445//2247
f 2440//2242 2446//2248 2448//2250 2442//2244
f 2442//2244 2448//2250 2449//2251 2443//2245
f 2443//2245 2449//2251 2450//2252 2444//2246
f 2445//2247 2451//2253 2452//2254 2446//2248
f 2445//2247 2447//2249 2453//2255 2451//2253
f 2446//2248 2452//2254 2454//2256 2448//2250
f 2448//2250 2454//2256 2455//2257 2449//2251
f 2449//2251 2455//2257 2456//2258 2450//2252
f 2451//2253 2457//2259 2458//2260 2452//2254
f 2451//2253 2453//2255 2459//2261 2457//2259
f 2452//2254 2458//2260 2460//2262 2454//2256
f 2454//2256 2460//2262 2461//2263 2455//2257
f 2455//2257 2461//2263 2462//2264 2456//2258
f 2457//2259 2463//2265 2464//2266 2458//2260
f 2457//2259 2459//2261 2465//2267 2463//2265
f 2458//2260 2464//2266 2466//2268 2460//2262
f 2460//2262 2466//2268 2467//2269 2461//2263
f 2461//2263 2467//2269 2468//2270 2462//2264
f 2463//2265 2469//2271 2470//2272 2464//2266
f 2463//2265 2465//2267 2471//2273 2469//2271
f 2464//2266 2470//2272 2472//2274 2466//2268
f 2466//2268 2472//2274 2473//2275 2467//2269
f 2467//2269 2473//2275 2474//2276 2468//2270
f 2469//2271 2475//2277 2476//2278 2470//2272
f 2469//2271 2471//2273 2477//2279 2475//2277
f 2470//2272 2476//2278 2168//1970 2472//2274
f 2472//2274 2168//1970 2167//1969 2473//2275
f 2473//2275 2167//1969 2170//1972 2474//2276
f 2475//2277 2478//2280 2479//2281 2476//2278
f 2475//2277 2477//2279 2480//2282 2478//2280
f 2476//2278 2479//2281 2164//1966 2168//1970
f 2478//2280 2481//2283 2482//2284 2479//2281
f 2478//2280 2480//2282 2483//2285 2481//2283
f 2479//2281 2482//2284 2165//1967 2164//1966
f 2481//2283 2484//2286 2485//2287 2482//2284
f 2481//2283 2483//2285 2486//2288 2484//2286
f 2482//2284 2485//2287 2172//1974 2165//1967
f 2484//2286 2487//2289 2488//2290 2485//2287
f 2484//2286 2486//2288 2489//2291 2487//2289
f 2485//2287 2488//2290 2490//2292 2172//1974
f 2172//1974 2490//2292 2491//2293 2173//1975
f 2487//2289 2492//2294 2493//2295 2488//2290
f 2487//2289 2489//2291 2494//2296 2492//2294
f 2488//2290 2493//2295 2495//2297 2490//2292
f 2490//2292 2495//2297 2496//2298 2491//2293
f 2492//2294 2497//2299 2498//2300 2493//2295
f 2492//2294 2494//2296 2499//2301 2497//2299
f 2493//2295 2498//2300 2500//2302 2495//2297
f 2495//2297 2500//2302 2501//2303 2496//2298
f 2497//2299 2502//2304 2503//2305 2498//2300
f 2497//2299 2499//2301 2504//2306 2502//2304
f 2498//2300 2503//2305 2505//2307 2500//2302
f 2500//2302 2505//2307 2506//2308 2501//2303
f 2502//2304 2507//2309 2180//1982 2503//2305
f 2502//2304 2504//2306 2508//2310 2507//2309
f 2503//2305 2180//1982 2179//1981 2505//2307
f 2505//2307 2179//1981 2182//1984 2506//2308
f 2507//2309 2509//2311 2176//1978 2180//1982
f 2507//2309 2508//2310 2510//2312 2509//2311
f 2509//2311 2511//2313 2177//1979 2176//1978
f 2509//2311 2510//2312 2512//2314 2511//2313
f 2511//2313 2513//2315 2184//1986 2177//1979
f 2511//2313 2512//2314 2514//2316 2513//2315
f 2513//2315 2515//2317 2187//1989 2184//1986
f 2513//2315 2514//2316 2516//2318 2515//2317
f 2515//2317 2517//2319 2190//1992 2187//1989
f 2515//2317 2516//2318 2518//2320 2517//2319
f 2517//2319 2519//2321 2195//1997 2190//1992
f 2517//2319 2518//2320 2520//2322 2519//2321
f 2519//2321 2521//2323 2522//2324 2195//1997
f 2519//2321 2520//2322 2523//2325 2521//2323
f 2195//1997 2522//2324 2524//2326 2193//1995
f 2521//2323 2201//2003 2200//2002 2522//2324
f 2521//2323 2523//2325 2525//2327 2201//2003
f 2522//2324 2200//2002 2203//2005 2524//2326
f 2201//2003 2525//2327 2526//2328 2197//1999
f 2197//1999 2526//2328 2527//2329 2198//2000
f 2198//2000 2527//2329 2528//2330 2205//2007
f 2205//2007 2528//2330 2529//2331 2208//2010
f 2208//2010 2529//2331 2530//2332 2211//2013
f 2211//2013 2530//2332 2531//2333 2216//2018
f 2216//2018 2531//2333 2532//2334 2219//2021
f 2219//2021 2532//2334 2227//2029 2222//2024
f 1955//1757 2533//2335 2534//2336 1956//1758
f 1955//1757 1958//1760 2162//1964 2533//2335
f 1956//1758 2534//2336 2535//2337 1962//1764
f 1962//1764 2535//2337 2536//2338 1965//1767
f 1965//1767 2536//2338 2537//2339 1968//1770
f 1968//1770 2537//2339 2538//2340 1971//1773
f 1971//1773 2538//2340 2539//2341 1974//1776
f 1974//1776 2539//2341 2540//2342 1977//1779
f 1977//1779 2540//2342 2541//2343 1980//1782
f 1980//1782 2541//2343 2542//2344 1981//1783
f 1981//1783 2542//2344 2543//2345 1984//1786
f 1984//1786 2543//2345 2544//2346 1987//1789
f 1987//1789 2544//2346 2250//2052 1990//1792
f 2072//1874 2342//2144 2545//2347 2073//1875
f 2342//2144 2347//2149 2359//2161 2545//2347
f 2173//1975 2491//2293 2546//2348 2174//1976
f 2491//2293 2496//2298 2547//2349 2546//2348
f 2496//2298 2501//2303 2548//2350 2547//2349
f 2501//2303 2506//2308 2549//2351 2548//2350
f 2506//2308 2182//1984 2550//2352 2549//2351
f 2182//1984 2181//1983 2551//2353 2550//2352
f 2181//1983 2183//1985 2552//2354 2551//2353
f 2183//1985 2186//1988 2553//2355 2552//2354
f 2186//1988 2189//1991 2554//2356 2553//2355
f 2189//1991 2192//1994 2555//2357 2554//2356
f 2192//1994 2194//1996 2556//2358 2555//2357
f 2193//1995 2524//2326 2557//2359 2194//1996
f 2194//1996 2557//2359 2558//2360 2556//2358
f 2524//2326 2203//2005 2559//2361 2557//2359
f 2557//2359 2559//2361 2560//2362 2558//2360
f 2203//2005 2202//2004 2561//2363 2559//2361
f 2559//2361 2561//2363 2562//2364 2560//2362
f 2202//2004 2204//2006 2563//2365 2561//2363
f 2561//2363 2563//2365 2564//2366 2562//2364
f 2204//2006 2207//2009 2565//2367 2563//2365
f 2563//2365 2565//2367 2566//2368 2564//2366
f 2207//2009 2210//2012 2567//2369 2565//2367
f 2565//2367 2567//2369 2568//2370 2566//2368
f 2210//2012 2213//2015 2569//2371 2567//2369
f 2567//2369 2569//2371 2570//2372 2568//2370
f 2213//2015 2215//2017 2571//2373 2569//2371
f 2569//2371 2571//2373 2572//2374 2570//2372
f 2215//2017 2218//2020 2573//2375 2571//2373
f 2571//2373 2573//2375 2574//2376 2572//2374
f 2218//2020 2221//2023 2575//2377 2573//2375
f 2573//2375 2575//2377 2576//2378 2574//2376
f 2220//2022 2228//2030 2577//2379 2221//2023
f 2221//2023 2577//2379 2578//2380 2575//2377
f 2575//2377 2578//2380 2579//2381 2576//2378
f 2228//2030 2229//2031 2580//2382 2577//2379
f 2577//2379 2580//2382 2581//2383 2578//2380
f 2578//2380 2581//2383 2582//2384 2579//2381
f 2229//2031 2232//2034 2583//2385 2580//2382
f 2580//2382 2583//2385 2584//2386 2581//2383
f 2581//2383 2584//2386 2585//2387 2582//2384
f 2232//2034 2235//2037 2586//2388 2583//2385
f 2583//2385 2586//2388 2587//2389 2584//2386
f 2584//2386 2587//2389 2588//2390 2585//2387
f 2235//2037 2238//2040 2589//2391 2586//2388
f 2586//2388 2589//2391 2590//2392 2587//2389
f 2587//2389 2590//2392 2591//2393 2588//2390
f 2238//2040 2240//2042 2592//2394 2589//2391
f 2589//2391 2592//2394 2593//2395 2590//2392
f 2590//2392 2593//2395 2594//2396 2591//2393
f 2240//2042 2243//2045 2595//2397 2592//2394
f 2592//2394 2595//2397 2596//2398 2593//2395
f 2593//2395 2596//2398 2597//2399 2594//2396
f 2243//2045 2246//2048 2598//2400 2595//2397
f 2595//2397 2598//2400 2599//2401 2596//2398
f 2596//2398 2599//2401 2600//2402 2597//2399
s 8
f 1301//2403 1336//2404 1338//2405 1302//2406
f 1301//2403 1302//2406 1639//2407 1638//2408
f 1301//2403 1638//2408 1947//2409 1401//2410
f 1301//2403 1401//2410 1400//2411 1336//2404
f 1302//2406 1338//2405 1340//2412 1303//2413
f 1302//2406 1303//2413 1640//2414 1639//2407
f 1303//2413 1340//2412 1342//2415 1304//2416
f 1303//2413 1304//2416 1641//2417 1640//2414
f 1304//2416 1342//2415 1344//2418 1305//2419
f 1304//2416 1305//2419 1642//2420 1641//2417
f 1305//2419 1344//2418 1346//2421 1306//2422
f 1305//2419 1306//2422 1643//2423 1642//2420
f 1306//2422 1346//2421 1348//2424 1307//2425
f 1306//2422 1307//2425 1644//2426 1643//2423
f 1307//2425 1348//2424 1350//2427 1308//2428
f 1307//2425 1308//2428 1645//2429 1644//2426
f 1308//2428 1350//2427 1352//2430 1309//2431
f 1308//2428 1309//2431 1646//2432 1645//2429
f 1309//2431 1310//2433 1647//2434 1646//2432
f 1309//2431 1352//2430 1354//2435 1310//2433
f 1310//2433 1311//2436 1648//2437 1647//2434
f 1310//2433 1354//2435 1356//2438 1311//2436
f 1311//2436 1312//2439 1649//2440 1648//2437
f 1311//2436 1356//2438 1358//2441 1312//2439
f 1312//2439 1313//2442 1650//2443 1649//2440
f 1312//2439 1358//2441 1360//2444 1313//2442
f 1313//2442 1314//2445 1423//2446 1650//2443
f 1313//2442 1360//2444 1362//2447 1314//2445
f 1314//2445 1315//2448 1424//2449 1423//2446
f 1314//2445 1362//2447 1364//2450 1315//2448
f 1315//2448 1316//2451 1425//2452 1424//2449
f 1315//2448 1364//2450 1366//2453 1316//2451
f 1316//2451 1651//2454 1426//2455 1425//2452
f 1316//2451 1366//2453 1368//2456 1651//2454
f 1317//2457 1374//2458 1375//2459 1376//2460
f 1317//2457 1376//2460 1377//2461 1318//2462
f 1317//2457 1318//2462 1656//2463 1655//2464
f 1317//2457 1655//2464 1654//2465 1374//2458
f 1318//2462 1377//2461 1378//2466 1319//2467
f 1318//2462 1319//2467 1657//2468 1656//2463
f 1319//2467 1378//2466 1379//2469 1320//2470
f 1319//2467 1320//2470 1658//2471 1657//2468
f 1320//2470 1379//2469 1380//2472 1321//2473
f 1320//2470 1321//2473 1659//2474 1658//2471
f 1321//2473 1380//2472 1381//2475 1322//2476
f 1321//2473 1322//2476 1660//2477 1659//2474
f 1322//2476 1323//2478 1661//2479 1660//2477
f 1322//2476 1381//2475 1382//2480 1323//2478
f 1323//2478 1324//2481 1438//2482 1661//2479
f 1323//2478 1382//2480 1383//2483 1324//2481
f 1324//2481 1325//2484 1440//2485 1438//2482
f 1324//2481 1383//2483 1384//2486 1325//2484
f 1325//2484 1326//2487 1442//2488 1440//2485
f 1325//2484 1384//2486 1385//2489 1326//2487
f 1326//2487 1327//2490 1444//2491 1442//2488
f 1326//2487 1385//2489 1386//2492 1327//2490
f 1327//2490 1328//2493 1446//2494 1444//2491
f 1327//2490 1386//2492 1387//2495 1328//2493
f 1328//2493 1329//2496 1448//2497 1446//2494
f 1328//2493 1387//2495 1388//2498 1329//2496
f 1329//2496 1662//2499 1450//2500 1448//2497
f 1329//2496 1388//2498 1389//2501 1662//2499
f 1330//2502 1331//2503 1480//2504 1477//2505
f 1330//2502 1477//2505 1474//2506 1399//2507
f 1330//2502 1399//2507 1772//2508 1773//2509
f 1330//2502 1773//2509 1774//2510 1331//2503
f 1331//2503 1332//2511 1483//2512 1480//2504
f 1331//2503 1774//2510 1775//2513 1332//2511
f 1332//2511 1333//2514 1486//2515 1483//2512
f 1332//2511 1775//2513 1776//2516 1333//2514
f 1333//2514 1334//2517 1489//2518 1486//2515
f 1333//2514 1776//2516 1777//2519 1334//2517
f 1334//2517 1335//2520 1492//2521 1489//2518
f 1334//2517 1777//2519 1778//2522 1335//2520
f 1335//2520 1669//2523 1495//2524 1492//2521
f 1335//2520 1778//2522 1779//2525 1669//2523
f 1336//2404 1337//2526 1339//2527 1338//2405
f 1336//2404 1400//2411 1948//2528 1337//2526
f 1337//2526 1729//2529 1730//2530 1339//2527
f 1337//2526 1948//2528 1728//2531 1729//2529
f 1338//2405 1339//2527 1341//2532 1340//2412
f 1339//2527 1730//2530 1731//2533 1341//2532
f 1340//2412 1341//2532 1343//2534 1342//2415
f 1341//2532 1731//2533 1732//2535 1343//2534
f 1342//2415 1343//2534 1345//2536 1344//2418
f 1343//2534 1732//2535 1733//2537 1345//2536
f 1344//2418 1345//2536 1347//2538 1346//2421
f 1345//2536 1733//2537 1734//2539 1347//2538
f 1346//2421 1347//2538 1349//2540 1348//2424
f 1347//2538 1734//2539 1735//2541 1349//2540
f 1348//2424 1349//2540 1351//2542 1350//2427
f 1349//2540 1735//2541 1736//2543 1351//2542
f 1350//2427 1351//2542 1353//2544 1352//2430
f 1351//2542 1736//2543 1737//2545 1353//2544
f 1352//2430 1353//2544 1355//2546 1354//2435
f 1353//2544 1737//2545 1738//2547 1355//2546
f 1354//2435 1355//2546 1357//2548 1356//2438
f 1355//2546 1738//2547 1739//2549 1357//2548
f 1356//2438 1357//2548 1359//2550 1358//2441
f 1357//2548 1739//2549 1740//2551 1359//2550
f 1358//2441 1359//2550 1361//2552 1360//2444
f 1359//2550 1740//2551 1741//2553 1361//2552
f 1360//2444 1361//2552 1363//2554 1362//2447
f 1361//2552 1741//2553 1742//2555 1363//2554
f 1362//2447 1363//2554 1365//2556 1364//2450
f 1363//2554 1742//2555 1743//2557 1365//2556
f 1364//2450 1365//2556 1367//2558 1366//2453
f 1365//2556 1743//2557 1744//2559 1367//2558
f 1366//2453 1367//2558 1369//2560 1368//2456
f 1367//2558 1744//2559 1745//2561 1369//2560
f 1368//2456 1369//2560 1371//2562 1370//2563
f 1368//2456 1370//2563 1652//2564 1651//2454
f 1369//2560 1745//2561 1746//2565 1371//2562
f 1370//2563 1371//2562 1373//2566 1372//2567
f 1370//2563 1372//2567 1653//2568 1652//2564
f 1371//2562 1746//2565 1747//2569 1373//2566
f 1372//2567 1373//2566 1375//2459 1374//2458
f 1372//2567 1374//2458 1654//2465 1653//2568
f 1373//2566 1747//2569 1748//2570 1375//2459
f 1375//2459 1748//2570 1749//2571 1376//2460
f 1376//2460 1749//2571 1750//2572 1377//2461
f 1377//2461 1750//2572 1751//2573 1378//2466
f 1378//2466 1751//2573 1752//2574 1379//2469
f 1379//2469 1752//2574 1753//2575 1380//2472
f 1380//2472 1753//2575 1754//2576 1381//2475
f 1381//2475 1754//2576 1755//2577 1382//2480
f 1382//2480 1755//2577 1756//2578 1383//2483
f 1383//2483 1756//2578 1757//2579 1384//2486
f 1384//2486 1757//2579 1758//2580 1385//2489
f 1385//2489 1758//2580 1759//2581 1386//2492
f 1386//2492 1759//2581 1760//2582 1387//2495
f 1387//2495 1760//2582 1761//2583 1388//2498
f 1388//2498 1761//2583 1762//2584 1389//2501
f 1389//2501 1762//2584 1763//2585 1390//2586
f 1389//2501 1390//2586 1663//2587 1662//2499
f 1390//2586 1763//2585 1764//2588 1391//2589
f 1390//2586 1391//2589 1664//2590 1663//2587
f 1391//2589 1764//2588 1765//2591 1392//2592
f 1391//2589 1392//2592 1665//2593 1664//2590
f 1392//2592 1765//2591 1766//2594 1393//2595
f 1392//2592 1393//2595 1666//2596 1665//2593
f 1393//2595 1766//2594 1767//2597 1394//2598
f 1393//2595 1394//2598 1667//2599 1666//2596
f 1394//2598 1767//2597 1768//2600 1395//2601
f 1394//2598 1395//2601 1668//2602 1667//2599
f 1395//2601 1768//2600 1769//2603 1396//2604
f 1395//2601 1396//2604 1465//2605 1668//2602
f 1396//2604 1769//2603 1770//2606 1397//2607
f 1396//2604 1397//2607 1468//2608 1465//2605
f 1397//2607 1770//2606 1771//2609 1398//2610
f 1397//2607 1398//2610 1471//2611 1468//2608
f 1398//2610 1399//2507 1474//2506 1471//2611
f 1398//2610 1771//2609 1772//2508 1399//2507
f 1400//2411 1401//2410 1903//2612 1904//2613
f 1400//2411 1904//2613 1728//2531 1948//2528
f 1401//2410 1947//2409 1902//2614 1903//2612
f 1402//2615 1403//2616 1595//2617 1592//2618
f 1402//2615 1592//2618 1588//2619 1589//2620
f 1402//2615 1589//2620 1912//2621 1913//2622
f 1402//2615 1913//2622 1914//2623 1403//2616
f 1403//2616 1672//2624 1598//2625 1595//2617
f 1403//2616 1914//2623 1915//2626 1672//2624
f 1404//2627 1405//2628 1617//2629 1615//2630
f 1404//2627 1615//2630 1612//2631 1613//2632
f 1404//2627 1613//2632 1677//2633 1678//2634
f 1404//2627 1678//2634 1679//2635 1405//2628
f 1405//2628 1406//2636 1619//2637 1617//2629
f 1405//2628 1679//2635 1680//2638 1406//2636
f 1406//2636 1407//2639 1621//2640 1619//2637
f 1406//2636 1680//2638 1681//2641 1407//2639
f 1407//2639 1408//2642 1623//2643 1621//2640
f 1407//2639 1681//2641 1682//2644 1408//2642
f 1408//2642 1682//2644 1684//2645 1683//2646
f 1408//2642 1683//2646 1625//2647 1623//2643
f 1409//2648 1410//2649 1631//2650 1630//2651
f 1409//2648 1630//2651 1628//2652 1629//2653
f 1409//2648 1629//2653 1687//2654 1689//2655
f 1409//2648 1689//2655 1691//2656 1410//2649
f 1410//2649 1411//2657 1632//2658 1631//2650
f 1410//2649 1691//2656 1693//2659 1411//2657
f 1411//2657 1412//2660 1633//2661 1632//2658
f 1411//2657 1693//2659 1695//2662 1412//2660
f 1412//2660 1413//2663 1634//2664 1633//2661
f 1412//2660 1695//2662 1697//2665 1413//2663
f 1413//2663 1697//2665 1699//2666 1414//2667
f 1413//2663 1414//2667 1635//2668 1634//2664
f 1414//2667 1699//2666 1701//2669 1415//2670
f 1414//2667 1415//2670 1636//2671 1635//2668
f 1415//2670 1701//2669 1704//2672 1703//2673
f 1415//2670 1703//2673 1637//2674 1636//2671
f 1416//2675 1417//2676 1896//2677 1895//2678
f 1416//2675 1895//2678 1894//2679 1637//2674
f 1416//2675 1637//2674 1703//2673 1706//2680
f 1416//2675 1706//2680 1709//2681 1417//2676
f 1417//2676 1418//2682 1897//2683 1896//2677
f 1417//2676 1709//2681 1712//2684 1418//2682
f 1418//2682 1419//2685 1898//2686 1897//2683
f 1418//2682 1712//2684 1715//2687 1419//2685
f 1419//2685 1420//2688 1899//2689 1898//2686
f 1419//2685 1715//2687 1718//2690 1420//2688
f 1420//2688 1718//2690 1721//2691 1421//2692
f 1420//2688 1421//2692 1900//2693 1899//2689
f 1421//2692 1721//2691 1724//2694 1422//2695
f 1421//2692 1422//2695 1901//2696 1900//2693
f 1422//2695 1724//2694 1944//2697 1727//2698
f 1422//2695 1727//2698 1950//2699 1901//2696
f 1423//2446 1424//2449 1810//2700 1809//2701
f 1423//2446 1809//2701 1808//2702 1650//2443
f 1424//2449 1425//2452 1811//2703 1810//2700
f 1425//2452 1426//2455 1812//2704 1811//2703
f 1426//2455 1651//2454 1652//2564 1427//2705
f 1426//2455 1427//2705 1813//2706 1812//2704
f 1427//2705 1652//2564 1653//2568 1428//2707
f 1427//2705 1428//2707 1814//2708 1813//2706
f 1428//2707 1653//2568 1654//2465 1429//2709
f 1428//2707 1429//2709 1815//2710 1814//2708
f 1429//2709 1654//2465 1655//2464 1430//2711
f 1429//2709 1430//2711 1816//2712 1815//2710
f 1430//2711 1655//2464 1656//2463 1431//2713
f 1430//2711 1431//2713 1817//2714 1816//2712
f 1431//2713 1656//2463 1657//2468 1432//2715
f 1431//2713 1432//2715 1818//2716 1817//2714
f 1432//2715 1657//2468 1658//2471 1433//2717
f 1432//2715 1433//2717 1819//2718 1818//2716
f 1433//2717 1658//2471 1659//2474 1434//2719
f 1433//2717 1434//2719 1820//2720 1819//2718
f 1434//2719 1659//2474 1660//2477 1435//2721
f 1434//2719 1435//2721 1821//2722 1820//2720
f 1435//2721 1660//2477 1661//2479 1436//2723
f 1435//2721 1436//2723 1822//2724 1821//2722
f 1436//2723 1661//2479 1438//2482 1437//2725
f 1436//2723 1437//2725 1823//2726 1822//2724
f 1437//2725 1438//2482 1440//2485 1439//2727
f 1437//2725 1439//2727 1824//2728 1823//2726
f 1439//2727 1440//2485 1442//2488 1441//2729
f 1439//2727 1441//2729 1825//2730 1824//2728
f 1441//2729 1442//2488 1444//2491 1443//2731
f 1441//2729 1443//2731 1826//2732 1825//2730
f 1443//2731 1444//2491 1446//2494 1445//2733
f 1443//2731 1445//2733 1827//2734 1826//2732
f 1445//2733 1446//2494 1448//2497 1447//2735
f 1445//2733 1447//2735 1828//2736 1827//2734
f 1447//2735 1448//2497 1450//2500 1449//2737
f 1447//2735 1449//2737 1829//2738 1828//2736
f 1449//2737 1450//2500 1452//2739 1451//2740
f 1449//2737 1451//2740 1830//2741 1829//2738
f 1450//2500 1662//2499 1663//2587 1452//2739
f 1451//2740 1452//2739 1454//2742 1453//2743
f 1451//2740 1453//2743 1831//2744 1830//2741
f 1452//2739 1663//2587 1664//2590 1454//2742
f 1453//2743 1454//2742 1456//2745 1455//2746
f 1453//2743 1455//2746 1832//2747 1831//2744
f 1454//2742 1664//2590 1665//2593 1456//2745
f 1455//2746 1456//2745 1458//2748 1457//2749
f 1455//2746 1457//2749 1833//2750 1832//2747
f 1456//2745 1665//2593 1666//2596 1458//2748
f 1457//2749 1458//2748 1460//2751 1459//2752
f 1457//2749 1459//2752 1834//2753 1833//2750
f 1458//2748 1666//2596 1667//2599 1460//2751
f 1459//2752 1460//2751 1462//2754 1461//2755
f 1459//2752 1461//2755 1835//2756 1834//2753
f 1460//2751 1667//2599 1668//2602 1462//2754
f 1461//2755 1462//2754 1464//2757 1463//2758
f 1461//2755 1463//2758 1836//2759 1835//2756
f 1462//2754 1668//2602 1465//2605 1464//2757
f 1463//2758 1464//2757 1467//2760 1466//2761
f 1463//2758 1466//2761 1837//2762 1836//2759
f 1464//2757 1465//2605 1468//2608 1467//2760
f 1466//2761 1467//2760 1470//2763 1469//2764
f 1466//2761 1469//2764 1838//2765 1837//2762
f 1467//2760 1468//2608 1471//2611 1470//2763
f 1469//2764 1470//2763 1473//2766 1472//2767
f 1469//2764 1472//2767 1839//2768 1838//2765
f 1470//2763 1471//2611 1474//2506 1473//2766
f 1472//2767 1473//2766 1476//2769 1475//2770
f 1472//2767 1475//2770 1840//2771 1839//2768
f 1473//2766 1474//2506 1477//2505 1476//2769
f 1475//2770 1476//2769 1479//2772 1478//2773
f 1475//2770 1478//2773 1841//2774 1840//2771
f 1476//2769 1477//2505 1480//2504 1479//2772
f 1478//2773 1479//2772 1482//2775 1481//2776
f 1478//2773 1481//2776 1842//2777 1841//2774
f 1479//2772 1480//2504 1483//2512 1482//2775
f 1481//2776 1482//2775 1485//2778 1484//2779
f 1481//2776 1484//2779 1843//2780 1842//2777
f 1482//2775 1483//2512 1486//2515 1485//2778
f 1484//2779 1485//2778 1488//2781 1487//2782
f 1484//2779 1487//2782 1844//2783 1843//2780
f 1485//2778 1486//2515 1489//2518 1488//2781
f 1487//2782 1488//2781 1491//2784 1490//2785
f 1487//2782 1490//2785 1845//2786 1844//2783
f 1488//2781 1489//2518 1492//2521 1491//2784
f 1490//2785 1491//2784 1494//2787 1493//2788
f 1490//2785 1493//2788 1846//2789 1845//2786
f 1491//2784 1492//2521 1495//2524 1494//2787
f 1493//2788 1494//2787 1497//2790 1496//2791
f 1493//2788 1496//2791 1847//2792 1846//2789
f 1494//2787 1495//2524 1498//2793 1497//2790
f 1495//2524 1669//2523 1670//2794 1498//2793
f 1496//2791 1497//2790 1500//2795 1499//2796
f 1496//2791 1499//2796 1848//2797 1847//2792
f 1497//2790 1498//2793 1501//2798 1500//2795
f 1498//2793 1670//2794 1671//2799 1501//2798
f 1499//2796 1500//2795 1503//2800 1502//2801
f 1499//2796 1502//2801 1849//2802 1848//2797
f 1500//2795 1501//2798 1504//2803 1503//2800
f 1501//2798 1671//2799 1505//2804 1504//2803
f 1502//2801 1503//2800 1507//2805 1506//2806
f 1502//2801 1506//2806 1850//2807 1849//2802
f 1503//2800 1504//2803 1508//2808 1507//2805
f 1504//2803 1505//2804 1509//2809 1508//2808
f 1505//2804 1671//2799 1781//2810 1782//2811
f 1505//2804 1782//2811 1783//2812 1509//2809
f 1506//2806 1507//2805 1511//2813 1510//2814
f 1506//2806 1510//2814 1851//2815 1850//2807
f 1507//2805 1508//2808 1512//2816 1511//2813
f 1508//2808 1509//2809 1513//2817 1512//2816
f 1509//2809 1783//2812 1784//2818 1513//2817
f 1510//2814 1511//2813 1515//2819 1514//2820
f 1510//2814 1514//2820 1852//2821 1851//2815
f 1511//2813 1512//2816 1516//2822 1515//2819
f 1512//2816 1513//2817 1517//2823 1516//2822
f 1513//2817 1784//2818 1785//2824 1517//2823
f 1514//2820 1515//2819 1519//2825 1518//2826
f 1514//2820 1518//2826 1853//2827 1852//2821
f 1515//2819 1516//2822 1520//2828 1519//2825
f 1516//2822 1517//2823 1521//2829 1520//2828
f 1517//2823 1785//2824 1786//2830 1521//2829
f 1518//2826 1519//2825 1523//2831 1522//2832
f 1518//2826 1522//2832 1854//2833 1853//2827
f 1519//2825 1520//2828 1524//2834 1523//2831
f 1520//2828 1521//2829 1525//2835 1524//2834
f 1521//2829 1786//2830 1787//2836 1525//2835
f 1522//2832 1523//2831 1527//2837 1526//2838
f 1522//2832 1526//2838 1855//2839 1854//2833
f 1523//2831 1524//2834 1528//2840 1527//2837
f 1524//2834 1525//2835 1529//2841 1528//2840
f 1525//2835 1787//2836 1788//2842 1529//2841
f 1526//2838 1527//2837 1531//2843 1530//2844
f 1526//2838 1530//2844 1856//2845 1855//2839
f 1527//2837 1528//2840 1532//2846 1531//2843
f 1528//2840 1529//2841 1533//2847 1532//2846
f 1529//2841 1788//2842 1789//2848 1533//2847
f 1530//2844 1531//2843 1535//2849 1534//2850
f 1530//2844 1534//2850 1857//2851 1856//2845
f 1531//2843 1532//2846 1536//2852 1535//2849
f 1532//2846 1533//2847 1537//2853 1536//2852
f 1533//2847 1789//2848 1790//2854 1537//2853
f 1534//2850 1535//2849 1539//2855 1538//2856
f 1534//2850 1538//2856 1858//2857 1857//2851
f 1535//2849 1536//2852 1540//2858 1539//2855
f 1536//2852 1537//2853 1541//2859 1540//2858
f 1537//2853 1790//2854 1791//2860 1541//2859
f 1538//2856 1539//2855 1543//2861 1542//2862
f 1538//2856 1542//2862 1859//2863 1858//2857
f 1539//2855 1540//2858 1544//2864 1543//2861
f 1540//2858 1541//2859 1545//2865 1544//2864
f 1541//2859 1791//2860 1792//2866 1545//2865
f 1542//2862 1543//2861 1547//2867 1546//2868
f 1542//2862 1546//2868 1860//2869 1859//2863
f 1543//2861 1544//2864 1548//2870 1547//2867
f 1544//2864 1545//2865 1549//2871 1548//2870
f 1545//2865 1792//2866 1793//2872 1549//2871
f 1546//2868 1547//2867 1551//2873 1550//2874
f 1546//2868 1550//2874 1861//2875 1860//2869
f 1547//2867 1548//2870 1552//2876 1551//2873
f 1548//2870 1549//2871 1553//2877 1552//2876
f 1549//2871 1793//2872 1794//2878 1553//2877
f 1550//2874 1551//2873 1555//2879 1554//2880
f 1550//2874 1554//2880 1862//2881 1861//2875
f 1551//2873 1552//2876 1556//2882 1555//2879
f 1552//2876 1553//2877 1557//2883 1556//2882
f 1553//2877 1794//2878 1795//2884 1557//2883
f 1554//2880 1555//2879 1559//2885 1558//2886
f 1554//2880 1558//2886 1863//2887 1862//2881
f 1555//2879 1556//2882 1560//2888 1559//2885
f 1556//2882 1557//2883 1561//2889 1560//2888
f 1557//2883 1795//2884 1905//2890 1561//2889
f 1558//2886 1559//2885 1563//2891 1562//2892
f 1558//2886 1562//2892 1864//2893 1863//2887
f 1559//2885 1560//2888 1564//2894 1563//2891
f 1560//2888 1561//2889 1565//2895 1564//2894
f 1561//2889 1905//2890 1906//2896 1565//2895
f 1562//2892 1563//2891 1567//2897 1566//2898
f 1562//2892 1566//2898 1865//2899 1864//2893
f 1563//2891 1564//2894 1568//2900 1567//2897
f 1564//2894 1565//2895 1569//2901 1568//2900
f 1565//2895 1906//2896 1907//2902 1569//2901
f 1566//2898 1567//2897 1571//2903 1570//2904
f 1566//2898 1570//2904 1866//2905 1865//2899
f 1567//2897 1568//2900 1572//2906 1571//2903
f 1568//2900 1569//2901 1573//2907 1572//2906
f 1569//2901 1907//2902 1908//2908 1573//2907
f 1570//2904 1571//2903 1575//2909 1574//2910
f 1570//2904 1574//2910 1867//2911 1866//2905
f 1571//2903 1572//2906 1576//2912 1575//2909
f 1572//2906 1573//2907 1577//2913 1576//2912
f 1573//2907 1908//2908 1909//2914 1577//2913
f 1574//2910 1575//2909 1579//2915 1578//2916
f 1574//2910 1578//2916 1868//2917 1867//2911
f 1575//2909 1576//2912 1580//2918 1579//2915
f 1576//2912 1577//2913 1581//2919 1580//2918
f 1577//2913 1909//2914 1910//2920 1581//2919
f 1578//2916 1579//2915 1583//2921 1582//2922
f 1578//2916 1582//2922 1869//2923 1868//2917
f 1579//2915 1580//2918 1584//2924 1583//2921
f 1580//2918 1581//2919 1585//2925 1584//2924
f 1581//2919 1910//2920 1911//2926 1585//2925
f 1582//2922 1583//2921 1587//2927 1586//2928
f 1582//2922 1586//2928 1870//2929 1869//2923
f 1583//2921 1584//2924 1588//2619 1587//2927
f 1584//2924 1585//2925 1589//2620 1588//2619
f 1585//2925 1911//2926 1912//2621 1589//2620
f 1586//2928 1587//2927 1591//2930 1590//2931
f 1586//2928 1590//2931 1871//2932 1870//2929
f 1587//2927 1588//2619 1592//2618 1591//2930
f 1590//2931 1591//2930 1594//2933 1593//2934
f 1590//2931 1593//2934 1872//2935 1871//2932
f 1591//2930 1592//2618 1595//2617 1594//2933
f 1593//2934 1594//2933 1597//2936 1596//2937
f 1593//2934 1596//2937 1873//2938 1872//2935
f 1594//2933 1595//2617 1598//2625 1597//2936
f 1596//2937 1597//2936 1600//2939 1599//2940
f 1596//2937 1599//2940 1874//2941 1873//2938
f 1597//2936 1598//2625 1601//2942 1600//2939
f 1598//2625 1672//2624 1673//2943 1601//2942
f 1599//2940 1600//2939 1603//2944 1602//2945
f 1599//2940 1602//2945 1875//2946 1874//2941
f 1600//2939 1601//2942 1604//2947 1603//2944
f 1601//2942 1673//2943 1674//2948 1604//2947
f 1602//2945 1603//2944 1606//2949 1605//2950
f 1602//2945 1605//2950 1876//2951 1875//2946
f 1603//2944 1604//2947 1607//2952 1606//2949
f 1604//2947 1674//2948 1675//2953 1607//2952
f 1605//2950 1606//2949 1609//2954 1608//2955
f 1605//2950 1608//2955 1877//2956 1876//2951
f 1606//2949 1607//2952 1610//2957 1609//2954
f 1607//2952 1675//2953 1676//2958 1610//2957
f 1608//2955 1609//2954 1612//2631 1611//2959
f 1608//2955 1611//2959 1878//2960 1877//2956
f 1609//2954 1610//2957 1613//2632 1612//2631
f 1610//2957 1676//2958 1677//2633 1613//2632
f 1611//2959 1612//2631 1615//2630 1614//2961
f 1611//2959 1614//2961 1879//2962 1878//2960
f 1614//2961 1615//2630 1617//2629 1616//2963
f 1614//2961 1616//2963 1880//2964 1879//2962
f 1616//2963 1617//2629 1619//2637 1618//2965
f 1616//2963 1618//2965 1881//2966 1880//2964
f 1618//2965 1619//2637 1621//2640 1620//2967
f 1618//2965 1620//2967 1882//2968 1881//2966
f 1620//2967 1621//2640 1623//2643 1622//2969
f 1620//2967 1622//2969 1883//2970 1882//2968
f 1622//2969 1623//2643 1625//2647 1624//2971
f 1622//2969 1624//2971 1884//2972 1883//2970
f 1624//2971 1625//2647 1627//2973 1626//2974
f 1624//2971 1626//2974 1885//2975 1884//2972
f 1625//2647 1683//2646 1685//2976 1627//2973
f 1626//2974 1627//2973 1629//2653 1628//2652
f 1626//2974 1628//2652 1886//2977 1885//2975
f 1627//2973 1685//2976 1687//2654 1629//2653
f 1628//2652 1630//2651 1887//2978 1886//2977
f 1630//2651 1631//2650 1888//2979 1887//2978
f 1631//2650 1632//2658 1889//2980 1888//2979
f 1632//2658 1633//2661 1890//2981 1889//2980
f 1633//2661 1634//2664 1891//2982 1890//2981
f 1634//2664 1635//2668 1892//2983 1891//2982
f 1635//2668 1636//2671 1893//2984 1892//2983
f 1636//2671 1637//2674 1894//2679 1893//2984
f 1638//2408 1639//2407 1797//2985 1796//2986
f 1638//2408 1796//2986 1902//2614 1947//2409
f 1639//2407 1640//2414 1798//2987 1797//2985
f 1640//2414 1641//2417 1799//2988 1798//2987
f 1641//2417 1642//2420 1800//2989 1799//2988
f 1642//2420 1643//2423 1801//2990 1800//2989
f 1643//2423 1644//2426 1802//2991 1801//2990
f 1644//2426 1645//2429 1803//2992 1802//2991
f 1645//2429 1646//2432 1804//2993 1803//2992
f 1646//2432 1647//2434 1805//2994 1804//2993
f 1647//2434 1648//2437 1806//2995 1805//2994
f 1648//2437 1649//2440 1807//2996 1806//2995
f 1649//2440 1650//2443 1808//2702 1807//2996
f 1669//2523 1779//2525 1780//2997 1670//2794
f 1670//2794 1780//2997 1781//2810 1671//2799
f 1672//2624 1915//2626 1916//2998 1673//2943
f 1673//2943 1916//2998 1917//2999 1674//2948
f 1674//2948 1917//2999 1918//3000 1675//2953
f 1675//2953 1918//3000 1919//3001 1676//2958
f 1676//2958 1919//3001 1920//3002 1677//2633
f 1677//2633 1920//3002 1921//3003 1678//2634
f 1678//2634 1921//3003 1922//3004 1679//2635
f 1679//2635 1922//3004 1923//3005 1680//2638
f 1680//2638 1923//3005 1924//3006 1681//2641
f 1681//2641 1924//3006 1925//3007 1682//2644
f 1682//2644 1925//3007 1926//3008 1684//2645
f 1683//2646 1684//2645 1686//3009 1685//2976
f 1684//2645 1926//3008 1927//3010 1686//3009
f 1685//2976 1686//3009 1688//3011 1687//2654
f 1686//3009 1927//3010 1928//3012 1688//3011
f 1687//2654 1688//3011 1690//3013 1689//2655
f 1688//3011 1928//3012 1929//3014 1690//3013
f 1689//2655 1690//3013 1692//3015 1691//2656
f 1690//3013 1929//3014 1930//3016 1692//3015
f 1691//2656 1692//3015 1694//3017 1693//2659
f 1692//3015 1930//3016 1931//3018 1694//3017
f 1693//2659 1694//3017 1696//3019 1695//2662
f 1694//3017 1931//3018 1932//3020 1696//3019
f 1695//2662 1696//3019 1698//3021 1697//2665
f 1696//3019 1932//3020 1933//3022 1698//3021
f 1697//2665 1698//3021 1700//3023 1699//2666
f 1698//3021 1933//3022 1934//3024 1700//3023
f 1699//2666 1700//3023 1702//3025 1701//2669
f 1700//3023 1934//3024 1935//3026 1702//3025
f 1701//2669 1702//3025 1705//3027 1704//2672
f 1702//3025 1935//3026 1936//3028 1705//3027
f 1703//2673 1704//2672 1707//3029 1706//2680
f 1704//2672 1705//3027 1708//3030 1707//3029
f 1705//3027 1936//3028 1937//3031 1708//3030
f 1706//2680 1707//3029 1710//3032 1709//2681
f 1707//3029 1708//3030 1711//3033 1710//3032
f 1708//3030 1937//3031 1938//3034 1711//3033
f 1709//2681 1710//3032 1713//3035 1712//2684
f 1710//3032 1711//3033 1714//3036 1713//3035
f 1711//3033 1938//3034 1939//3037 1714//3036
f 1712//2684 1713//3035 1716//3038 1715//2687
f 1713//3035 1714//3036 1717//3039 1716//3038
f 1714//3036 1939//3037 1940//3040 1717//3039
f 1715//2687 1716//3038 1719//3041 1718//2690
f 1716//3038 1717//3039 1720//3042 1719//3041
f 1717//3039 1940//3040 1941//3043 1720//3042
f 1718//2690 1719//3041 1722//3044 1721//2691
f 1719//3041 1720//3042 1723//3045 1722//3044
f 1720//3042 1941//3043 1942//3046 1723//3045
f 1721//2691 1722//3044 1725//3047 1724//2694
f 1722//3044 1723//3045 1726//3048 1725//3047
f 1723//3045 1942//3046 1943//3049 1726//3048
f 1724//2694 1725//3047 1945//3050 1944//2697
f 1725//3047 1726//3048 1946//3051 1945//3050
f 1726//3048 1943//3049 1949//3052 1946//3051
s 15
f 1773//3053 1772//3054 2057//3055 2056//3056
f 1774//3057 1773//3053 2056//3056 2058//3058
f 1775//3059 1774//3057 2058//3058 2061//3060
f 1776//3061 1775//3059 2061//3060 2064//3062
f 1777//3063 1776//3061 2064//3062 2067//3064
f 1778//3065 1777//3063 2067//3064 2070//3066
f 1779//3067 1778//3065 2070//3066 2073//3068
f 1730//3069 1729//3070 2078//3071 2077//3072
s off
f 1729//3073 1728//3074 2079//3075 2078//3076
s 15
f 1731//3077 1730//3069 2077//3072 2081//3078
f 1732//3079 1731//3077 2081//3078 2083//3080
f 1733//3081 1732//3079 2083//3080 2085//3082
f 1734//3083 1733//3081 2085//3082 2087//3084
f 1735//3085 1734//3083 2087//3084 2089//3086
f 1736//3087 1735//3085 2089//3086 2091//3088
f 1737//3089 1736//3087 2091//3088 2093//3090
f 1738//3091 1737//3089 2093//3090 2095//3092
f 1739//3093 1738//3091 2095//3092 2097//3094
f 1740//3095 1739//3093 2097//3094 2099//3096
f 1741//3097 1740//3095 2099//3096 2101//3098
f 1742//3099 1741//3097 2101//3098 2103//3100
f 1743//3101 1742//3099 2103//3100 2105//3102
f 1744//3103 1743//3101 2105//3102 2107//3104
f 1745//3105 1744//3103 2107//3104 2109//3106
f 1746//3107 1745//3105 2109//3106 2113//3108
f 1747//3109 1746//3107 2113//3108 2117//3110
f 1748//3111 1747//3109 2117//3110 2118//3112
f 1749//3113 1748//3111 2118//3112 2119//3114
f 1750//3115 1749//3113 2119//3114 2120//3116
f 1751//3117 1750//3115 2120//3116 2121//3118
f 1752//3119 1751//3117 2121//3118 2122//3120
f 1753//3121 1752//3119 2122//3120 2123//3122
f 1754//3123 1753//3121 2123//3122 2124//3124
f 1755//3125 1754//3123 2124//3124 2125//3126
f 1756//3127 1755//3125 2125//3126 2126//3128
f 1757//3129 1756//3127 2126//3128 2127//3130
f 1758//3131 1757//3129 2127//3130 2128//3132
f 1759//3133 1758//3131 2128//3132 2129//3134
f 1760//3135 1759//3133 2129//3134 2130//3136
f 1761//3137 1760//3135 2130//3136 2131//3138
f 1762//3139 1761//3137 2131//3138 2132//3140
f 1763//3141 1762//3139 2132//3140 2134//3142
f 1764//3143 1763//3141 2134//3142 2137//3144
f 1765//3145 1764//3143 2137//3144 2140//3146
f 1766//3147 1765//3145 2140//3146 2143//3148
f 1767//3149 1766//3147 2143//3148 2146//3150
f 1768//3151 1767//3149 2146//3150 2149//3152
f 1769//3153 1768//3151 2149//3152 2152//3154
f 1770//3155 1769//3153 2152//3154 2155//3156
f 1771//3157 1770//3155 2155//3156 2158//3158
f 1772//3054 1771//3157 2158//3158 2057//3055
s 17
f 1904//3159 1903//3160 2161//3161 2160//3162
f 1728//3163 1904//3159 2160//3162 2079//3164
f 1903//3160 1902//3165 2162//3166 2161//3161
s 15
f 1913//3167 1912//3168 2170//3169 2169//3170
f 1914//3171 1913//3167 2169//3170 2171//3172
f 1915//3173 1914//3171 2171//3172 2174//3174
s 17
f 1895//3175 1896//3176 2225//3177 2224//3178
f 1894//3179 1895//3175 2224//3178 2227//3180
f 1896//3176 1897//3181 2230//3182 2225//3177
f 1897//3181 1898//3183 2233//3184 2230//3182
f 1898//3183 1899//3185 2236//3186 2233//3184
f 1899//3185 1900//3187 2241//3188 2236//3186
f 1900//3187 1901//3189 2244//3190 2241//3188
s 20
f 1727//3191 1944//3192 2246//3193 2245//3194
s 17
f 1901//3189 1950//3195 2247//3196 2244//3190
s 20
f 1950//3197 1727//3191 2245//3194 2247//3198
s 17
f 1809//3199 1810//3200 2249//3201 2248//3202
f 1808//3203 1809//3199 2248//3202 2250//3204
f 1810//3200 1811//3205 2251//3206 2249//3201
f 1811//3205 1812//3207 2252//3208 2251//3206
f 1812//3207 1813//3209 2254//3210 2252//3208
f 1813//3209 1814//3211 2256//3212 2254//3210
f 1814//3211 1815//3213 2258//3214 2256//3212
f 1815//3213 1816//3215 2260//3216 2258//3214
f 1816//3215 1817//3217 2262//3218 2260//3216
f 1817//3217 1818//3219 2264//3220 2262//3218
f 1818//3219 1819//3221 2266//3222 2264//3220
f 1819//3221 1820//3223 2268//3224 2266//3222
f 1820//3223 1821//3225 2270//3226 2268//3224
f 1821//3225 1822//3227 2272//3228 2270//3226
f 1822//3227 1823//3229 2274//3230 2272//3228
f 1823//3229 1824//3231 2276//3232 2274//3230
f 1824//3231 1825//3233 2278//3234 2276//3232
f 1825//3233 1826//3235 2280//3236 2278//3234
f 1826//3235 1827//3237 2282//3238 2280//3236
f 1827//3237 1828//3239 2284//3240 2282//3238
f 1828//3239 1829//3241 2286//3242 2284//3240
f 1829//3241 1830//3243 2289//3244 2286//3242
f 1830//3243 1831//3245 2292//3246 2289//3244
f 1831//3245 1832//3247 2295//3248 2292//3246
f 1832//3247 1833//3249 2298//3250 2295//3248
f 1833//3249 1834//3251 2301//3252 2298//3250
f 1834//3251 1835//3253 2304//3254 2301//3252
f 1835//3253 1836//3255 2307//3256 2304//3254
f 1836//3255 1837//3257 2310//3258 2307//3256
f 1837//3257 1838//3259 2313//3260 2310//3258
f 1838//3259 1839//3261 2316//3262 2313//3260
f 1839//3261 1840//3263 2319//3264 2316//3262
f 1840//3263 1841//3265 2322//3266 2319//3264
f 1841//3265 1842//3267 2325//3268 2322//3266
f 1842//3267 1843//3269 2328//3270 2325//3268
f 1843//3269 1844//3271 2331//3272 2328//3270
f 1844//3271 1845//3273 2334//3274 2331//3272
f 1845//3273 1846//3275 2337//3276 2334//3274
f 1846//3275 1847//3277 2340//3278 2337//3276
f 1847//3277 1848//3279 2345//3280 2340//3278
f 1848//3279 1849//3281 2350//3282 2345//3280
f 1849//3281 1850//3283 2355//3284 2350//3282
s 15
f 1782//3285 1781//3286 2359//3287 2358//3288
f 1783//3289 1782//3285 2358//3288 2360//3290
s 17
f 1850//3283 1851//3291 2363//3292 2355//3284
s 15
f 1784//3293 1783//3289 2360//3290 2366//3294
s 17
f 1851//3291 1852//3295 2369//3296 2363//3292
s 15
f 1785//3297 1784//3293 2366//3294 2372//3298
s 17
f 1852//3295 1853//3299 2375//3300 2369//3296
s 15
f 1786//3301 1785//3297 2372//3298 2378//3302
s 17
f 1853//3299 1854//3303 2381//3304 2375//3300
s 15
f 1787//3305 1786//3301 2378//3302 2384//3306
s 17
f 1854//3303 1855//3307 2387//3308 2381//3304
s 15
f 1788//3309 1787//3305 2384//3306 2390//3310
s 17
f 1855//3307 1856//3311 2393//3312 2387//3308
s 15
f 1789//3313 1788//3309 2390//3310 2396//3314
s 17
f 1856//3311 1857//3315 2399//3316 2393//3312
s 15
f 1790//3317 1789//3313 2396//3314 2402//3318
s 17
f 1857//3315 1858//3319 2405//3320 2399//3316
s 15
f 1791//3321 1790//3317 2402//3318 2408//3322
s 17
f 1858//3319 1859//3323 2411//3324 2405//3320
s 15
f 1792//3325 1791//3321 2408//3322 2414//3326
s 17
f 1859//3323 1860//3327 2417//3328 2411//3324
s 15
f 1793//3329 1792//3325 2414//3326 2420//3330
s 17
f 1860//3327 1861//3331 2423//3332 2417//3328
s 15
f 1794//3333 1793//3329 2420//3330 2426//3334
s 17
f 1861//3331 1862//3335 2429//3336 2423//3332
s 15
f 1795//3337 1794//3333 2426//3334 2432//3338
s 17
f 1862//3335 1863//3339 2435//3340 2429//3336
s 15
f 1905//3341 1795//3337 2432//3338 2438//3342
s 17
f 1863//3339 1864//3343 2441//3344 2435//3340
s 15
f 1906//3345 1905//3341 2438//3342 2444//3346
s 17
f 1864//3343 1865//3347 2447//3348 2441//3344
s 15
f 1907//3349 1906//3345 2444//3346 2450//3350
s 17
f 1865//3347 1866//3351 2453//3352 2447//3348
s 15
f 1908//3353 1907//3349 2450//3350 2456//3354
s 17
f 1866//3351 1867//3355 2459//3356 2453//3352
s 15
f 1909//3357 1908//3353 2456//3354 2462//3358
s 17
f 1867//3355 1868//3359 2465//3360 2459//3356
s 15
f 1910//3361 1909//3357 2462//3358 2468//3362
s 17
f 1868//3359 1869//3363 2471//3364 2465//3360
s 15
f 1911//3365 1910//3361 2468//3362 2474//3366
s 17
f 1869//3363 1870//3367 2477//3368 2471//3364
s 15
f 1912//3168 1911//3365 2474//3366 2170//3169
s 17
f 1870//3367 1871//3369 2480//3370 2477//3368
f 1871//3369 1872//3371 2483//3372 2480//3370
f 1872//3371 1873//3373 2486//3374 2483//3372
f 1873//3373 1874//3375 2489//3376 2486//3374
f 1874//3375 1875//3377 2494//3378 2489//3376
f 1875//3377 1876//3379 2499//3380 2494//3378
f 1876//3379 1877//3381 2504//3382 2499//3380
f 1877//3381 1878//3383 2508//3384 2504//3382
f 1878//3383 1879//3385 2510//3386 2508//3384
f 1879//3385 1880//3387 2512//3388 2510//3386
f 1880//3387 1881//3389 2514//3390 2512//3388
f 1881//3389 1882//3391 2516//3392 2514//3390
f 1882//3391 1883//3393 2518//3394 2516//3392
f 1883//3393 1884//3395 2520//3396 2518//3394
f 1884//3395 1885//3397 2523//3398 2520//3396
f 1885//3397 1886//3399 2525//3400 2523//3398
f 1886//3399 1887//3401 2526//3402 2525//3400
f 1887//3401 1888//3403 2527//3404 2526//3402
f 1888//3403 1889//3405 2528//3406 2527//3404
f 1889//3405 1890//3407 2529//3408 2528//3406
f 1890//3407 1891//3409 2530//3410 2529//3408
f 1891//3409 1892//3411 2531//3412 2530//3410
f 1892//3411 1893//3413 2532//3414 2531//3412
f 1893//3413 1894//3179 2227//3180 2532//3414
f 1796//3415 1797//3416 2534//3417 2533//3418
f 1902//3165 1796//3415 2533//3418 2162//3166
f 1797//3416 1798//3419 2535//3420 2534//3417
f 1798//3419 1799//3421 2536//3422 2535//3420
f 1799//3421 1800//3423 2537//3424 2536//3422
f 1800//3423 1801//3425 2538//3426 2537//3424
f 1801//3425 1802//3427 2539//3428 2538//3426
f 1802//3427 1803//3429 2540//3430 2539//3428
f 1803//3429 1804//3431 2541//3432 2540//3430
f 1804//3431 1805//3433 2542//3434 2541//3432
f 1805//3433 1806//3435 2543//3436 2542//3434
f 1806//3435 1807//3437 2544//3438 2543//3436
f 1807//3437 1808//3203 2250//3204 2544//3438
s 15
f 1780//3439 1779//3067 2073//3068 2545//3440
f 1781//3286 1780//3439 2545//3440 2359//3287
f 1916//3441 1915//3173 2174//3174 2546//3442
f 1917//3443 1916//3441 2546//3442 2547//3444
f 1918//3445 1917//3443 2547//3444 2548//3446
f 1919//3447 1918//3445 2548//3446 2549//3448
f 1920//3449 1919//3447 2549//3448 2550//3450
f 1921//3451 1920//3449 2550//3450 2551//3452
f 1922//3453 1921//3451 2551//3452 2552//3454
f 1923//3455 1922//3453 2552//3454 2553//3456
f 1924//3457 1923//3455 2553//3456 2554//3458
f 1925//3459 1924//3457 2554//3458 2555//3460
f 1926//3461 1925//3459 2555//3460 2556//3462
f 1927//3463 1926//3461 2556//3462 2558//3464
f 1928//3465 1927//3463 2558//3464 2560//3466
f 1929//3467 1928//3465 2560//3466 2562//3468
f 1930//3469 1929//3467 2562//3468 2564//3470
f 1931//3471 1930//3469 2564//3470 2566//3472
f 1932//3473 1931//3471 2566//3472 2568//3474
f 1933//3475 1932//3473 2568//3474 2570//3476
f 1934//3477 1933//3475 2570//3476 2572//3478
f 1935//3479 1934//3477 2572//3478 2574//3480
f 1936//3481 1935//3479 2574//3480 2576//3482
f 1937//3483 1936//3481 2576//3482 2579//3484
f 1938//3485 1937//3483 2579//3484 2582//3486
f 1939//3487 1938//3485 2582//3486 2585//3488
f 1940//3489 1939//3487 2585//3488 2588//3490
f 1941//3491 1940//3489 2588//3490 2591//3492
f 1942//3493 1941//3491 2591//3492 2594//3494
f 1943//3495 1942//3493 2594//3494 2597//3496
s 20
f 1944//3192 1945//3497 2598//3498 2246//3193
f 1945//3497 1946//3499 2599//3500 2598//3498
f 1946//3499 1949//3501 2600//3502 2599//3500
s 15
f 1949//3503 1943//3495 2597//3496 2600//3504
g default
v -0.572926 1.143080 -0.203994
v -0.620998 1.181421 -0.203994
v -0.667786 1.221375 -0.203994
v -0.715169 1.263351 -0.203994
v -0.763541 1.306050 -0.203994
v -0.813185 1.348581 -0.203994
v -0.864695 1.390352 -0.203994
v -0.917764 1.430828 -0.203994
v -0.972162 1.469594 -0.203994
v -1.027785 1.506644 -0.203994
v -1.084553 1.541943 -0.203994
v -1.142499 1.575494 -0.203994
v -1.201594 1.606868 -0.203994
v -1.261976 1.635988 -0.203994
v -1.323630 1.662494 -0.203994
v -1.386533 1.686098 -0.203994
v -1.722752 1.686526 -0.203994
v -1.786673 1.694387 -0.203994
v -1.850161 1.699784 -0.203994
v -1.913645 1.702758 -0.203994
v -1.977467 1.703254 -0.203994
v -2.041408 1.701339 -0.203994
v -2.105450 1.697149 -0.203994
v -2.169626 1.690695 -0.203994
v -2.233890 1.681930 -0.203994
v -2.297993 1.670662 -0.203994
v -2.361308 1.657241 -0.203994
v -2.423716 1.641442 -0.203994
v -2.484998 1.623087 -0.203994
v -3.084306 1.172785 -0.203994
v -3.126907 1.129298 -0.203994
v -3.167762 1.084244 -0.203994
v -3.206909 1.037272 -0.203994
v -3.244376 0.988725 -0.203994
v -3.280298 0.938703 -0.203994
v -0.606524 1.088727 -0.203994
v -0.635760 1.023477 -0.203994
v -0.661850 1.121788 -0.203994
v -0.701059 1.053951 -0.203994
v -0.712835 1.160660 -0.203994
v -0.757642 1.098160 -0.203994
v -0.762166 1.202820 -0.203994
v -0.808800 1.144096 -0.203994
v -0.810640 1.245849 -0.203994
v -0.856932 1.188897 -0.203994
v -0.859174 1.288300 -0.203994
v -0.903977 1.231678 -0.203994
v -0.909008 1.329659 -0.203994
v -0.951872 1.272586 -0.203994
v -0.960102 1.369347 -0.203994
v -1.000889 1.311067 -0.203994
v -1.012383 1.406990 -0.203994
v -1.051083 1.347289 -0.203994
v -1.065954 1.442779 -0.203994
v -1.102765 1.381341 -0.203994
v -1.120689 1.476662 -0.203994
v -1.155615 1.413448 -0.203994
v -1.176620 1.508559 -0.203994
v -1.209712 1.443477 -0.203994
v -1.233549 1.538252 -0.203994
v -1.264524 1.471419 -0.203994
v -1.291442 1.565769 -0.203994
v -1.319963 1.497289 -0.203994
v -1.350284 1.590742 -0.203994
v -1.376367 1.520516 -0.203994
v -1.409956 1.613144 -0.203994
v -1.433423 1.541464 -0.203994
v -1.470640 1.632924 -0.203994
v -1.490921 1.560755 -0.203994
v -1.532598 1.649873 -0.203994
v -1.549565 1.577420 -0.203994
v -1.595495 1.664173 -0.203994
v -1.609633 1.590674 -0.203994
v -1.658879 1.676369 -0.203994
v -1.670387 1.602286 -0.203994
v -1.731587 1.612242 -0.203994
v -1.792879 1.619115 -0.203994
v -1.853757 1.623755 -0.203994
v -1.914550 1.626737 -0.203994
v -1.975725 1.627315 -0.203994
v -2.037117 1.625679 -0.203994
v -2.098609 1.622492 -0.203994
v -2.160228 1.617275 -0.203994
v -2.221644 1.609659 -0.203994
v -2.282865 1.599316 -0.203994
v -2.343255 1.586566 -0.203994
v -2.402709 1.571314 -0.203994
v -2.460950 1.553526 -0.203994
v -2.518455 1.532883 -0.203994
v -2.575585 1.509621 -0.203994
v -2.632080 1.484716 -0.203994
v -2.687842 1.458781 -0.203994
v -2.742786 1.431591 -0.203994
v -2.796379 1.401982 -0.203994
v -2.848122 1.369104 -0.203994
v -2.897859 1.333321 -0.203994
v -2.946344 1.295503 -0.203994
v -2.993702 1.255950 -0.203994
v -3.039719 1.214992 -0.203994
v -0.545654 1.056994 -0.203994
v -0.518593 1.106417 -0.203994
v -3.461575 -0.580227 -0.203994
v -3.437426 -0.636659 -0.203994
v -3.268970 -1.048625 -0.203994
v -3.227325 -1.097497 -0.203994
v -3.184009 -1.144578 -0.203994
v -3.138860 -1.190225 -0.203994
v -3.091809 -1.234211 -0.203994
v -2.929809 -1.452815 -0.203994
v -2.873179 -1.488663 -0.203994
v -2.815127 -1.522497 -0.203994
v -2.755694 -1.553988 -0.203994
v -2.694768 -1.582785 -0.203994
v -2.632632 -1.608958 -0.203994
v -2.569642 -1.632494 -0.203994
v -2.461508 -1.741857 -0.203994
v -2.394697 -1.758759 -0.203994
v -2.327419 -1.773778 -0.203994
v -2.259530 -1.787325 -0.203994
v -2.190926 -1.799449 -0.203994
v -2.122268 -1.810255 -0.203994
v -2.054554 -1.819459 -0.203994
v -1.231275 1.705398 -0.203994
v -1.295995 1.733596 -0.203994
v -1.362444 1.758341 -0.203994
v -1.430246 1.779144 -0.203994
v -1.498578 1.796195 -0.203994
v -1.566811 1.810320 -0.203994
v -1.634850 1.822985 -0.203994
v -1.703036 1.835045 -0.203994
v -1.771724 1.845946 -0.203994
v -1.841348 1.853662 -0.203994
v -1.911543 1.857048 -0.203994
v -1.981815 1.856160 -0.203994
v -2.051756 1.851767 -0.203994
v -2.121115 1.844526 -0.203994
v -2.189789 1.834749 -0.203994
v -2.179418 1.763264 -0.203994
v -2.257961 1.823330 -0.203994
v -2.245977 1.753202 -0.203994
v -2.326107 1.810969 -0.203994
v -2.312400 1.741268 -0.203994
v -2.394242 1.797513 -0.203994
v -2.378387 1.727524 -0.203994
v -2.462411 1.781846 -0.203994
v -2.443605 1.711543 -0.203994
v -2.529941 1.762532 -0.203994
v -2.507741 1.692724 -0.203994
v -2.596389 1.739694 -0.203994
v -2.571180 1.670930 -0.203994
v -2.661629 1.714184 -0.203994
v -2.633670 1.646469 -0.203994
v -2.725619 1.686528 -0.203994
v -2.695026 1.619871 -0.203994
v -2.788412 1.656659 -0.203994
v -2.755224 1.591157 -0.203994
v -2.850190 1.624180 -0.203994
v -2.814513 1.560052 -0.203994
v -2.910879 1.589036 -0.203994
v -2.872794 1.526422 -0.203994
v -2.970234 1.551528 -0.203994
v -2.929764 1.490319 -0.203994
v -3.028111 1.512010 -0.203994
v -2.985280 1.451968 -0.203994
v -2.942305 1.392343 -0.203994
v -3.084438 1.470795 -0.203994
v -3.039215 1.411726 -0.203994
v -2.993607 1.353315 -0.203994
v -3.139159 1.427842 -0.203994
v -3.091425 1.369839 -0.203994
v -3.043300 1.312556 -0.203994
v -3.192339 1.382828 -0.203994
v -3.141981 1.326229 -0.203994
v -3.091408 1.270320 -0.203994
v -3.243854 1.335423 -0.203994
v -3.190849 1.280653 -0.203994
v -3.137932 1.226514 -0.203994
v -3.293166 1.285360 -0.203994
v -3.237768 1.233025 -0.203994
v -3.182689 1.181012 -0.203994
v -3.339798 1.232459 -0.203994
v -3.282517 1.183115 -0.203994
v -3.225481 1.133563 -0.203994
v -3.383768 1.177288 -0.203994
v -3.324951 1.131004 -0.203994
v -3.266169 1.084183 -0.203994
v -3.425384 1.120870 -0.203994
v -3.365168 1.077289 -0.203994
v -3.304907 1.033158 -0.203994
v -3.464701 1.063533 -0.203994
v -3.403386 1.022349 -0.203994
v -3.341902 0.980677 -0.203994
v -3.502038 1.005223 -0.203994
v -3.439831 0.966246 -0.203994
v -3.377219 0.926859 -0.203994
v -3.537991 0.945740 -0.203994
v -3.474656 0.908840 -0.203994
v -3.410799 0.871788 -0.203994
v -3.571879 0.884940 -0.203994
v -3.507443 0.850174 -0.203994
v -3.442378 0.815422 -0.203994
v -3.604030 0.823316 -0.203994
v -3.538254 0.790557 -0.203994
v -3.471798 0.757898 -0.203994
v -3.405201 0.725353 -0.203994
v -3.634624 0.760944 -0.203994
v -3.567094 0.730203 -0.203994
v -3.499242 0.699671 -0.203994
v -3.431269 0.669328 -0.203994
v -3.662982 0.697293 -0.203994
v -3.593724 0.668906 -0.203994
v -3.524475 0.640699 -0.203994
v -3.454955 0.612731 -0.203994
v -3.688635 0.632041 -0.203994
v -3.617841 0.606513 -0.203994
v -3.547343 0.580967 -0.203994
v -3.476507 0.555395 -0.203994
v -3.711040 0.565823 -0.203994
v -3.639335 0.543300 -0.203994
v -3.567978 0.520506 -0.203994
v -3.496224 0.497428 -0.203994
v -3.730368 0.499120 -0.203994
v -3.658354 0.479392 -0.203994
v -3.586538 0.459120 -0.203994
v -3.514277 0.438534 -0.203994
v -3.747089 0.431802 -0.203994
v -3.675187 0.414623 -0.203994
v -3.603068 0.396809 -0.203994
v -3.530304 0.378747 -0.203994
v -3.761895 0.364180 -0.203994
v -3.689986 0.349042 -0.203994
v -3.617499 0.333793 -0.203994
v -3.544447 0.318600 -0.203994
v -3.775581 0.296375 -0.203994
v -3.703060 0.282871 -0.203994
v -3.629886 0.270019 -0.203994
v -3.556519 0.257555 -0.203994
v -3.788267 0.228234 -0.203994
v -3.714298 0.216445 -0.203994
v -3.640094 0.205925 -0.203994
v -3.565597 0.196151 -0.203994
v -3.799396 0.159464 -0.203994
v -3.723505 0.149812 -0.203994
v -3.647966 0.141767 -0.203994
v -3.572479 0.134974 -0.203994
v -3.808230 0.089972 -0.203994
v -3.730339 0.083022 -0.203994
v -3.653309 0.077752 -0.203994
v -3.576761 0.073864 -0.203994
v -3.813736 0.019657 -0.203994
v -3.734304 0.016205 -0.203994
v -3.655929 0.014319 -0.203994
v -3.578225 0.013646 -0.203994
v -3.815075 -0.051690 -0.203994
v -3.734922 -0.050910 -0.203994
v -3.655784 -0.049064 -0.203994
v -3.577589 -0.046377 -0.203994
v -3.811884 -0.123313 -0.203994
v -3.731797 -0.118067 -0.203994
v -3.652660 -0.112646 -0.203994
v -3.574120 -0.106752 -0.203994
v -3.804517 -0.194344 -0.203994
v -3.725201 -0.184936 -0.203994
v -3.646559 -0.175982 -0.203994
v -3.568188 -0.166775 -0.203994
v -3.793358 -0.264512 -0.203994
v -3.715394 -0.251425 -0.203994
v -3.637581 -0.239078 -0.203994
v -3.560128 -0.226743 -0.203994
v -3.778800 -0.333719 -0.203994
v -3.702601 -0.317421 -0.203994
v -3.625875 -0.302011 -0.203994
v -3.549161 -0.286719 -0.203994
v -3.761432 -0.401888 -0.203994
v -3.687094 -0.382805 -0.203994
v -3.611713 -0.364538 -0.203994
v -3.536134 -0.346507 -0.203994
v -3.741807 -0.469117 -0.203994
v -3.669156 -0.447554 -0.203994
v -3.595201 -0.426625 -0.203994
v -3.520724 -0.405945 -0.203994
v -3.720200 -0.535578 -0.203994
v -3.648893 -0.511681 -0.203994
v -3.576398 -0.488201 -0.203994
v -3.503284 -0.464882 -0.203994
v -3.696707 -0.601353 -0.203994
v -3.626367 -0.575174 -0.203994
v -3.555308 -0.549119 -0.203994
v -3.483547 -0.523070 -0.203994
v -3.671223 -0.666355 -0.203994
v -3.601723 -0.637736 -0.203994
v -3.531925 -0.609014 -0.203994
v -3.643435 -0.730487 -0.203994
v -3.574902 -0.699219 -0.203994
v -3.506324 -0.667955 -0.203994
v -3.612945 -0.793446 -0.203994
v -3.545782 -0.759565 -0.203994
v -3.478574 -0.725793 -0.203994
v -3.579633 -0.854832 -0.203994
v -3.514315 -0.818679 -0.203994
v -3.448663 -0.782598 -0.203994
v -3.544156 -0.914773 -0.203994
v -3.480748 -0.876637 -0.203994
v -3.416711 -0.838296 -0.203994
v -3.507125 -0.973736 -0.203994
v -3.445233 -0.933536 -0.203994
v -3.382744 -0.892962 -0.203994
v -3.468349 -1.031714 -0.203994
v -3.407685 -0.989313 -0.203994
v -3.346640 -0.946503 -0.203994
v -3.427754 -1.088471 -0.203994
v -3.368253 -1.043645 -0.203994
v -3.308732 -0.998294 -0.203994
v -3.384908 -1.143666 -0.203994
v -3.326848 -1.096410 -0.203994
v -3.339822 -1.197199 -0.203994
v -3.283500 -1.147481 -0.203994
v -3.292431 -1.248781 -0.203994
v -3.238166 -1.196701 -0.203994
v -3.242942 -1.298347 -0.203994
v -3.190915 -1.244222 -0.203994
v -3.191749 -1.345961 -0.203994
v -3.141873 -1.289864 -0.203994
v -3.138772 -1.391340 -0.203994
v -3.091150 -1.333524 -0.203994
v -3.084024 -1.434564 -0.203994
v -3.038782 -1.375269 -0.203994
v -3.027791 -1.475618 -0.203994
v -2.984948 -1.415041 -0.203994
v -2.970312 -1.514682 -0.203994
v -2.911315 -1.551890 -0.203994
v -2.850659 -1.587013 -0.203994
v -2.788450 -1.619706 -0.203994
v -2.724798 -1.649815 -0.203994
v -2.659837 -1.677010 -0.203994
v -2.594102 -1.701442 -0.203994
v -2.527979 -1.722998 -0.203994
v -0.533627 1.191253 -0.203994
v -0.575835 1.234117 -0.203994
v -0.620175 1.277567 -0.203994
v -0.666450 1.321908 -0.203994
v -0.714932 1.366078 -0.203994
v -0.765925 1.409464 -0.203994
v -0.819389 1.451767 -0.203994
v -0.874616 1.492798 -0.203994
v -0.931167 1.532302 -0.203994
v -0.988796 1.570118 -0.203994
v -1.047372 1.606413 -0.203994
v -1.107104 1.641331 -0.203994
v -1.168321 1.674486 -0.203994
v -1.450559 1.706403 -0.203994
v -1.515563 1.723480 -0.203994
v -1.581233 1.738088 -0.203994
v -1.647272 1.750765 -0.203994
v -1.713642 1.761663 -0.203994
v -1.780035 1.770501 -0.203994
v -1.846340 1.776630 -0.203994
v -1.912786 1.779719 -0.203994
v -1.979455 1.779711 -0.203994
v -2.046206 1.776803 -0.203994
v -2.112861 1.771247 -0.203994
v -2.545606 1.601974 -0.203994
v -2.605483 1.578356 -0.203994
v -2.664306 1.552704 -0.203994
v -2.722038 1.525309 -0.203994
v -2.778957 1.495842 -0.203994
v -2.834910 1.463858 -0.203994
v -2.889422 1.429271 -0.203994
v -3.314464 0.887249 -0.203994
v -3.346862 0.834600 -0.203994
v -3.377196 0.780706 -0.203994
v -3.411130 -0.692014 -0.203994
v -3.382709 -0.746509 -0.203994
v -3.352074 -0.799734 -0.203994
v -3.319841 -0.852131 -0.203994
v -3.285328 -0.903406 -0.203994
v -3.248976 -0.952702 -0.203994
v -3.211118 -1.001073 -0.203994
v -3.171091 -1.047949 -0.203994
v -3.129660 -1.092929 -0.203994
v -3.086715 -1.136849 -0.203994
v -3.041576 -1.178887 -0.203994
v -3.043252 -1.276214 -0.203994
v -2.995263 -1.219081 -0.203994
v -2.993267 -1.316410 -0.203994
v -2.947638 -1.257875 -0.203994
v -2.941875 -1.354797 -0.203994
v -2.898512 -1.294836 -0.203994
v -2.889029 -1.391254 -0.203994
v -2.848033 -1.330108 -0.203994
v -2.834740 -1.425892 -0.203994
v -2.796116 -1.363550 -0.203994
v -2.779311 -1.458441 -0.203994
v -2.743228 -1.394588 -0.203994
v -2.722766 -1.488622 -0.203994
v -2.689571 -1.423283 -0.203994
v -2.664747 -1.516122 -0.203994
v -2.634602 -1.449128 -0.203994
v -2.605488 -1.541065 -0.203994
v -2.578332 -1.472560 -0.203994
v -2.545193 -1.563397 -0.203994
v -2.520626 -1.493507 -0.203994
v -2.506202 -1.653469 -0.203994
v -2.484184 -1.583665 -0.203994
v -2.461808 -1.512824 -0.203994
v -2.442324 -1.672189 -0.203994
v -2.422613 -1.602118 -0.203994
v -2.402287 -1.530700 -0.203994
v -2.377775 -1.688955 -0.203994
v -2.360448 -1.618784 -0.203994
v -2.342364 -1.547094 -0.203994
v -2.312469 -1.703850 -0.203994
v -2.297627 -1.633682 -0.203994
v -2.282092 -1.562075 -0.203994
v -2.246436 -1.717001 -0.203994
v -2.234181 -1.646658 -0.203994
v -2.221784 -1.575298 -0.203994
v -2.179467 -1.728176 -0.203994
v -2.169863 -1.657230 -0.203994
v -2.161197 -1.585605 -0.203994
v -2.111991 -1.737144 -0.203994
v -2.104771 -1.664584 -0.203994
v -2.100520 -1.592278 -0.203994
v -2.044275 -1.744262 -0.203994
v -2.037802 -1.668294 -0.203994
v -2.039305 -1.595084 -0.203994
v -1.985808 -1.829827 -0.203994
v -0.551624 0.964731 -0.203994
v -0.648978 0.947386 -0.203994
v -0.746831 0.989560 -0.203994
v -0.805465 1.043036 -0.203994
v -0.856668 1.092599 -0.203994
v -0.903600 1.138487 -0.203994
v -0.947889 1.180906 -0.203994
v -0.994066 1.221198 -0.203994
v -1.040008 1.257302 -0.203994
v -1.088442 1.292924 -0.203994
v -1.137737 1.323811 -0.203994
v -1.187914 1.353984 -0.203994
v -1.241388 1.382072 -0.203994
v -1.294033 1.408313 -0.203994
v -1.347849 1.433192 -0.203994
v -1.400620 1.453606 -0.203994
v -1.456808 1.473199 -0.203994
v -1.512719 1.492697 -0.203994
v -1.564771 1.509004 -0.203994
v -1.623078 1.520176 -0.203994
v -1.682867 1.531632 -0.203994
v -1.741855 1.542934 -0.203994
v -1.798172 1.546825 -0.203994
v -1.857969 1.550651 -0.203994
v -1.917274 1.554446 -0.203994
v -1.973926 1.554430 -0.203994
v -2.034007 1.552203 -0.203994
v -2.094250 1.549969 -0.203994
v -2.152127 1.546253 -0.203994
v -2.211604 1.539022 -0.203994
v -2.268729 1.530053 -0.203994
v -2.327122 1.517625 -0.203994
v -2.382264 1.503404 -0.203994
v -2.438083 1.485741 -0.203994
v -2.490810 1.466286 -0.203994
v -2.545676 1.442350 -0.203994
v -2.600627 1.417609 -0.203994
v -2.656248 1.392310 -0.203994
v -2.709667 1.367925 -0.203994
v -2.759369 1.342371 -0.203994
v -2.806351 1.312455 -0.203994
v -2.852842 1.276141 -0.203994
v -2.898793 1.239236 -0.203994
v -2.944795 1.200087 -0.203994
v -2.988330 1.160533 -0.203994
v -3.031842 1.119677 -0.203994
v -3.071621 1.077889 -0.203994
v -3.110325 1.035800 -0.203994
v -3.148461 0.990475 -0.203994
v -3.184060 0.944617 -0.203994
v -3.218876 0.897679 -0.203994
v -3.251963 0.847414 -0.203994
v -3.282792 0.797791 -0.203994
v -3.312614 0.746089 -0.203994
v -3.338779 0.693562 -0.203994
v -3.363046 0.640548 -0.203994
v -3.385209 0.585498 -0.203994
v -3.404929 0.530515 -0.203994
v -3.423958 0.474464 -0.203994
v -3.442062 0.417254 -0.203994
v -3.456774 0.360552 -0.203994
v -3.470817 0.302262 -0.203994
v -3.483677 0.246851 -0.203994
v -3.490477 0.187194 -0.203994
v -3.497210 0.128120 -0.203994
v -3.500738 0.071925 -0.203994
v -3.500585 0.013751 -0.203994
v -3.500433 -0.044328 -0.203994
v -0.483761 1.230886 -0.203994
v -0.526056 1.281416 -0.203994
v -0.569191 1.328243 -0.203994
v -0.614999 1.375999 -0.203994
v -0.664544 1.424109 -0.203994
v -0.716806 1.468884 -0.203994
v -0.773873 1.512548 -0.203994
v -0.831544 1.554341 -0.203994
v -0.890127 1.594797 -0.203994
v -0.949124 1.632672 -0.203994
v -1.009359 1.669987 -0.203994
v -1.070742 1.706540 -0.203994
v -1.133160 1.740884 -0.203994
v -1.199520 1.774048 -0.203994
v -1.268067 1.805183 -0.203994
v -1.337262 1.830539 -0.203994
v -1.411035 1.852143 -0.203994
v -1.483523 1.869556 -0.203994
v -1.553834 1.881931 -0.203994
v -1.622165 1.893663 -0.203994
v -1.689553 1.906711 -0.203994
v -1.759909 1.920656 -0.203994
v -1.836015 1.931893 -0.203994
v -1.911746 1.935855 -0.203994
v -1.984758 1.933349 -0.203994
v -2.058698 1.927010 -0.203994
v -2.131196 1.917783 -0.203994
v -2.201939 1.905930 -0.203994
v -2.270765 1.892984 -0.203994
v -2.338812 1.880436 -0.203994
v -2.408751 1.867901 -0.203994
v -2.479376 1.853318 -0.203994
v -2.552040 1.832422 -0.203994
v -2.622495 1.808455 -0.203994
v -2.689389 1.782430 -0.203994
v -2.755583 1.753339 -0.203994
v -2.821275 1.722556 -0.203994
v -2.886060 1.688694 -0.203994
v -2.949344 1.651919 -0.203994
v -3.010930 1.613019 -0.203994
v -3.071027 1.572474 -0.203994
v -3.129859 1.530412 -0.203994
v -3.186280 1.487082 -0.203994
v -3.242089 1.440822 -0.203994
v -3.296809 1.391470 -0.203994
v -3.349421 1.338165 -0.203994
v -3.398147 1.281019 -0.203994
v -3.443430 1.222061 -0.203994
v -3.486097 1.163524 -0.203994
v -3.526408 1.103689 -0.203994
v -3.563909 1.043431 -0.203994
v -3.600828 0.983006 -0.203994
v -3.635841 0.919041 -0.203994
v -3.668634 0.856461 -0.203994
v -3.701420 0.793491 -0.203994
v -3.731926 0.727253 -0.203994
v -3.759797 0.657749 -0.203994
v -3.783841 0.587539 -0.203994
v -3.802946 0.518605 -0.203994
v -3.819127 0.447761 -0.203994
v -3.833578 0.378985 -0.203994
v -3.847473 0.310951 -0.203994
v -3.862058 0.242596 -0.203994
v -3.875743 0.172241 -0.203994
v -3.886880 0.099568 -0.203994
v -3.894143 0.024599 -0.203994
v -3.896191 -0.051883 -0.203994
v -3.892706 -0.130028 -0.203994
v -3.884218 -0.205514 -0.203994
v -3.871098 -0.279829 -0.203994
v -3.854190 -0.352261 -0.203994
v -3.834595 -0.422741 -0.203994
v -3.813208 -0.491636 -0.203994
v -3.790665 -0.559852 -0.203994
v -3.766746 -0.627856 -0.203994
v -3.741039 -0.694426 -0.203994
v -3.712489 -0.761526 -0.203994
v -3.680348 -0.828040 -0.203994
v -3.644333 -0.892155 -0.203994
v -3.606656 -0.953344 -0.203994
v -3.568719 -1.013329 -0.203994
v -3.529006 -1.073264 -0.203994
v -3.487544 -1.133548 -0.203994
v -3.443435 -1.190161 -0.203994
v -3.395838 -1.246736 -0.203994
v -3.346627 -1.301754 -0.203994
v -3.295396 -1.352188 -0.203994
v -3.241613 -1.402403 -0.203994
v -3.185998 -1.450154 -0.203994
v -3.129399 -1.494083 -0.203994
v -3.070454 -1.536379 -0.203994
v -3.010689 -1.576754 -0.203994
v -2.949246 -1.615819 -0.203994
v -2.886927 -1.651603 -0.203994
v -2.821172 -1.686074 -0.203994
v -2.755958 -1.717655 -0.203994
v -2.687061 -1.745425 -0.203994
v -2.617775 -1.770858 -0.203994
v -2.549751 -1.793034 -0.203994
v -2.479926 -1.811738 -0.203994
v -2.410856 -1.829194 -0.203994
v -2.342515 -1.843943 -0.203994
v -2.273395 -1.858198 -0.203994
v -2.204258 -1.871520 -0.203994
v -2.135332 -1.884686 -0.203994
v -2.066303 -1.897812 -0.203994
v -0.450291 1.155955 -0.203994
v -0.457505 1.081012 -0.203994
v -0.488798 1.019944 -0.203994
v -3.495941 -0.099774 -0.203994
v -3.489620 -0.157669 -0.203994
v -3.483252 -0.215979 -0.203994
v -3.472230 -0.271552 -0.203994
v -3.460702 -0.329672 -0.203994
v -3.446046 -0.385181 -0.203994
v -3.429869 -0.442500 -0.203994
v -3.411500 -0.496805 -0.203994
v -3.390690 -0.552329 -0.203994
v -3.368546 -0.605193 -0.203994
v -3.343017 -0.658681 -0.203994
v -3.317199 -0.709612 -0.203994
v -3.286593 -0.760836 -0.203994
v -3.256087 -0.811892 -0.203994
v -3.224387 -0.859522 -0.203994
v -3.188790 -0.907267 -0.203994
v -3.153154 -0.955061 -0.203994
v -3.115655 -0.998069 -0.203994
v -3.075300 -1.041654 -0.203994
v -3.034730 -1.085469 -0.203994
v -2.991789 -1.123126 -0.203994
v -2.946825 -1.162177 -0.203994
v -2.902710 -1.199705 -0.203994
v -2.854679 -1.235290 -0.203994
v -2.807093 -1.268827 -0.203994
v -2.757062 -1.301595 -0.203994
v -2.707593 -1.330408 -0.203994
v -2.656126 -1.358786 -0.203994
v -2.604767 -1.381384 -0.203994
v -2.552633 -1.403309 -0.203994
v -2.496432 -1.422743 -0.203994
v -2.439757 -1.440742 -0.203994
v -2.381980 -1.457897 -0.203994
v -2.323228 -1.473544 -0.203994
v -2.264807 -1.488290 -0.203994
v -2.208305 -1.501844 -0.203994
v -2.152873 -1.511306 -0.203994
v -2.095332 -1.516608 -0.203994
v -2.036580 -1.522229 -0.203994
v -1.974435 -1.752826 -0.203994
v -1.964209 -1.671472 -0.203994
v -1.973066 -1.585542 -0.203994
v -0.499126 1.150699 -0.203994
v -0.574999 1.012966 -0.203994
v -1.988051 -1.529825 -0.203994
v -1.999483 -1.893761 -0.203994
v -0.572926 1.143080 0.216243
v -0.620998 1.181421 0.216243
v -0.661850 1.121788 0.216243
v -0.606524 1.088727 0.216243
v -0.533627 1.191253 0.216243
v -0.575835 1.234117 0.216243
v -0.518593 1.106416 0.216243
v -0.499126 1.150699 0.216243
v -0.545654 1.056994 0.216243
v -0.667786 1.221375 0.216243
v -0.712835 1.160660 0.216243
v -0.620175 1.277567 0.216243
v -0.715169 1.263351 0.216243
v -0.762166 1.202819 0.216243
v -0.666450 1.321908 0.216243
v -0.763541 1.306050 0.216243
v -0.810640 1.245850 0.216243
v -0.714932 1.366078 0.216243
v -0.813185 1.348581 0.216243
v -0.859174 1.288301 0.216243
v -0.765925 1.409464 0.216243
v -0.864695 1.390351 0.216243
v -0.909008 1.329659 0.216243
v -0.819389 1.451767 0.216243
v -0.917764 1.430828 0.216243
v -0.960102 1.369347 0.216243
v -0.874616 1.492798 0.216243
v -0.972162 1.469594 0.216243
v -1.012383 1.406991 0.216243
v -0.931167 1.532302 0.216243
v -0.988796 1.570118 0.216243
v -1.027785 1.506644 0.216243
v -1.065954 1.442780 0.216243
v -1.047372 1.606412 0.216243
v -1.084553 1.541943 0.216243
v -1.120689 1.476662 0.216243
v -1.107104 1.641331 0.216243
v -1.142499 1.575494 0.216243
v -1.176620 1.508558 0.216243
v -1.168321 1.674487 0.216243
v -1.201594 1.606868 0.216243
v -1.233549 1.538251 0.216243
v -1.231275 1.705397 0.216243
v -1.261976 1.635988 0.216243
v -1.291442 1.565769 0.216243
v -1.295995 1.733596 0.216243
v -1.323630 1.662494 0.216243
v -1.350284 1.590742 0.216243
v -1.362444 1.758341 0.216243
v -1.386533 1.686098 0.216243
v -1.409956 1.613144 0.216243
v -1.430246 1.779144 0.216243
v -1.450559 1.706403 0.216243
v -1.470640 1.632924 0.216243
v -1.722751 1.686526 0.216243
v -1.731587 1.612242 0.216243
v -1.670387 1.602286 0.216243
v -1.658879 1.676369 0.216243
v -1.786673 1.694386 0.216243
v -1.792879 1.619115 0.216243
v -1.713642 1.761663 0.216243
v -1.780035 1.770501 0.216243
v -1.647272 1.750765 0.216243
v -1.850161 1.699784 0.216243
v -1.853757 1.623755 0.216243
v -1.846340 1.776630 0.216243
v -1.913645 1.702758 0.216243
v -1.914550 1.626737 0.216243
v -1.912786 1.779719 0.216243
v -1.977467 1.703254 0.216243
v -1.975725 1.627315 0.216243
v -1.979455 1.779710 0.216243
v -2.041408 1.701339 0.216243
v -2.037117 1.625679 0.216243
v -2.046206 1.776803 0.216243
v -2.112861 1.771247 0.216243
v -2.105450 1.697149 0.216243
v -2.098609 1.622492 0.216243
v -2.179418 1.763263 0.216243
v -2.169626 1.690695 0.216243
v -2.160228 1.617275 0.216243
v -2.245977 1.753202 0.216243
v -2.233890 1.681930 0.216243
v -2.221644 1.609658 0.216243
v -2.312400 1.741268 0.216243
v -2.297993 1.670661 0.216243
v -2.282865 1.599316 0.216243
v -2.378387 1.727524 0.216243
v -2.361308 1.657241 0.216243
v -2.343255 1.586566 0.216243
v -2.443605 1.711542 0.216243
v -2.423716 1.641442 0.216243
v -2.402709 1.571314 0.216243
v -2.507741 1.692724 0.216243
v -2.484998 1.623087 0.216243
v -2.460950 1.553526 0.216243
v -2.571180 1.670930 0.216243
v -2.545606 1.601975 0.216243
v -2.518455 1.532884 0.216243
v -3.084306 1.172786 0.216243
v -3.137932 1.226514 0.216243
v -3.182689 1.181012 0.216243
v -3.126907 1.129298 0.216243
v -3.039719 1.214993 0.216243
v -3.091408 1.270320 0.216243
v -3.031842 1.119677 0.216243
v -2.988330 1.160534 0.216243
v -3.071620 1.077889 0.216243
v -3.225481 1.133562 0.216243
v -3.167762 1.084244 0.216243
v -3.110325 1.035801 0.216243
v -3.266169 1.084183 0.216243
v -3.206909 1.037273 0.216243
v -3.148461 0.990475 0.216243
v -3.304907 1.033159 0.216243
v -3.244376 0.988725 0.216243
v -3.184060 0.944617 0.216243
v -3.341902 0.980677 0.216243
v -3.280298 0.938703 0.216243
v -3.218876 0.897679 0.216243
v -3.377219 0.926859 0.216243
v -3.314464 0.887249 0.216243
v -3.251963 0.847414 0.216243
v -0.701059 1.053951 0.216243
v -0.635760 1.023476 0.216243
v -0.574999 1.012965 0.216243
v -0.746831 0.989560 0.216243
v -0.648978 0.947386 0.216243
v -0.551624 0.964730 0.216243
v -0.757642 1.098160 0.216243
v -0.805465 1.043036 0.216243
v -0.808800 1.144096 0.216243
v -0.856668 1.092599 0.216243
v -0.856932 1.188897 0.216243
v -0.903600 1.138486 0.216243
v -0.903977 1.231678 0.216243
v -0.947889 1.180906 0.216243
v -0.951872 1.272586 0.216243
v -0.994066 1.221198 0.216243
v -1.000889 1.311067 0.216243
v -1.040008 1.257302 0.216243
v -1.051083 1.347290 0.216243
v -1.088442 1.292924 0.216243
v -1.102765 1.381341 0.216243
v -1.137737 1.323811 0.216243
v -1.155615 1.413448 0.216243
v -1.187914 1.353984 0.216243
v -1.209712 1.443477 0.216243
v -1.241388 1.382071 0.216243
v -1.264524 1.471419 0.216243
v -1.294033 1.408312 0.216243
v -1.319963 1.497289 0.216243
v -1.347849 1.433192 0.216243
v -1.376367 1.520516 0.216243
v -1.400620 1.453606 0.216243
v -1.433423 1.541464 0.216243
v -1.456808 1.473199 0.216243
v -1.490921 1.560755 0.216243
v -1.512719 1.492697 0.216243
v -1.532598 1.649873 0.216243
v -1.549565 1.577420 0.216243
v -1.515563 1.723480 0.216243
v -1.564771 1.509004 0.216243
v -1.595496 1.664173 0.216243
v -1.609633 1.590674 0.216243
v -1.581233 1.738088 0.216243
v -1.623078 1.520176 0.216243
v -1.682867 1.531631 0.216243
v -1.741855 1.542933 0.216243
v -1.798172 1.546825 0.216243
v -1.857969 1.550651 0.216243
v -1.917274 1.554446 0.216243
v -1.973926 1.554429 0.216243
v -2.034007 1.552202 0.216243
v -2.094250 1.549969 0.216243
v -2.152127 1.546253 0.216243
v -2.211604 1.539022 0.216243
v -2.268729 1.530053 0.216243
v -2.327122 1.517626 0.216243
v -2.382264 1.503404 0.216243
v -2.438083 1.485741 0.216243
v -2.490810 1.466286 0.216243
v -2.575585 1.509621 0.216243
v -2.545676 1.442350 0.216243
v -2.605483 1.578356 0.216243
v -2.632080 1.484716 0.216243
v -2.600627 1.417609 0.216243
v -2.664306 1.552704 0.216243
v -2.687842 1.458781 0.216243
v -2.656248 1.392311 0.216243
v -2.722038 1.525309 0.216243
v -2.742786 1.431591 0.216243
v -2.709667 1.367925 0.216243
v -2.778957 1.495842 0.216243
v -2.796379 1.401982 0.216243
v -2.759369 1.342371 0.216243
v -2.834910 1.463858 0.216243
v -2.848122 1.369104 0.216243
v -2.806351 1.312455 0.216243
v -2.889422 1.429271 0.216243
v -2.897859 1.333321 0.216243
v -2.852842 1.276141 0.216243
v -2.942305 1.392343 0.216243
v -2.946344 1.295503 0.216243
v -2.898793 1.239236 0.216243
v -2.993607 1.353315 0.216243
v -2.993702 1.255950 0.216243
v -2.944795 1.200087 0.216243
v -3.043300 1.312556 0.216243
v -0.488798 1.019943 0.216243
v -0.457505 1.081012 0.216243
v -0.450291 1.155955 0.216243
v -3.461575 -0.580227 0.216243
v -3.531925 -0.609014 0.216243
v -3.506324 -0.667955 0.216243
v -3.437426 -0.636659 0.216243
v -3.483547 -0.523070 0.216243
v -3.555308 -0.549119 0.216243
v -3.390690 -0.552328 0.216243
v -3.411500 -0.496806 0.216243
v -3.368546 -0.605192 0.216243
v -3.478574 -0.725793 0.216243
v -3.411130 -0.692014 0.216243
v -3.343017 -0.658681 0.216243
v -3.268970 -1.048625 0.216243
v -3.326848 -1.096410 0.216243
v -3.283500 -1.147481 0.216243
v -3.227325 -1.097497 0.216243
v -3.308732 -0.998295 0.216243
v -3.368253 -1.043645 0.216243
v -3.211118 -1.001073 0.216243
v -3.248976 -0.952703 0.216243
v -3.171091 -1.047949 0.216243
v -3.238166 -1.196701 0.216243
v -3.184009 -1.144578 0.216243
v -3.129660 -1.092929 0.216243
v -3.190915 -1.244222 0.216243
v -3.138860 -1.190225 0.216243
v -3.086715 -1.136849 0.216243
v -3.141873 -1.289865 0.216243
v -3.091809 -1.234211 0.216243
v -3.041576 -1.178887 0.216243
v -3.043252 -1.276214 0.216243
v -2.995263 -1.219081 0.216243
v -3.091150 -1.333524 0.216243
v -2.929809 -1.452814 0.216243
v -2.970312 -1.514682 0.216243
v -2.911315 -1.551890 0.216243
v -2.873179 -1.488662 0.216243
v -2.984948 -1.415041 0.216243
v -3.027791 -1.475618 0.216243
v -2.889029 -1.391253 0.216243
v -2.941875 -1.354797 0.216243
v -2.834740 -1.425892 0.216243
v -2.850659 -1.587013 0.216243
v -2.815126 -1.522497 0.216243
v -2.779311 -1.458441 0.216243
v -2.788450 -1.619706 0.216243
v -2.755694 -1.553988 0.216243
v -2.722766 -1.488622 0.216243
v -2.724798 -1.649815 0.216243
v -2.694768 -1.582785 0.216243
v -2.664747 -1.516122 0.216243
v -2.632632 -1.608958 0.216243
v -2.605487 -1.541065 0.216243
v -2.659837 -1.677010 0.216243
v -2.569642 -1.632494 0.216243
v -2.545193 -1.563397 0.216243
v -2.594102 -1.701442 0.216243
v -2.506202 -1.653469 0.216243
v -2.484184 -1.583665 0.216243
v -2.527979 -1.722998 0.216243
v -2.461508 -1.741857 0.216243
v -2.479926 -1.811738 0.216243
v -2.410856 -1.829194 0.216243
v -2.394697 -1.758759 0.216243
v -2.549751 -1.793033 0.216243
v -2.442324 -1.672189 0.216243
v -2.377775 -1.688955 0.216243
v -2.342515 -1.843943 0.216243
v -2.327419 -1.773777 0.216243
v -2.312469 -1.703850 0.216243
v -2.273395 -1.858198 0.216243
v -2.259530 -1.787325 0.216243
v -2.246436 -1.717001 0.216243
v -2.204258 -1.871520 0.216243
v -2.190926 -1.799450 0.216243
v -2.179467 -1.728176 0.216243
v -2.122268 -1.810255 0.216243
v -2.111991 -1.737144 0.216243
v -2.135332 -1.884686 0.216243
v -2.054554 -1.819459 0.216243
v -2.044275 -1.744262 0.216243
v -2.066303 -1.897812 0.216243
v -1.985808 -1.829827 0.216243
v -1.974435 -1.752826 0.216243
v -1.999483 -1.893761 0.216243
v -1.199520 1.774049 0.216243
v -1.268067 1.805183 0.216244
v -1.133160 1.740884 0.216243
v -1.337262 1.830539 0.216243
v -1.411035 1.852144 0.216243
v -1.498578 1.796195 0.216243
v -1.483523 1.869556 0.216243
v -1.566811 1.810320 0.216243
v -1.553834 1.881931 0.216243
v -1.634850 1.822984 0.216243
v -1.622165 1.893661 0.216243
v -1.703036 1.835044 0.216243
v -1.689553 1.906711 0.216243
v -1.771724 1.845946 0.216243
v -1.759909 1.920656 0.216243
v -1.841348 1.853662 0.216243
v -1.836015 1.931893 0.216243
v -1.911543 1.857048 0.216243
v -1.911746 1.935856 0.216243
v -1.981815 1.856160 0.216243
v -1.984758 1.933349 0.216243
v -2.051756 1.851767 0.216243
v -2.058698 1.927010 0.216243
v -2.121115 1.844526 0.216243
v -2.131196 1.917784 0.216243
v -2.189789 1.834749 0.216243
v -2.201939 1.905930 0.216243
v -2.257961 1.823330 0.216243
v -2.270765 1.892984 0.216243
v -2.326107 1.810969 0.216243
v -2.338812 1.880436 0.216243
v -2.394242 1.797514 0.216243
v -2.408751 1.867902 0.216243
v -2.462411 1.781846 0.216243
v -2.479376 1.853318 0.216243
v -2.529941 1.762532 0.216243
v -2.552040 1.832423 0.216243
v -2.596389 1.739695 0.216243
v -2.622495 1.808457 0.216243
v -2.661629 1.714185 0.216243
v -2.633670 1.646469 0.216243
v -2.689389 1.782431 0.216243
v -2.725619 1.686528 0.216243
v -2.695026 1.619871 0.216243
v -2.755583 1.753339 0.216243
v -2.788412 1.656659 0.216243
v -2.755224 1.591157 0.216243
v -2.821275 1.722556 0.216243
v -2.850190 1.624180 0.216243
v -2.814513 1.560052 0.216243
v -2.886060 1.688694 0.216243
v -2.910879 1.589036 0.216243
v -2.872794 1.526422 0.216243
v -2.949344 1.651918 0.216243
v -2.970234 1.551528 0.216243
v -2.929764 1.490320 0.216243
v -3.010930 1.613019 0.216243
v -3.028111 1.512010 0.216243
v -2.985280 1.451968 0.216243
v -3.071027 1.572474 0.216243
v -3.084438 1.470795 0.216243
v -3.039215 1.411726 0.216243
v -3.129859 1.530413 0.216243
v -3.139159 1.427842 0.216243
v -3.091425 1.369839 0.216243
v -3.186280 1.487082 0.216243
v -3.192339 1.382828 0.216243
v -3.141981 1.326229 0.216243
v -3.242089 1.440822 0.216243
v -3.243854 1.335423 0.216243
v -3.190849 1.280653 0.216243
v -3.296809 1.391470 0.216243
v -3.293166 1.285360 0.216243
v -3.237768 1.233026 0.216243
v -3.349421 1.338165 0.216243
v -3.339798 1.232459 0.216243
v -3.282517 1.183114 0.216243
v -3.398147 1.281019 0.216243
v -3.383768 1.177289 0.216243
v -3.324951 1.131004 0.216243
v -3.443430 1.222062 0.216243
v -3.425384 1.120870 0.216243
v -3.365168 1.077290 0.216243
v -3.486097 1.163524 0.216243
v -3.464701 1.063532 0.216243
v -3.403386 1.022349 0.216243
v -3.526408 1.103689 0.216243
v -3.502038 1.005223 0.216243
v -3.439831 0.966246 0.216243
v -3.563909 1.043431 0.216243
v -3.537991 0.945740 0.216243
v -3.474656 0.908840 0.216243
v -3.600828 0.983006 0.216243
v -3.410799 0.871788 0.216243
v -3.346862 0.834601 0.216243
v -3.571879 0.884940 0.216243
v -3.507443 0.850174 0.216243
v -3.635841 0.919041 0.216243
v -3.442378 0.815422 0.216243
v -3.377196 0.780706 0.216243
v -3.604030 0.823316 0.216243
v -3.538254 0.790557 0.216243
v -3.668634 0.856461 0.216243
v -3.471798 0.757898 0.216243
v -3.405201 0.725353 0.216243
v -3.634624 0.760944 0.216243
v -3.567094 0.730203 0.216243
v -3.701420 0.793491 0.216243
v -3.499242 0.699671 0.216243
v -3.431269 0.669328 0.216243
v -3.338779 0.693561 0.216243
v -3.312614 0.746090 0.216243
v -3.363046 0.640548 0.216243
v -3.662982 0.697293 0.216243
v -3.593724 0.668906 0.216243
v -3.731926 0.727253 0.216243
v -3.524475 0.640699 0.216243
v -3.454955 0.612731 0.216243
v -3.385209 0.585498 0.216243
v -3.688635 0.632040 0.216243
v -3.617841 0.606512 0.216243
v -3.759797 0.657749 0.216243
v -3.547343 0.580966 0.216243
v -3.476507 0.555393 0.216243
v -3.404929 0.530513 0.216243
v -3.711040 0.565822 0.216243
v -3.639335 0.543300 0.216243
v -3.783841 0.587538 0.216243
v -3.567978 0.520506 0.216243
v -3.496224 0.497427 0.216243
v -3.423958 0.474464 0.216243
v -3.730368 0.499120 0.216243
v -3.658354 0.479392 0.216243
v -3.802946 0.518605 0.216243
v -3.586538 0.459120 0.216243
v -3.514277 0.438533 0.216243
v -3.442062 0.417253 0.216243
v -3.747089 0.431802 0.216243
v -3.675187 0.414624 0.216243
v -3.819127 0.447761 0.216243
v -3.603068 0.396809 0.216243
v -3.530304 0.378746 0.216243
v -3.456774 0.360551 0.216243
v -3.761895 0.364180 0.216243
v -3.689986 0.349042 0.216243
v -3.833578 0.378985 0.216243
v -3.617499 0.333793 0.216243
v -3.544447 0.318601 0.216243
v -3.470817 0.302262 0.216243
v -3.775581 0.296375 0.216243
v -3.703060 0.282871 0.216243
v -3.847473 0.310951 0.216243
v -3.629886 0.270019 0.216243
v -3.556519 0.257555 0.216243
v -3.483677 0.246851 0.216243
v -3.788267 0.228234 0.216243
v -3.714298 0.216445 0.216243
v -3.862058 0.242596 0.216243
v -3.640094 0.205925 0.216243
v -3.565597 0.196151 0.216243
v -3.490477 0.187195 0.216243
v -3.799396 0.159464 0.216243
v -3.723505 0.149812 0.216243
v -3.875743 0.172241 0.216243
v -3.647966 0.141767 0.216243
v -3.572479 0.134974 0.216243
v -3.497210 0.128121 0.216243
v -3.808230 0.089972 0.216243
v -3.730339 0.083022 0.216243
v -3.886880 0.099568 0.216243
v -3.653309 0.077752 0.216243
v -3.576761 0.073863 0.216243
v -3.500738 0.071924 0.216243
v -3.813736 0.019657 0.216243
v -3.734304 0.016205 0.216243
v -3.894143 0.024598 0.216243
v -3.655929 0.014319 0.216243
v -3.578225 0.013646 0.216243
v -3.500585 0.013750 0.216243
v -3.815075 -0.051690 0.216243
v -3.734922 -0.050910 0.216243
v -3.896191 -0.051883 0.216243
v -3.655784 -0.049064 0.216243
v -3.577589 -0.046377 0.216243
v -3.500433 -0.044329 0.216243
v -3.811884 -0.123313 0.216243
v -3.731797 -0.118067 0.216243
v -3.892706 -0.130028 0.216243
v -3.652660 -0.112646 0.216243
v -3.574120 -0.106753 0.216243
v -3.495941 -0.099774 0.216243
v -3.804517 -0.194345 0.216243
v -3.725201 -0.184936 0.216243
v -3.884218 -0.205514 0.216243
v -3.646559 -0.175982 0.216243
v -3.568188 -0.166776 0.216243
v -3.489620 -0.157669 0.216243
v -3.793358 -0.264512 0.216243
v -3.715394 -0.251425 0.216243
v -3.871098 -0.279828 0.216243
v -3.637581 -0.239078 0.216243
v -3.560128 -0.226743 0.216243
v -3.483252 -0.215979 0.216243
v -3.778800 -0.333718 0.216243
v -3.702601 -0.317420 0.216243
v -3.854190 -0.352261 0.216243
v -3.625875 -0.302011 0.216243
v -3.549161 -0.286719 0.216243
v -3.472230 -0.271551 0.216243
v -3.761432 -0.401888 0.216243
v -3.687094 -0.382805 0.216243
v -3.834595 -0.422741 0.216243
v -3.611713 -0.364538 0.216243
v -3.536134 -0.346507 0.216243
v -3.460702 -0.329673 0.216243
v -3.741807 -0.469118 0.216243
v -3.669156 -0.447554 0.216243
v -3.813208 -0.491636 0.216243
v -3.595201 -0.426625 0.216243
v -3.520724 -0.405945 0.216243
v -3.446046 -0.385181 0.216243
v -3.720200 -0.535578 0.216243
v -3.648893 -0.511681 0.216243
v -3.790665 -0.559852 0.216243
v -3.576398 -0.488201 0.216243
v -3.503284 -0.464882 0.216243
v -3.429869 -0.442500 0.216243
v -3.696707 -0.601353 0.216243
v -3.626367 -0.575174 0.216243
v -3.766745 -0.627856 0.216243
v -3.671223 -0.666354 0.216243
v -3.601723 -0.637735 0.216243
v -3.741039 -0.694426 0.216243
v -3.643435 -0.730487 0.216243
v -3.574902 -0.699219 0.216243
v -3.712489 -0.761526 0.216243
v -3.612945 -0.793446 0.216243
v -3.545782 -0.759565 0.216243
v -3.680348 -0.828040 0.216243
v -3.579633 -0.854831 0.216243
v -3.514315 -0.818679 0.216243
v -3.644333 -0.892155 0.216243
v -3.448663 -0.782598 0.216243
v -3.382709 -0.746509 0.216243
v -3.544156 -0.914773 0.216243
v -3.480748 -0.876637 0.216243
v -3.606656 -0.953344 0.216243
v -3.416711 -0.838296 0.216243
v -3.352074 -0.799734 0.216243
v -3.507125 -0.973736 0.216243
v -3.445233 -0.933537 0.216243
v -3.568719 -1.013329 0.216243
v -3.382744 -0.892962 0.216243
v -3.319841 -0.852131 0.216243
v -3.468350 -1.031714 0.216243
v -3.407685 -0.989314 0.216243
v -3.529006 -1.073264 0.216243
v -3.346640 -0.946504 0.216243
v -3.285328 -0.903407 0.216243
v -3.427755 -1.088471 0.216243
v -3.487544 -1.133548 0.216243
v -3.384908 -1.143666 0.216243
v -3.443435 -1.190161 0.216243
v -3.339822 -1.197199 0.216243
v -3.395838 -1.246736 0.216243
v -3.292431 -1.248781 0.216243
v -3.346627 -1.301754 0.216243
v -3.242942 -1.298347 0.216243
v -3.295396 -1.352188 0.216243
v -3.191749 -1.345961 0.216243
v -3.241613 -1.402403 0.216243
v -3.138772 -1.391341 0.216243
v -3.185998 -1.450154 0.216243
v -3.084024 -1.434564 0.216243
v -3.038782 -1.375269 0.216243
v -3.129399 -1.494083 0.216243
v -2.993267 -1.316410 0.216243
v -3.070454 -1.536379 0.216243
v -3.010689 -1.576754 0.216243
v -2.949246 -1.615820 0.216243
v -2.886927 -1.651603 0.216243
v -2.821172 -1.686074 0.216243
v -2.755958 -1.717655 0.216243
v -2.687061 -1.745425 0.216243
v -2.617775 -1.770858 0.216243
v -0.483761 1.230886 0.216243
v -0.526056 1.281416 0.216243
v -0.569191 1.328243 0.216243
v -0.614999 1.375999 0.216243
v -0.664544 1.424109 0.216244
v -0.716806 1.468884 0.216243
v -0.773873 1.512549 0.216243
v -0.831544 1.554341 0.216243
v -0.890127 1.594797 0.216243
v -0.949124 1.632672 0.216243
v -1.009359 1.669987 0.216243
v -1.070742 1.706540 0.216243
v -3.282792 0.797791 0.216243
v -3.317199 -0.709612 0.216243
v -3.286593 -0.760835 0.216243
v -3.256087 -0.811892 0.216243
v -3.224387 -0.859522 0.216243
v -3.188790 -0.907266 0.216243
v -3.153154 -0.955061 0.216243
v -3.115655 -0.998069 0.216243
v -3.075300 -1.041654 0.216243
v -3.034730 -1.085470 0.216243
v -2.991789 -1.123126 0.216243
v -2.946825 -1.162177 0.216243
v -2.947638 -1.257876 0.216243
v -2.902710 -1.199705 0.216243
v -2.898512 -1.294836 0.216243
v -2.854679 -1.235291 0.216243
v -2.848033 -1.330108 0.216243
v -2.807093 -1.268828 0.216243
v -2.796116 -1.363550 0.216243
v -2.757062 -1.301595 0.216243
v -2.743228 -1.394588 0.216243
v -2.707593 -1.330408 0.216243
v -2.689571 -1.423283 0.216243
v -2.656126 -1.358786 0.216243
v -2.634602 -1.449128 0.216243
v -2.604767 -1.381384 0.216243
v -2.578332 -1.472560 0.216243
v -2.552633 -1.403309 0.216243
v -2.520625 -1.493508 0.216243
v -2.496432 -1.422743 0.216243
v -2.461808 -1.512823 0.216243
v -2.439757 -1.440741 0.216243
v -2.422613 -1.602118 0.216243
v -2.402287 -1.530700 0.216243
v -2.381981 -1.457897 0.216243
v -2.360448 -1.618784 0.216243
v -2.342364 -1.547094 0.216243
v -2.323228 -1.473544 0.216243
v -2.297627 -1.633682 0.216243
v -2.282092 -1.562075 0.216243
v -2.264807 -1.488290 0.216243
v -2.234181 -1.646658 0.216243
v -2.221784 -1.575298 0.216243
v -2.208305 -1.501844 0.216243
v -2.169863 -1.657230 0.216243
v -2.161197 -1.585605 0.216243
v -2.152873 -1.511307 0.216243
v -2.104771 -1.664584 0.216243
v -2.100520 -1.592278 0.216243
v -2.095332 -1.516608 0.216243
v -2.037802 -1.668293 0.216243
v -2.039305 -1.595083 0.216243
v -2.036580 -1.522229 0.216243
v -1.964209 -1.671472 0.216243
v -1.973066 -1.585542 0.216243
v -1.988051 -1.529824 0.216243
vn 0.000000 0.000000 1.000000
vn 0.000000 -0.000000 1.000000
vn 0.000000 -0.000000 1.000000
vn 0.000000 0.000000 1.000000
vn 0.000002 0.000002 1.000000
vn 0.000002 0.000002 1.000000
vn 0.000002 -0.000001 1.000000
vn 0.000003 0.000001 1.000000
vn 0.000002 -0.000001 1.000000
vn 0.000000 0.000000 1.000000
vn 0.000000 0.000000 1.000000
vn 0.000001 0.000001 1.000000
vn 0.000000 0.000000 1.000000
vn 0.000000 0.000001 1.000000
vn 0.000002 -0.000000 1.000000
vn 0.000000 0.000001 1.000000
vn 0.000000 0.000001 1.000000
vn 0.000000 -0.000001 1.000000
vn 0.000000 -0.000000 1.000000
vn 0.000000 0.000000 1.000000
vn -0.000001 0.000001 1.000000
vn 0.000000 -0.000000 1.000000
vn 0.000000 -0.000000 1.000000
vn 0.000000 0.000001 1.000000
vn 0.000000 0.000000 1.000000
vn 0.000000 0.000000 1.000000
vn 0.000001 0.000002 1.000000
vn 0.000000 0.000000 1.000000
vn 0.000000 0.000001 1.000000
vn 0.000001 0.000002 1.000000
vn 0.000001 0.000001 1.000000
vn 0.000000 -0.000000 1.000000
vn 0.000000 0.000000 1.000000
vn 0.000001 0.000001 1.000000
vn 0.000000 -0.000000 1.000000
vn 0.000000 0.000000 1.000000
vn 0.000001 0.000002 1.000000
vn 0.000000 -0.000000 1.000000
vn 0.000000 0.000000 1.000000
vn 0.000001 0.000002 1.000000
vn 0.000000 -0.000000 1.000000
vn 0.000000 -0.000000 1.000000
vn 0.000001 0.000000 1.000000
vn 0.000000 -0.000001 1.000000
vn 0.000000 -0.000000 1.000000
vn 0.000000 -0.000001 1.000000
vn 0.000000 -0.000001 1.000000
vn 0.000000 0.000000 1.000000
vn -0.000001 0.000000 1.000000
vn 0.000000 -0.000000 1.000000
vn 0.000000 -0.000000 1.000000
vn -0.000000 0.000002 1.000000
vn 0.000000 -0.000000 1.000000
vn 0.000000 -0.000000 1.000000
vn 0.000001 -0.000000 1.000000
vn 0.000000 -0.000002 1.000000
vn -0.000000 -0.000001 1.000000
vn -0.000000 0.000000 1.000000
vn 0.000000 -0.000000 1.000000
vn -0.000000 -0.000002 1.000000
vn 0.000000 -0.000001 1.000000
vn 0.000000 -0.000000 1.000000
vn -0.000000 -0.000001 1.000000
vn 0.000000 -0.000000 1.000000
vn -0.000000 -0.000002 1.000000
vn 0.000000 0.000000 1.000000
vn -0.000001 -0.000000 1.000000
vn -0.000001 -0.000001 1.000000
vn -0.000001 -0.000000 1.000000
vn -0.000000 -0.000000 1.000000
vn 0.000000 -0.000001 1.000000
vn 0.000000 -0.000000 1.000000
vn 0.000001 -0.000000 1.000000
vn 0.000001 -0.000002 1.000000
vn 0.000001 0.000000 1.000000
vn 0.000000 0.000000 1.000000
vn 0.000000 -0.000000 1.000000
vn 0.000000 -0.000003 1.000000
vn 0.000000 -0.000000 1.000000
vn 0.000000 0.000000 1.000000
vn 0.000000 -0.000002 1.000000
vn 0.000000 0.000000 1.000000
vn 0.000000 0.000000 1.000000
vn 0.000000 -0.000002 1.000000
vn 0.000000 -0.000000 1.000000
vn 0.000000 0.000000 1.000000
vn 0.000000 -0.000002 1.000000
vn 0.000000 -0.000000 1.000000
vn 0.000000 -0.000000 1.000000
vn 0.000000 -0.000002 1.000000
vn 0.000000 0.000000 1.000000
vn 0.000000 -0.000000 1.000000
vn 0.000001 -0.000002 1.000000
vn 0.000000 0.000000 1.000000
vn 0.000000 0.000000 1.000000
vn 0.000001 -0.000002 1.000000
vn 0.000000 -0.000000 1.000000
vn 0.000000 -0.000000 1.000000
vn 0.000001 -0.000002 1.000000
vn 0.000001 -0.000002 1.000000
vn 0.000000 -0.000000 1.000000
vn 0.000000 -0.000000 1.000000
vn 0.000001 -0.000002 1.000000
vn 0.000001 -0.000002 1.000000
vn 0.000000 -0.000000 1.000000
vn 0.000003 -0.000003 1.000000
vn 0.000003 -0.000003 1.000000
vn 0.000003 -0.000003 1.000000
vn 0.000000 -0.000000 1.000000
vn 0.000001 -0.000002 1.000000
vn 0.000003 -0.000003 1.000000
vn 0.000000 0.000000 1.000000
vn 0.000001 -0.000001 1.000000
vn 0.000003 -0.000001 1.000000
vn 0.000000 0.000000 1.000000
vn 0.000001 -0.000000 1.000000
vn 0.000002 -0.000001 1.000000
vn 0.000000 -0.000000 1.000000
vn 0.000001 -0.000002 1.000000
vn 0.000002 -0.000004 1.000000
vn 0.000000 -0.000000 1.000000
vn 0.000002 -0.000001 1.000000
vn 0.000003 -0.000003 1.000000
vn -0.000001 -0.000002 1.000000
vn -0.000001 -0.000003 1.000000
vn 0.000001 -0.000003 1.000000
vn -0.000002 -0.000003 1.000000
vn -0.000001 -0.000004 1.000000
vn 0.000002 -0.000004 1.000000
vn -0.000001 -0.000001 1.000000
vn -0.000003 -0.000003 1.000000
vn -0.000001 -0.000002 1.000000
vn -0.000003 -0.000004 1.000000
vn -0.000001 -0.000002 1.000000
vn -0.000003 -0.000004 1.000000
vn -0.000001 -0.000002 1.000000
vn -0.000003 -0.000003 1.000000
vn -0.000001 -0.000001 1.000000
vn -0.000003 -0.000003 1.000000
vn -0.000001 -0.000001 1.000000
vn -0.000003 -0.000003 1.000000
vn -0.000001 -0.000001 1.000000
vn -0.000003 -0.000004 1.000000
vn -0.000001 -0.000001 1.000000
vn -0.000002 -0.000004 1.000000
vn -0.000001 -0.000001 1.000000
vn -0.000002 -0.000003 1.000000
vn -0.000001 -0.000002 1.000000
vn -0.000002 -0.000003 1.000000
vn -0.000001 -0.000001 1.000000
vn -0.000002 -0.000003 1.000000
vn -0.000001 -0.000001 1.000000
vn -0.000002 -0.000004 1.000000
vn -0.000001 -0.000001 1.000000
vn -0.000001 -0.000004 1.000000
vn -0.000001 -0.000002 1.000000
vn -0.000001 -0.000004 1.000000
vn -0.000001 -0.000002 1.000000
vn -0.000001 -0.000004 1.000000
vn 0.000000 0.000000 1.000000
vn -0.000000 -0.000002 1.000000
vn 0.000000 0.000000 1.000000
vn -0.000001 -0.000004 1.000000
vn -0.000001 0.000001 1.000000
vn -0.000001 -0.000001 1.000000
vn -0.000001 0.000000 1.000000
vn -0.000001 -0.000004 1.000000
vn -0.000001 -0.000004 1.000000
vn -0.000001 -0.000005 1.000000
vn -0.000000 -0.000004 1.000000
vn -0.000000 -0.000004 1.000000
vn -0.000000 -0.000004 1.000000
vn 0.000000 -0.000004 1.000000
vn 0.000000 -0.000004 1.000000
vn 0.000000 -0.000004 1.000000
vn 0.000000 -0.000005 1.000000
vn 0.000001 -0.000005 1.000000
vn 0.000001 -0.000004 1.000000
vn 0.000001 -0.000004 1.000000
vn 0.000001 -0.000003 1.000000
vn 0.000001 -0.000004 1.000000
vn 0.000002 -0.000003 1.000000
vn 0.000001 -0.000002 1.000000
vn 0.000002 -0.000004 1.000000
vn 0.000000 -0.000000 1.000000
vn 0.000001 -0.000002 1.000000
vn 0.000002 -0.000004 1.000000
vn 0.000000 -0.000000 1.000000
vn 0.000001 -0.000002 1.000000
vn 0.000002 -0.000004 1.000000
vn 0.000000 -0.000000 1.000000
vn 0.000001 -0.000002 1.000000
vn 0.000002 -0.000004 1.000000
vn 0.000000 -0.000000 1.000000
vn 0.000001 -0.000002 1.000000
vn 0.000002 -0.000004 1.000000
vn 0.000000 0.000000 1.000000
vn 0.000001 -0.000002 1.000000
vn 0.000002 -0.000003 1.000000
vn 0.000000 -0.000000 1.000000
vn 0.000001 -0.000002 1.000000
vn 0.000003 -0.000003 1.000000
vn 0.000000 -0.000001 1.000000
vn 0.000001 -0.000002 1.000000
vn 0.000003 -0.000003 1.000000
vn 0.000000 -0.000000 1.000000
vn 0.000001 -0.000002 1.000000
vn 0.000003 -0.000003 1.000000
vn 0.000000 -0.000000 1.000000
vn 0.000004 -0.000003 1.000000
vn 0.000004 -0.000002 1.000000
vn 0.000005 0.000001 1.000000
vn 0.000002 0.000001 1.000000
vn 0.000000 -0.000000 1.000000
vn 0.000000 -0.000000 1.000000
vn 0.000002 0.000001 1.000000
vn 0.000002 0.000001 1.000000
vn 0.000000 -0.000000 1.000000
vn 0.000004 0.000001 1.000000
vn 0.000004 0.000001 1.000000
vn 0.000004 0.000002 1.000000
vn 0.000000 -0.000000 1.000000
vn 0.000002 0.000001 1.000000
vn 0.000004 0.000003 1.000000
vn 0.000000 -0.000000 1.000000
vn 0.000000 -0.000000 1.000000
vn 0.000000 0.000000 1.000000
vn 0.000000 0.000000 1.000000
vn 0.000000 -0.000000 1.000000
vn 0.000000 -0.000001 1.000000
vn 0.000001 0.000002 1.000000
vn 0.000002 0.000002 1.000000
vn 0.000001 0.000002 1.000000
vn 0.000000 0.000000 1.000000
vn 0.000000 -0.000001 1.000000
vn 0.000001 0.000001 1.000000
vn 0.000000 0.000000 1.000000
vn 0.000000 -0.000001 1.000000
vn 0.000001 0.000001 1.000000
vn 0.000000 0.000000 1.000000
vn 0.000000 -0.000000 1.000000
vn 0.000001 0.000001 1.000000
vn 0.000000 0.000000 1.000000
vn 0.000001 0.000002 1.000000
vn 0.000000 -0.000000 1.000000
vn 0.000000 -0.000000 1.000000
vn -0.000001 -0.000001 1.000000
vn -0.000001 -0.000001 1.000000
vn 0.000000 0.000000 1.000000
vn 0.000000 -0.000001 1.000000
vn -0.000001 -0.000001 1.000000
vn 0.000000 -0.000000 1.000000
vn 0.000000 -0.000000 1.000000
vn 0.000000 0.000000 1.000000
vn 0.000000 -0.000001 1.000000
vn 0.000001 0.000000 1.000000
vn 0.000000 -0.000000 1.000000
vn -0.000000 0.000000 1.000000
vn 0.000000 0.000000 1.000000
vn -0.000000 -0.000001 1.000000
vn -0.000001 -0.000000 1.000000
vn -0.000001 0.000000 1.000000
vn -0.000001 -0.000000 1.000000
vn 0.000000 0.000000 1.000000
vn 0.000001 0.000000 1.000000
vn -0.000000 -0.000002 1.000000
vn 0.000000 -0.000000 1.000000
vn 0.000000 0.000001 1.000000
vn -0.000001 -0.000002 1.000000
vn 0.000000 -0.000000 1.000000
vn -0.000000 0.000001 1.000000
vn -0.000001 -0.000002 1.000000
vn -0.000001 -0.000002 1.000000
vn -0.000001 -0.000004 1.000000
vn -0.000001 -0.000004 1.000000
vn -0.000000 -0.000002 1.000000
vn -0.000001 -0.000004 1.000000
vn 0.000000 0.000000 1.000000
vn 0.000000 -0.000000 1.000000
vn -0.000001 -0.000004 1.000000
vn -0.000000 -0.000002 1.000000
vn 0.000000 0.000000 1.000000
vn -0.000001 -0.000003 1.000000
vn -0.000000 -0.000002 1.000000
vn 0.000000 -0.000000 1.000000
vn -0.000001 -0.000003 1.000000
vn -0.000000 -0.000002 1.000000
vn 0.000000 -0.000000 1.000000
vn -0.000000 -0.000002 1.000000
vn 0.000000 -0.000001 1.000000
vn -0.000001 -0.000003 1.000000
vn 0.000001 -0.000002 1.000000
vn 0.000002 -0.000001 1.000000
vn 0.000001 -0.000002 1.000000
vn 0.000003 -0.000001 1.000000
vn 0.000004 -0.000001 1.000000
vn 0.000002 -0.000001 1.000000
vn 0.000003 0.000001 1.000000
vn 0.000001 -0.000002 1.000000
vn 0.000002 0.000004 1.000000
vn -0.000002 0.000000 1.000000
vn -0.000000 0.000004 1.000000
vn 0.000000 0.000002 1.000000
vn 0.000001 0.000004 1.000000
vn 0.000000 0.000002 1.000000
vn 0.000001 0.000004 1.000000
vn 0.000000 0.000002 1.000000
vn 0.000001 0.000004 1.000000
vn 0.000001 0.000001 1.000000
vn 0.000002 0.000002 1.000000
vn 0.000000 0.000001 1.000000
vn 0.000000 0.000001 1.000000
vn -0.000000 0.000002 1.000000
vn -0.000001 0.000003 1.000000
vn 0.000000 0.000003 1.000000
vn 0.000000 0.000004 1.000000
vn -0.000000 0.000002 1.000000
vn -0.000000 0.000004 1.000000
vn -0.000000 0.000002 1.000000
vn -0.000000 0.000003 1.000000
vn -0.000000 0.000002 1.000000
vn -0.000001 0.000004 1.000000
vn -0.000000 0.000002 1.000000
vn -0.000001 0.000004 1.000000
vn -0.000000 0.000002 1.000000
vn -0.000001 0.000004 1.000000
vn 0.000000 0.000001 1.000000
vn 0.000000 0.000004 1.000000
vn -0.000000 0.000001 1.000000
vn -0.000000 0.000002 1.000000
vn -0.000001 0.000002 1.000000
vn -0.000002 0.000003 1.000000
vn -0.000001 0.000002 1.000000
vn -0.000001 0.000004 1.000000
vn -0.000001 0.000002 1.000000
vn -0.000001 0.000004 1.000000
vn -0.000001 0.000002 1.000000
vn 0.000000 0.000000 1.000000
vn -0.000002 0.000004 1.000000
vn -0.000001 0.000002 1.000000
vn 0.000000 0.000000 1.000000
vn -0.000002 0.000004 1.000000
vn -0.000001 0.000002 1.000000
vn 0.000000 0.000000 1.000000
vn -0.000002 0.000004 1.000000
vn -0.000001 0.000002 1.000000
vn 0.000000 -0.000000 1.000000
vn -0.000002 0.000003 1.000000
vn -0.000001 0.000002 1.000000
vn 0.000000 0.000000 1.000000
vn -0.000002 0.000004 1.000000
vn -0.000001 0.000002 1.000000
vn 0.000000 0.000000 1.000000
vn -0.000002 0.000003 1.000000
vn -0.000000 0.000002 1.000000
vn 0.000000 0.000000 1.000000
vn -0.000001 0.000003 1.000000
vn -0.000001 0.000001 1.000000
vn 0.000000 0.000000 1.000000
vn -0.000001 0.000001 1.000000
vn -0.000001 0.000001 1.000000
vn 0.000000 0.000000 1.000000
vn -0.000003 0.000002 1.000000
vn -0.000001 0.000002 1.000000
vn 0.000000 0.000000 1.000000
vn -0.000003 0.000003 1.000000
vn -0.000001 0.000001 1.000000
vn 0.000000 -0.000000 1.000000
vn -0.000001 0.000003 1.000000
vn -0.000001 0.000000 1.000000
vn 0.000000 -0.000000 1.000000
vn -0.000001 0.000001 1.000000
vn -0.000002 0.000000 1.000000
vn 0.000000 0.000000 1.000000
vn -0.000003 0.000001 1.000000
vn -0.000002 0.000002 1.000000
vn 0.000000 0.000001 1.000000
vn -0.000003 0.000003 1.000000
vn -0.000002 0.000001 1.000000
vn 0.000000 0.000000 1.000000
vn -0.000003 0.000003 1.000000
vn -0.000001 0.000001 1.000000
vn 0.000000 -0.000001 1.000000
vn -0.000002 0.000003 1.000000
vn -0.000001 0.000000 1.000000
vn 0.000000 0.000000 1.000000
vn -0.000002 0.000001 1.000000
vn -0.000002 -0.000001 1.000000
vn -0.000001 -0.000000 1.000000
vn -0.000003 -0.000001 1.000000
vn 0.000000 0.000000 1.000000
vn 0.000002 -0.000001 1.000000
vn -0.000002 0.000001 1.000000
vn -0.000001 0.000001 1.000000
vn -0.000002 0.000001 1.000000
vn 0.000000 0.000000 1.000000
vn 0.000002 -0.000001 1.000000
vn -0.000001 0.000002 1.000000
vn -0.000000 0.000001 1.000000
vn -0.000001 0.000003 1.000000
vn 0.000000 0.000000 1.000000
vn 0.000002 -0.000001 1.000000
vn -0.000001 0.000001 1.000000
vn 0.000000 0.000000 1.000000
vn -0.000002 0.000001 1.000000
vn 0.000000 0.000000 1.000000
vn 0.000002 -0.000001 1.000000
vn 0.000004 -0.000002 1.000000
vn 0.000004 -0.000002 1.000000
vn 0.000004 -0.000001 1.000000
vn -0.000001 0.000000 1.000000
vn -0.000000 -0.000001 1.000000
vn -0.000003 0.000001 1.000000
vn -0.000001 -0.000001 1.000000
vn 0.000002 -0.000000 1.000000
vn 0.000004 -0.000001 1.000000
vn -0.000001 -0.000000 1.000000
vn 0.000000 -0.000000 1.000000
vn -0.000004 0.000001 1.000000
vn -0.000001 0.000000 1.000000
vn 0.000002 -0.000001 1.000000
vn 0.000004 -0.000001 1.000000
vn -0.000001 0.000000 1.000000
vn 0.000000 0.000001 1.000000
vn -0.000004 0.000000 1.000000
vn -0.000000 0.000000 1.000000
vn 0.000002 -0.000002 1.000000
vn 0.000002 -0.000002 1.000000
vn -0.000002 0.000001 1.000000
vn 0.000000 0.000000 1.000000
vn -0.000004 0.000001 1.000000
vn 0.000001 0.000000 1.000000
vn 0.000002 -0.000001 1.000000
vn 0.000002 -0.000001 1.000000
vn -0.000002 0.000000 1.000000
vn 0.000000 -0.000000 1.000000
vn -0.000004 0.000001 1.000000
vn 0.000001 0.000001 1.000000
vn 0.000002 0.000001 1.000000
vn 0.000003 0.000001 1.000000
vn -0.000002 0.000000 1.000000
vn 0.000000 -0.000001 1.000000
vn -0.000004 0.000001 1.000000
vn 0.000000 -0.000000 1.000000
vn 0.000002 -0.000000 1.000000
vn 0.000004 -0.000001 1.000000
vn -0.000001 0.000001 1.000000
vn 0.000000 0.000000 1.000000
vn -0.000003 0.000002 1.000000
vn 0.000000 -0.000000 1.000000
vn 0.000001 0.000000 1.000000
vn 0.000003 0.000001 1.000000
vn -0.000001 0.000001 1.000000
vn 0.000000 0.000000 1.000000
vn -0.000002 0.000001 1.000000
vn 0.000000 0.000000 1.000000
vn 0.000001 -0.000000 1.000000
vn 0.000002 -0.000000 1.000000
vn -0.000001 0.000000 1.000000
vn 0.000000 -0.000000 1.000000
vn -0.000002 0.000000 1.000000
vn 0.000000 -0.000000 1.000000
vn 0.000001 -0.000001 1.000000
vn 0.000003 -0.000002 1.000000
vn -0.000001 -0.000000 1.000000
vn 0.000000 -0.000001 1.000000
vn -0.000002 -0.000000 1.000000
vn 0.000000 -0.000000 1.000000
vn 0.000002 0.000000 1.000000
vn 0.000004 -0.000001 1.000000
vn -0.000002 -0.000001 1.000000
vn 0.000000 0.000000 1.000000
vn -0.000003 -0.000001 1.000000
vn 0.000000 0.000000 1.000000
vn 0.000002 0.000000 1.000000
vn 0.000004 0.000000 1.000000
vn -0.000002 0.000000 1.000000
vn 0.000000 0.000000 1.000000
vn -0.000004 -0.000000 1.000000
vn 0.000000 0.000000 1.000000
vn 0.000002 0.000000 1.000000
vn 0.000004 0.000000 1.000000
vn -0.000002 0.000000 1.000000
vn 0.000000 0.000000 1.000000
vn -0.000003 0.000001 1.000000
vn 0.000000 0.000000 1.000000
vn 0.000002 0.000000 1.000000
vn 0.000004 0.000000 1.000000
vn -0.000001 -0.000000 1.000000
vn 0.000000 0.000000 1.000000
vn -0.000002 -0.000000 1.000000
vn 0.000000 0.000000 1.000000
vn 0.000002 -0.000000 1.000000
vn 0.000004 0.000001 1.000000
vn -0.000001 -0.000001 1.000000
vn 0.000000 0.000000 1.000000
vn -0.000003 -0.000001 1.000000
vn 0.000000 -0.000000 1.000000
vn 0.000002 -0.000000 1.000000
vn 0.000004 0.000001 1.000000
vn -0.000002 -0.000000 1.000000
vn 0.000000 -0.000000 1.000000
vn -0.000004 -0.000001 1.000000
vn 0.000000 -0.000001 1.000000
vn 0.000002 -0.000000 1.000000
vn 0.000004 0.000000 1.000000
vn -0.000002 0.000000 1.000000
vn 0.000000 -0.000000 1.000000
vn -0.000003 0.000001 1.000000
vn 0.000000 -0.000000 1.000000
vn 0.000002 -0.000000 1.000000
vn 0.000004 0.000001 1.000000
vn -0.000001 -0.000000 1.000000
vn 0.000000 0.000000 1.000000
vn -0.000002 -0.000001 1.000000
vn 0.000000 0.000000 1.000000
vn 0.000002 0.000001 1.000000
vn 0.000004 0.000001 1.000000
vn -0.000001 -0.000001 1.000000
vn 0.000000 0.000000 1.000000
vn -0.000003 -0.000002 1.000000
vn 0.000000 0.000000 1.000000
vn 0.000002 0.000000 1.000000
vn 0.000004 0.000001 1.000000
vn -0.000002 -0.000002 1.000000
vn -0.000000 -0.000001 1.000000
vn -0.000002 -0.000002 1.000000
vn -0.000002 -0.000001 1.000000
vn -0.000001 -0.000001 1.000000
vn -0.000002 -0.000001 1.000000
vn -0.000002 -0.000000 1.000000
vn -0.000001 -0.000000 1.000000
vn -0.000003 -0.000000 1.000000
vn -0.000002 -0.000001 1.000000
vn 0.000000 0.000000 1.000000
vn -0.000004 -0.000002 1.000000
vn -0.000002 -0.000001 1.000000
vn 0.000000 0.000000 1.000000
vn -0.000003 -0.000002 1.000000
vn 0.000000 -0.000000 1.000000
vn 0.000002 0.000001 1.000000
vn -0.000002 -0.000000 1.000000
vn 0.000000 0.000000 1.000000
vn -0.000003 -0.000001 1.000000
vn 0.000000 -0.000000 1.000000
vn 0.000002 0.000001 1.000000
vn -0.000001 -0.000000 1.000000
vn 0.000000 0.000000 1.000000
vn -0.000002 -0.000001 1.000000
vn 0.000000 0.000000 1.000000
vn 0.000002 0.000001 1.000000
vn -0.000001 -0.000002 1.000000
vn 0.000000 -0.000000 1.000000
vn -0.000002 -0.000002 1.000000
vn 0.000000 0.000001 1.000000
vn 0.000002 0.000002 1.000000
vn -0.000002 -0.000001 1.000000
vn -0.000003 -0.000002 1.000000
vn -0.000002 -0.000001 1.000000
vn -0.000003 -0.000002 1.000000
vn -0.000002 -0.000001 1.000000
vn -0.000003 -0.000002 1.000000
vn -0.000001 -0.000000 1.000000
vn -0.000001 -0.000002 1.000000
vn -0.000001 -0.000001 1.000000
vn -0.000001 -0.000003 1.000000
vn -0.000001 -0.000002 1.000000
vn -0.000003 -0.000003 1.000000
vn -0.000001 -0.000002 1.000000
vn -0.000003 -0.000003 1.000000
vn -0.000001 -0.000002 1.000000
vn 0.000000 -0.000001 1.000000
vn -0.000002 -0.000003 1.000000
vn 0.000000 0.000000 1.000000
vn -0.000003 -0.000002 1.000000
vn -0.000001 -0.000001 1.000000
vn -0.000001 -0.000002 1.000000
vn -0.000001 -0.000002 1.000000
vn -0.000001 -0.000001 1.000000
vn -0.000001 -0.000002 1.000000
vn -0.000000 -0.000004 1.000000
vn -0.000001 -0.000004 1.000000
vn 0.000004 0.000003 1.000000
vn 0.000003 0.000003 1.000000
vn 0.000003 0.000003 1.000000
vn 0.000003 -0.000001 1.000000
vn 0.000000 -0.000001 1.000000
vn -0.000002 0.000002 1.000000
vn 0.000001 0.000003 1.000000
vn 0.000002 0.000003 1.000000
vn 0.000002 0.000003 1.000000
vn 0.000002 0.000003 1.000000
vn 0.000002 0.000003 1.000000
vn 0.000002 0.000004 1.000000
vn 0.000003 -0.000001 1.000000
vn 0.000003 0.000003 1.000000
vn 0.000003 0.000002 1.000000
vn 0.000003 0.000002 1.000000
vn 0.000003 0.000003 1.000000
vn 0.000003 0.000003 1.000000
vn 0.000003 0.000003 1.000000
vn 0.000003 0.000003 1.000000
vn 0.000003 0.000003 1.000000
vn 0.000003 0.000003 1.000000
vn 0.000003 0.000003 1.000000
vn 0.000003 0.000003 1.000000
vn 0.000001 0.000001 1.000000
vn 0.000003 0.000002 1.000000
vn 0.000001 0.000001 1.000000
vn 0.000002 0.000003 1.000000
vn 0.000001 0.000001 1.000000
vn 0.000002 0.000003 1.000000
vn 0.000001 0.000001 1.000000
vn 0.000002 0.000002 1.000000
vn 0.000001 0.000001 1.000000
vn 0.000002 0.000003 1.000000
vn 0.000001 0.000001 1.000000
vn 0.000002 0.000003 1.000000
vn 0.000001 0.000001 1.000000
vn 0.000002 0.000003 1.000000
vn 0.000002 0.000001 1.000000
vn 0.000002 0.000002 1.000000
vn 0.000001 0.000002 1.000000
vn 0.000001 0.000002 1.000000
vn -0.000001 0.000003 1.000000
vn -0.000000 0.000004 1.000000
vn 0.000000 0.000000 1.000000
vn 0.000001 0.000002 1.000000
vn 0.000001 0.000004 1.000000
vn 0.000000 0.000001 1.000000
vn 0.000000 0.000002 1.000000
vn 0.000001 0.000003 1.000000
vn 0.000000 0.000001 1.000000
vn 0.000000 0.000002 1.000000
vn 0.000001 0.000004 1.000000
vn 0.000000 0.000000 1.000000
vn 0.000000 0.000002 1.000000
vn 0.000001 0.000004 1.000000
vn 0.000000 -0.000000 1.000000
vn 0.000000 0.000002 1.000000
vn 0.000001 0.000004 1.000000
vn 0.000000 -0.000000 1.000000
vn 0.000000 0.000002 1.000000
vn 0.000000 0.000004 1.000000
vn 0.000002 -0.000000 1.000000
vn 0.000001 0.000001 1.000000
vn 0.000000 0.000003 1.000000
vn 0.000003 -0.000001 1.000000
vn 0.000001 0.000001 1.000000
vn -0.000000 0.000004 1.000000
vn 0.000000 0.000000 -1.000000
vn 0.000000 0.000000 -1.000000
vn -0.000000 -0.000000 -1.000000
vn 0.000000 0.000000 -1.000000
vn 0.000000 0.000000 -1.000000
vn 0.000000 0.000000 -1.000000
vn 0.000000 0.000000 -1.000000
vn -0.000000 -0.000000 -1.000000
vn 0.000000 0.000000 -1.000000
vn 0.000000 0.000000 -1.000000
vn 0.000000 0.000000 -1.000000
vn -0.000000 -0.000000 -1.000000
vn -0.000000 -0.000000 -1.000000
vn 0.000000 0.000000 -1.000000
vn 0.000000 0.000000 -1.000000
vn 0.000000 0.000000 -1.000000
vn 0.000000 0.000000 -1.000000
vn 0.000000 0.000000 -1.000000
vn 0.000000 0.000001 -1.000000
vn 0.000000 0.000000 -1.000000
vn -0.000000 -0.000000 -1.000000
vn 0.000000 0.000000 -1.000000
vn 0.000000 0.000000 -1.000000
vn 0.000000 0.000000 -1.000000
vn -0.000000 -0.000000 -1.000000
vn 0.000000 0.000000 -1.000000
vn 0.000000 0.000000 -1.000000
vn -0.000000 -0.000000 -1.000000
vn -0.000000 -0.000000 -1.000000
vn -0.000000 -0.000000 -1.000000
vn -0.000000 -0.000001 -1.000000
vn -0.000000 -0.000000 -1.000000
vn -0.000000 -0.000000 -1.000000
vn -0.000000 -0.000000 -1.000000
vn 0.000000 0.000000 -1.000000
vn -0.000000 -0.000000 -1.000000
vn 0.000000 0.000000 -1.000000
vn 0.000000 0.000000 -1.000000
vn 0.000000 0.000000 -1.000000
vn -0.000000 -0.000000 -1.000000
vn 0.000000 -0.000000 -1.000000
vn 0.000000 0.000000 -1.000000
vn -0.000000 -0.000000 -1.000000
vn -0.000000 -0.000001 -1.000000
vn 0.000000 0.000000 -1.000000
vn -0.000000 -0.000000 -1.000000
vn -0.000000 -0.000000 -1.000000
vn 0.000000 0.000000 -1.000000
vn 0.000000 0.000000 -1.000000
vn 0.000000 0.000000 -1.000000
vn 0.000000 0.000000 -1.000000
vn 0.000000 0.000000 -1.000000
vn 0.000000 0.000000 -1.000000
vn -0.000000 -0.000000 -1.000000
vn -0.000001 0.000000 -1.000000
vn 0.000000 -0.000000 -1.000000
vn -0.000000 -0.000001 -1.000000
vn -0.000000 -0.000000 -1.000000
vn -0.000000 -0.000000 -1.000000
vn -0.000000 -0.000000 -1.000000
vn -0.000000 -0.000000 -1.000000
vn -0.000000 0.000000 -1.000000
vn 0.000000 0.000000 -1.000000
vn -0.000000 -0.000000 -1.000000
vn 0.000000 0.000000 -1.000000
vn -0.000000 -0.000000 -1.000000
vn 0.000000 -0.000000 -1.000000
vn 0.000001 0.000000 -1.000000
vn 0.000000 0.000000 -1.000000
vn 0.000000 -0.000001 -1.000000
vn 0.000000 -0.000000 -1.000000
vn -0.000000 0.000000 -1.000000
vn -0.000000 -0.000000 -1.000000
vn -0.000001 -0.000000 -1.000000
vn -0.000000 0.000000 -1.000000
vn -0.000000 -0.000000 -1.000000
vn 0.000000 0.000000 -1.000000
vn 0.000000 0.000000 -1.000000
vn 0.000000 0.000000 -1.000000
vn 0.000000 0.000000 -1.000000
vn -0.000000 -0.000000 -1.000000
vn 0.000000 0.000000 -1.000000
vn -0.000000 -0.000000 -1.000000
vn 0.000000 0.000000 -1.000000
vn -0.000000 -0.000000 -1.000000
vn -0.000000 -0.000000 -1.000000
vn -0.000000 -0.000000 -1.000000
vn 0.000000 0.000000 -1.000000
vn 0.000000 0.000000 -1.000000
vn -0.000000 -0.000000 -1.000000
vn 0.000000 0.000000 -1.000000
vn 0.000000 0.000000 -1.000000
vn -0.000000 -0.000000 -1.000000
vn -0.000000 -0.000000 -1.000000
vn -0.000000 -0.000000 -1.000000
vn 0.000000 0.000000 -1.000000
vn -0.000000 -0.000000 -1.000000
vn 0.000000 0.000000 -1.000000
vn -0.000000 0.000000 -1.000000
vn 0.000000 0.000000 -1.000000
vn -0.000000 0.000000 -1.000000
vn -0.000000 -0.000000 -1.000000
vn 0.000000 0.000000 -1.000000
vn -0.000000 -0.000000 -1.000000
vn 0.000000 0.000000 -1.000000
vn 0.000000 0.000000 -1.000000
vn 0.000000 0.000001 -1.000000
vn -0.000001 0.000001 -1.000000
vn -0.000000 -0.000000 -1.000000
vn -0.000000 -0.000000 -1.000000
vn -0.000001 -0.000000 -1.000000
vn -0.000000 -0.000000 -1.000000
vn 0.000000 0.000000 -1.000000
vn -0.000000 -0.000000 -1.000000
vn 0.000000 0.000000 -1.000000
vn 0.000000 0.000000 -1.000000
vn 0.000000 0.000000 -1.000000
vn 0.000000 0.000000 -1.000000
vn 0.000000 0.000000 -1.000000
vn 0.000000 0.000000 -1.000000
vn -0.000000 -0.000000 -1.000000
vn 0.000000 0.000000 -1.000000
vn -0.000000 -0.000000 -1.000000
vn -0.000000 -0.000000 -1.000000
vn -0.000000 -0.000000 -1.000000
vn 0.000000 0.000000 -1.000000
vn -0.000000 -0.000000 -1.000000
vn 0.000000 0.000000 -1.000000
vn -0.000000 -0.000000 -1.000000
vn 0.000000 0.000000 -1.000000
vn 0.000000 0.000000 -1.000000
vn 0.000000 0.000000 -1.000000
vn 0.000000 0.000000 -1.000000
vn 0.000000 0.000000 -1.000000
vn 0.000000 0.000000 -1.000000
vn 0.000000 0.000000 -1.000000
vn -0.000000 -0.000000 -1.000000
vn 0.000000 0.000000 -1.000000
vn -0.000000 -0.000000 -1.000000
vn 0.000000 0.000000 -1.000000
vn 0.000000 0.000001 -1.000000
vn 0.000000 0.000000 -1.000000
vn 0.000000 0.000001 -1.000000
vn -0.000000 -0.000000 -1.000000
vn 0.000000 0.000000 -1.000000
vn -0.000000 -0.000000 -1.000000
vn -0.000000 -0.000000 -1.000000
vn -0.000000 -0.000000 -1.000000
vn 0.000000 0.000000 -1.000000
vn 0.000000 0.000000 -1.000000
vn 0.000000 0.000000 -1.000000
vn 0.000000 0.000000 -1.000000
vn 0.000000 0.000000 -1.000000
vn 0.000000 0.000000 -1.000000
vn 0.000000 0.000000 -1.000000
vn 0.000000 0.000000 -1.000000
vn -0.000000 -0.000000 -1.000000
vn -0.000000 -0.000000 -1.000000
vn -0.000000 -0.000000 -1.000000
vn 0.000000 0.000000 -1.000000
vn -0.000000 -0.000000 -1.000000
vn 0.000000 0.000000 -1.000000
vn 0.000000 0.000000 -1.000000
vn 0.000000 -0.000000 -1.000000
vn 0.000001 -0.000000 -1.000000
vn 0.000000 0.000000 -1.000000
vn 0.000000 0.000000 -1.000000
vn 0.000000 0.000000 -1.000000
vn 0.000000 0.000000 -1.000000
vn -0.000000 -0.000000 -1.000000
vn -0.000000 -0.000001 -1.000000
vn -0.000000 -0.000000 -1.000000
vn 0.000000 0.000000 -1.000000
vn 0.000000 0.000000 -1.000000
vn 0.000000 0.000000 -1.000000
vn -0.000000 -0.000001 -1.000000
vn -0.000000 -0.000000 -1.000000
vn -0.000000 -0.000000 -1.000000
vn 0.000000 0.000000 -1.000000
vn 0.000000 0.000000 -1.000000
vn 0.000000 0.000001 -1.000000
vn -0.000000 0.000001 -1.000000
vn -0.000001 0.000000 -1.000000
vn -0.000000 0.000000 -1.000000
vn 0.000000 0.000000 -1.000000
vn 0.000000 0.000000 -1.000000
vn -0.000000 -0.000000 -1.000000
vn -0.000000 -0.000000 -1.000000
vn 0.000000 0.000000 -1.000000
vn -0.000000 -0.000000 -1.000000
vn -0.000000 -0.000000 -1.000000
vn 0.000000 0.000000 -1.000000
vn 0.000000 0.000000 -1.000000
vn 0.000000 0.000000 -1.000000
vn 0.000000 0.000000 -1.000000
vn -0.000000 -0.000000 -1.000000
vn -0.000000 -0.000000 -1.000000
vn 0.000000 0.000000 -1.000000
vn -0.000000 -0.000000 -1.000000
vn -0.000000 -0.000000 -1.000000
vn 0.000000 0.000000 -1.000000
vn -0.000000 -0.000000 -1.000000
vn 0.000000 0.000000 -1.000000
vn -0.000000 -0.000000 -1.000000
vn 0.000000 0.000000 -1.000000
vn 0.000000 0.000000 -1.000000
vn 0.000000 0.000000 -1.000000
vn 0.000000 0.000000 -1.000000
vn -0.000000 -0.000000 -1.000000
vn -0.000000 -0.000000 -1.000000
vn -0.000000 -0.000000 -1.000000
vn -0.000000 -0.000000 -1.000000
vn -0.000000 -0.000000 -1.000000
vn 0.000000 0.000000 -1.000000
vn -0.000000 -0.000000 -1.000000
vn -0.000000 -0.000000 -1.000000
vn 0.000000 0.000000 -1.000000
vn 0.000000 0.000000 -1.000000
vn 0.000000 0.000000 -1.000000
vn -0.000000 -0.000000 -1.000000
vn 0.000000 0.000000 -1.000000
vn -0.000000 -0.000000 -1.000000
vn -0.000000 -0.000000 -1.000000
vn -0.000000 -0.000000 -1.000000
vn 0.000000 0.000000 -1.000000
vn 0.000000 0.000000 -1.000000
vn 0.000000 0.000000 -1.000000
vn 0.000000 0.000000 -1.000000
vn 0.000000 0.000000 -1.000000
vn 0.000000 0.000000 -1.000000
vn 0.000000 0.000000 -1.000000
vn -0.000000 -0.000000 -1.000000
vn -0.000000 -0.000000 -1.000000
vn 0.000000 0.000000 -1.000000
vn -0.000000 -0.000000 -1.000000
vn 0.000000 0.000000 -1.000000
vn 0.000000 0.000000 -1.000000
vn -0.000000 -0.000000 -1.000000
vn 0.000000 0.000000 -1.000000
vn 0.000000 0.000000 -1.000000
vn 0.000000 0.000000 -1.000000
vn 0.000000 0.000000 -1.000000
vn -0.000000 -0.000000 -1.000000
vn -0.000000 -0.000000 -1.000000
vn 0.000000 0.000000 -1.000000
vn -0.000000 -0.000000 -1.000000
vn 0.000000 0.000000 -1.000000
vn -0.000000 -0.000000 -1.000000
vn -0.000000 -0.000000 -1.000000
vn -0.000000 -0.000000 -1.000000
vn -0.000000 -0.000000 -1.000000
vn -0.000000 -0.000000 -1.000000
vn 0.000000 0.000000 -1.000000
vn 0.000000 0.000000 -1.000000
vn -0.000000 0.000000 -1.000000
vn -0.000000 0.000000 -1.000000
vn -0.000000 0.000000 -1.000000
vn -0.000000 -0.000000 -1.000000
vn -0.000000 -0.000000 -1.000000
vn 0.000000 0.000000 -1.000000
vn 0.000000 -0.000000 -1.000000
vn 0.000000 -0.000000 -1.000000
vn 0.000000 0.000000 -1.000000
vn -0.000000 -0.000000 -1.000000
vn -0.000000 -0.000000 -1.000000
vn 0.000000 0.000000 -1.000000
vn -0.000000 -0.000000 -1.000000
vn -0.000000 -0.000000 -1.000000
vn 0.000000 0.000000 -1.000000
vn 0.000000 -0.000000 -1.000000
vn -0.000000 -0.000000 -1.000000
vn 0.000000 0.000000 -1.000000
vn 0.000000 0.000000 -1.000000
vn 0.000000 0.000000 -1.000000
vn 0.000000 0.000000 -1.000000
vn 0.000000 0.000000 -1.000000
vn 0.000000 0.000001 -1.000000
vn -0.000000 -0.000000 -1.000000
vn -0.000000 -0.000000 -1.000000
vn -0.000000 -0.000000 -1.000000
vn -0.000000 -0.000000 -1.000000
vn 0.000000 0.000000 -1.000000
vn -0.000000 -0.000000 -1.000000
vn -0.000000 -0.000000 -1.000000
vn 0.000000 0.000000 -1.000000
vn 0.000000 0.000000 -1.000000
vn 0.000000 0.000000 -1.000000
vn -0.000000 -0.000000 -1.000000
vn -0.000000 -0.000000 -1.000000
vn -0.000000 -0.000000 -1.000000
vn 0.000000 0.000000 -1.000000
vn 0.000000 0.000000 -1.000000
vn -0.000000 -0.000000 -1.000000
vn 0.000000 0.000000 -1.000000
vn 0.000000 0.000000 -1.000000
vn 0.000000 0.000000 -1.000000
vn 0.000000 0.000000 -1.000000
vn -0.000001 0.000000 -1.000000
vn -0.000000 -0.000001 -1.000000
vn 0.000000 -0.000001 -1.000000
vn 0.000000 0.000000 -1.000000
vn -0.000000 -0.000000 -1.000000
vn 0.000000 0.000000 -1.000000
vn 0.000000 0.000000 -1.000000
vn 0.000000 0.000000 -1.000000
vn 0.000000 0.000000 -1.000000
vn 0.000000 0.000000 -1.000000
vn -0.000000 -0.000000 -1.000000
vn -0.000000 -0.000000 -1.000000
vn -0.000000 -0.000000 -1.000000
vn -0.000000 -0.000000 -1.000000
vn -0.000000 -0.000000 -1.000000
vn -0.000000 -0.000000 -1.000000
vn 0.000000 0.000000 -1.000000
vn 0.000000 0.000000 -1.000000
vn 0.000000 0.000000 -1.000000
vn 0.000000 0.000000 -1.000000
vn 0.000000 0.000000 -1.000000
vn 0.000000 0.000000 -1.000000
vn 0.000000 0.000000 -1.000000
vn 0.000000 0.000000 -1.000000
vn 0.000000 0.000000 -1.000000
vn 0.000000 0.000000 -1.000000
vn -0.000000 -0.000000 -1.000000
vn -0.000000 -0.000000 -1.000000
vn -0.000000 -0.000000 -1.000000
vn -0.000000 -0.000000 -1.000000
vn -0.000000 -0.000000 -1.000000
vn -0.000000 -0.000000 -1.000000
vn -0.000000 -0.000000 -1.000000
vn -0.000000 -0.000000 -1.000000
vn -0.000000 -0.000000 -1.000000
vn 0.000000 0.000000 -1.000000
vn 0.000000 0.000000 -1.000000
vn -0.000000 -0.000000 -1.000000
vn -0.000000 -0.000000 -1.000000
vn -0.000000 -0.000000 -1.000000
vn 0.000000 -0.000000 -1.000000
vn 0.000001 -0.000000 -1.000000
vn 0.000000 0.000000 -1.000000
vn 0.000000 -0.000000 -1.000000
vn 0.000000 -0.000001 -1.000000
vn 0.000000 0.000000 -1.000000
vn -0.000000 -0.000000 -1.000000
vn -0.000000 -0.000001 -1.000000
vn 0.000000 0.000000 -1.000000
vn -0.000000 -0.000000 -1.000000
vn -0.000000 -0.000000 -1.000000
vn -0.000000 -0.000000 -1.000000
vn -0.000000 -0.000000 -1.000000
vn 0.000000 0.000000 -1.000000
vn -0.000000 -0.000000 -1.000000
vn -0.000000 -0.000000 -1.000000
vn 0.000000 0.000000 -1.000000
vn -0.000000 -0.000000 -1.000000
vn -0.000000 -0.000000 -1.000000
vn 0.000000 0.000000 -1.000000
vn -0.000000 -0.000000 -1.000000
vn -0.000000 -0.000000 -1.000000
vn 0.000000 0.000000 -1.000000
vn -0.000000 -0.000000 -1.000000
vn 0.000000 0.000000 -1.000000
vn 0.000000 0.000000 -1.000000
vn -0.000000 -0.000000 -1.000000
vn 0.000000 0.000000 -1.000000
vn 0.000000 0.000000 -1.000000
vn 0.000000 0.000000 -1.000000
vn 0.000000 0.000000 -1.000000
vn 0.000000 0.000000 -1.000000
vn 0.000000 0.000000 -1.000000
vn 0.000000 0.000000 -1.000000
vn 0.000000 0.000000 -1.000000
vn 0.000000 0.000000 -1.000000
vn -0.000000 -0.000000 -1.000000
vn -0.000000 -0.000000 -1.000000
vn 0.000000 0.000000 -1.000000
vn -0.000000 -0.000000 -1.000000
vn -0.000000 -0.000000 -1.000000
vn -0.000000 -0.000000 -1.000000
vn 0.000000 0.000000 -1.000000
vn 0.000000 0.000000 -1.000000
vn -0.000000 -0.000000 -1.000000
vn -0.000000 -0.000000 -1.000000
vn -0.000000 -0.000000 -1.000000
vn -0.000000 -0.000000 -1.000000
vn -0.000000 -0.000000 -1.000000
vn -0.000000 -0.000001 -1.000000
vn 0.000000 0.000000 -1.000000
vn 0.000000 0.000000 -1.000000
vn -0.000000 0.000001 -1.000000
vn -0.000000 -0.000000 -1.000000
vn -0.000000 -0.000000 -1.000000
vn 0.000000 -0.000000 -1.000000
vn -0.000000 0.000000 -1.000000
vn -0.000001 0.000000 -1.000000
vn -0.000000 -0.000000 -1.000000
vn -0.000000 -0.000000 -1.000000
vn 0.000000 -0.000000 -1.000000
vn -0.000000 -0.000001 -1.000000
vn -0.000001 -0.000000 -1.000000
vn 0.000000 0.000000 -1.000000
vn -0.000000 -0.000000 -1.000000
vn -0.000000 -0.000000 -1.000000
vn -0.000000 -0.000000 -1.000000
vn -0.000000 -0.000000 -1.000000
vn 0.000000 0.000000 -1.000000
vn 0.000000 0.000000 -1.000000
vn -0.000000 -0.000000 -1.000000
vn -0.000000 -0.000001 -1.000000
vn 0.000000 0.000000 -1.000000
vn 0.000000 0.000001 -1.000000
vn -0.000000 0.000000 -1.000000
vn 0.000000 0.000000 -1.000000
vn 0.000000 0.000000 -1.000000
vn -0.000000 -0.000000 -1.000000
vn -0.000000 -0.000000 -1.000000
vn -0.000000 0.000000 -1.000000
vn -0.000000 0.000000 -1.000000
vn 0.000000 0.000001 -1.000000
vn 0.000000 -0.000000 -1.000000
vn -0.000000 -0.000000 -1.000000
vn -0.000000 -0.000000 -1.000000
vn -0.000000 -0.000001 -1.000000
vn -0.000000 -0.000000 -1.000000
vn 0.000000 0.000000 -1.000000
vn 0.000000 -0.000000 -1.000000
vn 0.000000 0.000000 -1.000000
vn 0.000001 0.000000 -1.000000
vn 0.000000 0.000000 -1.000000
vn 0.000000 0.000000 -1.000000
vn 0.000000 0.000000 -1.000000
vn -0.000000 0.000000 -1.000000
vn -0.000000 -0.000000 -1.000000
vn 0.000001 -0.000000 -1.000000
vn 0.000000 0.000000 -1.000000
vn 0.000000 0.000000 -1.000000
vn 0.000000 0.000000 -1.000000
vn -0.000000 -0.000000 -1.000000
vn -0.000000 -0.000001 -1.000000
vn 0.000000 -0.000000 -1.000000
vn -0.000000 -0.000000 -1.000000
vn -0.000000 -0.000000 -1.000000
vn 0.000000 0.000000 -1.000000
vn 0.000000 0.000000 -1.000000
vn 0.000000 0.000000 -1.000000
vn 0.000000 0.000000 -1.000000
vn -0.000000 -0.000000 -1.000000
vn 0.000000 0.000000 -1.000000
vn 0.000000 0.000000 -1.000000
vn -0.000000 -0.000000 -1.000000
vn 0.000000 0.000000 -1.000000
vn 0.000000 0.000000 -1.000000
vn 0.000000 0.000000 -1.000000
vn 0.000000 0.000000 -1.000000
vn 0.000000 0.000000 -1.000000
vn -0.000000 -0.000000 -1.000000
vn -0.000000 -0.000000 -1.000000
vn -0.000000 -0.000000 -1.000000
vn -0.000000 -0.000000 -1.000000
vn -0.000000 -0.000000 -1.000000
vn -0.000000 -0.000000 -1.000000
vn -0.000000 -0.000000 -1.000000
vn -0.000000 -0.000000 -1.000000
vn 0.000000 0.000000 -1.000000
vn 0.000000 0.000000 -1.000000
vn 0.000000 0.000000 -1.000000
vn 0.000000 0.000000 -1.000000
vn -0.000000 -0.000000 -1.000000
vn 0.000000 0.000000 -1.000000
vn 0.000000 0.000000 -1.000000
vn 0.000000 0.000000 -1.000000
vn 0.000000 0.000000 -1.000000
vn 0.000000 0.000000 -1.000000
vn 0.000000 0.000000 -1.000000
vn 0.000000 0.000000 -1.000000
vn 0.000000 0.000000 -1.000000
vn -0.000000 -0.000000 -1.000000
vn -0.000000 -0.000000 -1.000000
vn -0.000000 -0.000000 -1.000000
vn -0.000000 -0.000000 -1.000000
vn -0.000000 -0.000000 -1.000000
vn -0.000000 -0.000000 -1.000000
vn -0.000000 -0.000000 -1.000000
vn -0.000000 -0.000000 -1.000000
vn -0.000000 -0.000000 -1.000000
vn 0.000000 0.000000 -1.000000
vn -0.000000 -0.000000 -1.000000
vn -0.000000 -0.000000 -1.000000
vn -0.000000 -0.000000 -1.000000
vn -0.000000 -0.000000 -1.000000
vn 0.000000 0.000000 -1.000000
vn 0.000000 0.000000 -1.000000
vn 0.000000 0.000000 -1.000000
vn 0.000000 0.000000 -1.000000
vn -0.000000 -0.000000 -1.000000
vn 0.000000 0.000000 -1.000000
vn 0.000000 0.000000 -1.000000
vn -0.000000 -0.000000 -1.000000
vn -0.000000 0.000000 -1.000000
vn -0.000001 0.000001 -1.000000
vn -0.000000 -0.000000 -1.000000
vn 0.000000 0.000000 -1.000000
vn 0.000000 0.000000 -1.000000
vn -0.000000 -0.000000 -1.000000
vn -0.000000 -0.000000 -1.000000
vn -0.000001 -0.000000 -1.000000
vn -0.000000 -0.000000 -1.000000
vn -0.000000 -0.000000 -1.000000
vn 0.000000 0.000000 -1.000000
vn -0.000000 -0.000000 -1.000000
vn -0.000000 -0.000000 -1.000000
vn -0.000000 -0.000001 -1.000000
vn 0.000000 0.000000 -1.000000
vn 0.000000 0.000000 -1.000000
vn 0.000000 0.000000 -1.000000
vn -0.000000 -0.000000 -1.000000
vn -0.000000 -0.000000 -1.000000
vn -0.000000 -0.000000 -1.000000
vn 0.000000 0.000000 -1.000000
vn 0.000000 0.000000 -1.000000
vn -0.000000 -0.000000 -1.000000
vn -0.000000 -0.000000 -1.000000
vn 0.000000 0.000000 -1.000000
vn 0.000000 0.000001 -1.000000
vn 0.000000 0.000001 -1.000000
vn -0.000000 0.000000 -1.000000
vn -0.000001 0.000000 -1.000000
vn 0.000000 0.000000 -1.000000
vn -0.000000 0.000000 -1.000000
vn -0.000001 -0.000000 -1.000000
vn 0.000000 -0.000000 -1.000000
vn 0.000000 -0.000001 -1.000000
vn -0.000000 -0.000001 -1.000000
vn 0.000000 0.000000 -1.000000
vn 0.000000 0.000000 -1.000000
vn -0.000000 -0.000000 -1.000000
vn 0.000000 0.000000 -1.000000
vn 0.000000 0.000000 -1.000000
vn 0.000000 0.000000 -1.000000
vn -0.000000 -0.000000 -1.000000
vn 0.000000 0.000000 -1.000000
vn 0.000000 0.000000 -1.000000
vn 0.000000 0.000000 -1.000000
vn 0.000000 0.000000 -1.000000
vn 0.000000 0.000000 -1.000000
vn 0.000000 0.000000 -1.000000
vn -0.000000 -0.000000 -1.000000
vn 0.000000 0.000000 -1.000000
vn 0.000000 0.000001 -1.000000
vn -0.000000 -0.000000 -1.000000
vn -0.000000 -0.000000 -1.000000
vn -0.000000 -0.000000 -1.000000
vn 0.000000 0.000000 -1.000000
vn 0.000001 0.000000 -1.000000
vn -0.000000 -0.000000 -1.000000
vn 0.000000 0.000000 -1.000000
vn 0.000000 -0.000000 -1.000000
vn 0.000001 -0.000000 -1.000000
vn -0.000000 -0.000000 -1.000000
vn -0.000000 -0.000000 -1.000000
vn -0.000000 -0.000000 -1.000000
vn -0.000000 -0.000000 -1.000000
vn -0.000000 -0.000000 -1.000000
vn 0.000000 0.000000 -1.000000
vn 0.000000 0.000000 -1.000000
vn 0.000000 0.000000 -1.000000
vn 0.000000 0.000000 -1.000000
vn 0.000000 0.000000 -1.000000
vn 0.000000 0.000000 -1.000000
vn 0.000000 0.000000 -1.000000
vn -0.000000 -0.000000 -1.000000
vn -0.000000 -0.000000 -1.000000
vn 0.000000 0.000000 -1.000000
vn -0.000000 -0.000000 -1.000000
vn 0.000000 0.000000 -1.000000
vn -0.000000 -0.000000 -1.000000
vn -0.000000 -0.000000 -1.000000
vn 0.000000 0.000000 -1.000000
vn -0.000000 -0.000000 -1.000000
vn -0.000000 -0.000000 -1.000000
vn 0.000000 0.000000 -1.000000
vn 0.000000 0.000000 -1.000000
vn 0.000000 0.000000 -1.000000
vn 0.000000 0.000000 -1.000000
vn -0.000000 -0.000000 -1.000000
vn -0.000000 -0.000000 -1.000000
vn 0.000000 0.000000 -1.000000
vn -0.000000 -0.000000 -1.000000
vn -0.000000 -0.000000 -1.000000
vn -0.000000 -0.000000 -1.000000
vn 0.000000 0.000000 -1.000000
vn 0.000000 0.000000 -1.000000
vn 0.000000 0.000000 -1.000000
vn 0.000000 0.000000 -1.000000
vn -0.000000 -0.000000 -1.000000
vn -0.000000 -0.000000 -1.000000
vn 0.000000 0.000000 -1.000000
vn -0.000000 -0.000000 -1.000000
vn -0.000000 -0.000000 -1.000000
vn -0.000000 -0.000000 -1.000000
vn -0.000000 -0.000000 -1.000000
vn -0.000000 -0.000000 -1.000000
vn -0.000000 -0.000000 -1.000000
vn 0.000000 0.000000 -1.000000
vn 0.000000 0.000000 -1.000000
vn 0.000000 0.000000 -1.000000
vn -0.000000 -0.000000 -1.000000
vn -0.000000 -0.000000 -1.000000
vn -0.000000 -0.000000 -1.000000
vn -0.000000 -0.000000 -1.000000
vn 0.000000 0.000000 -1.000000
vn 0.000000 0.000000 -1.000000
vn 0.000000 0.000000 -1.000000
vn -0.000000 -0.000000 -1.000000
vn -0.000000 -0.000000 -1.000000
vn -0.000000 -0.000000 -1.000000
vn -0.000000 -0.000000 -1.000000
vn -0.000000 -0.000001 -1.000000
vn -0.000000 -0.000000 -1.000000
vn -0.000000 -0.000001 -1.000000
vn -0.000001 0.000000 -1.000000
vn -0.000000 0.000000 -1.000000
vn -0.000000 0.000000 -1.000000
vn -0.000000 0.000001 -1.000000
vn 0.000000 -0.000000 -1.000000
vn 0.000000 0.000000 -1.000000
vn -0.000000 -0.000000 -1.000000
vn 0.000000 0.000000 -1.000000
vn 0.000000 -0.000001 -1.000000
vn -0.000000 -0.000000 -1.000000
vn 0.000000 0.000000 -1.000000
vn -0.000000 -0.000000 -1.000000
vn 0.000000 0.000000 -1.000000
vn 0.000000 0.000000 -1.000000
vn 0.000000 0.000000 -1.000000
vn 0.000000 0.000000 -1.000000
vn 0.000000 0.000000 -1.000000
vn 0.000000 0.000000 -1.000000
vn 0.000000 0.000000 -1.000000
vn 0.000000 0.000000 -1.000000
vn 0.000000 0.000000 -1.000000
vn 0.000000 0.000000 -1.000000
vn -0.000000 -0.000000 -1.000000
vn 0.000000 0.000000 -1.000000
vn 0.000000 0.000000 -1.000000
vn -0.000000 -0.000000 -1.000000
vn 0.000000 0.000000 -1.000000
vn 0.000000 0.000000 -1.000000
vn 0.000000 0.000000 -1.000000
vn 0.000000 0.000001 -1.000000
vn 0.704348 -0.709855 -0.000000
vn 0.678550 -0.734554 0.000001
vn 0.678550 -0.734554 0.000001
vn 0.704348 -0.709855 -0.000000
vn 0.730192 -0.683242 -0.000001
vn 0.730192 -0.683242 -0.000001
vn 0.751073 -0.660219 -0.000000
vn 0.751073 -0.660219 -0.000000
vn 0.777579 -0.628785 0.000000
vn 0.777579 -0.628785 0.000000
vn 0.796616 -0.604486 0.000000
vn 0.796616 -0.604486 0.000000
vn 0.819782 -0.572675 0.000001
vn 0.819782 -0.572675 0.000001
vn 0.842319 -0.538979 0.000000
vn 0.842319 -0.538979 0.000000
vn -0.521525 -0.853236 0.000000
vn -0.395798 -0.918338 0.000000
vn -0.395798 -0.918338 0.000000
vn -0.521525 -0.853236 0.000000
vn 0.175395 -0.984498 -0.000001
vn 0.175395 -0.984498 -0.000001
vn 0.175395 -0.984498 -0.000001
vn 0.175395 -0.984498 -0.000001
vn -0.684179 -0.729314 0.000000
vn -0.684179 -0.729314 0.000000
vn -0.697237 -0.716841 0.000000
vn -0.697237 -0.716841 0.000000
vn -0.695536 -0.718491 -0.000000
vn -0.695536 -0.718491 -0.000000
vn -0.674765 -0.738033 -0.000000
vn -0.674765 -0.738033 -0.000000
vn -0.638358 -0.769739 0.000000
vn -0.638358 -0.769739 0.000000
vn -0.605084 -0.796161 0.000000
vn -0.605084 -0.796161 0.000000
vn -0.562618 -0.826717 0.000000
vn -0.562618 -0.826717 0.000000
vn -0.523144 -0.852244 0.000000
vn -0.523144 -0.852244 0.000000
vn -0.489986 -0.871730 0.000000
vn -0.489986 -0.871730 0.000000
vn -0.455713 -0.890127 -0.000001
vn -0.455713 -0.890127 -0.000001
vn -0.432863 -0.901460 -0.000001
vn -0.432863 -0.901460 -0.000001
vn -0.391096 -0.920350 -0.000000
vn -0.391096 -0.920350 -0.000000
vn -0.344674 -0.938722 -0.000000
vn -0.344674 -0.938722 -0.000000
vn -0.329266 -0.944237 -0.000001
vn -0.329266 -0.944237 -0.000001
vn -0.314786 -0.949163 -0.000000
vn -0.314786 -0.949163 -0.000000
vn -0.241624 -0.970370 -0.000000
vn -0.241624 -0.970370 -0.000000
vn -0.188176 -0.982135 -0.000001
vn -0.188176 -0.982135 -0.000001
vn -0.188177 -0.982135 -0.000001
vn -0.188177 -0.982135 -0.000001
vn -0.130643 -0.991429 -0.000001
vn -0.130643 -0.991429 -0.000001
vn -0.066321 -0.997798 -0.000000
vn -0.066321 -0.997798 -0.000000
vn -0.063855 -0.997959 -0.000000
vn -0.063855 -0.997959 -0.000000
vn -0.032569 -0.999469 -0.000001
vn -0.032569 -0.999469 -0.000001
vn 0.019214 -0.999815 -0.000002
vn 0.019214 -0.999815 -0.000002
vn 0.037050 -0.999313 -0.000001
vn 0.037050 -0.999313 -0.000001
vn 0.050308 -0.998734 -0.000001
vn 0.050308 -0.998734 -0.000001
vn 0.092876 -0.995678 -0.000000
vn 0.092876 -0.995678 -0.000000
vn 0.137612 -0.990486 0.000000
vn 0.137612 -0.990486 0.000000
vn 0.182128 -0.983275 0.000001
vn 0.182128 -0.983275 0.000001
vn 0.228509 -0.973542 0.000001
vn 0.228509 -0.973542 0.000001
vn 0.276170 -0.961109 0.000000
vn 0.276170 -0.961109 0.000000
vn 0.323560 -0.946208 0.000000
vn 0.323560 -0.946208 0.000000
vn 0.374023 -0.927420 0.000000
vn 0.374023 -0.927420 0.000000
vn 0.405234 -0.914213 0.000000
vn 0.405234 -0.914213 0.000000
vn 0.412295 -0.911050 0.000000
vn 0.412295 -0.911050 0.000000
vn 0.414634 -0.909988 0.000000
vn 0.414634 -0.909988 0.000000
vn 0.435860 -0.900014 0.000000
vn 0.435860 -0.900014 0.000000
vn 0.497638 -0.867385 0.000000
vn 0.497638 -0.867385 0.000000
vn 0.578129 -0.815946 0.000000
vn 0.578129 -0.815946 0.000000
vn 0.620889 -0.783898 0.000000
vn 0.620889 -0.783898 0.000000
vn 0.637347 -0.770577 0.000000
vn 0.637347 -0.770577 0.000000
vn 0.660203 -0.751087 0.000000
vn 0.660203 -0.751087 0.000000
vn 0.777292 -0.629140 -0.000001
vn 0.962181 -0.272411 -0.000000
vn 0.962181 -0.272411 -0.000000
vn 0.777292 -0.629141 -0.000001
vn 0.660131 -0.751151 -0.000001
vn 0.660131 -0.751151 -0.000001
vn 0.985000 0.172557 -0.000000
vn 0.984999 0.172558 -0.000000
vn 0.929658 0.368423 -0.000000
vn 0.941864 0.335994 0.000000
vn 0.941864 0.335994 0.000000
vn 0.929658 0.368423 -0.000000
vn 0.912515 0.409044 -0.000001
vn 0.912515 0.409044 -0.000001
vn 0.897373 0.441272 0.000000
vn 0.897373 0.441272 0.000000
vn -0.251946 -0.967741 0.000000
vn -0.228185 -0.973618 0.000000
vn -0.228185 -0.973618 0.000000
vn -0.251946 -0.967741 0.000000
vn -0.284316 -0.958731 0.000001
vn -0.284316 -0.958731 0.000001
vn -0.206451 -0.978457 0.000000
vn -0.206451 -0.978457 0.000000
vn -0.195613 -0.980681 0.000000
vn -0.195613 -0.980681 0.000000
vn -0.188423 -0.982088 0.000000
vn -0.188423 -0.982088 0.000000
vn -0.187214 -0.982319 0.000000
vn -0.187214 -0.982319 0.000000
vn -0.066652 -0.997776 0.000000
vn -0.066652 -0.997776 0.000000
vn 0.984571 -0.174985 -0.000000
vn 0.990825 -0.135148 -0.000000
vn 0.990825 -0.135148 -0.000000
vn 0.984571 -0.174985 -0.000000
vn 0.060515 -0.998167 0.000000
vn 0.060515 -0.998167 0.000000
vn 0.977883 -0.209153 0.000000
vn 0.977883 -0.209153 0.000000
vn 0.430249 0.902710 -0.000000
vn 0.379448 0.925213 0.000000
vn 0.379448 0.925213 0.000000
vn 0.430249 0.902710 -0.000000
vn 0.464294 0.885681 -0.000000
vn 0.464294 0.885681 -0.000000
vn 0.312067 0.950060 -0.000001
vn 0.312067 0.950060 -0.000001
vn 0.257747 0.966212 -0.000001
vn 0.257747 0.966212 -0.000001
vn 0.204202 0.978929 -0.000001
vn 0.204202 0.978929 -0.000001
vn 0.171306 0.985218 0.000000
vn 0.171306 0.985218 0.000000
vn 0.179611 0.983738 0.000002
vn 0.179611 0.983738 0.000002
vn 0.192315 0.981333 0.000001
vn 0.192315 0.981333 0.000001
vn 0.169449 0.985539 0.000000
vn 0.169449 0.985539 0.000000
vn 0.099604 0.995027 -0.000000
vn 0.099604 0.995027 -0.000000
vn 0.009789 0.999952 -0.000001
vn 0.009789 0.999952 -0.000001
vn -0.060083 0.998193 0.000000
vn -0.060083 0.998193 0.000000
vn -0.105698 0.994398 0.000000
vn -0.105698 0.994398 0.000000
vn -0.145596 0.989344 -0.000001
vn -0.145596 0.989344 -0.000001
vn -0.174950 0.984577 -0.000001
vn -0.174950 0.984577 -0.000001
vn -0.183113 0.983092 -0.000001
vn -0.183113 0.983092 -0.000001
vn -0.178841 0.983878 -0.000001
vn -0.178841 0.983878 -0.000001
vn -0.189427 0.981895 -0.000002
vn -0.189427 0.981895 -0.000002
vn -0.240347 0.970687 -0.000002
vn -0.240347 0.970687 -0.000002
vn -0.299107 0.954220 -0.000002
vn -0.299107 0.954220 -0.000002
vn -0.342029 0.939689 -0.000002
vn -0.342029 0.939689 -0.000002
vn -0.382626 0.923904 -0.000001
vn -0.382625 0.923904 -0.000001
vn -0.413379 0.910559 -0.000000
vn -0.413379 0.910559 -0.000000
vn -0.443951 0.896051 0.000000
vn -0.443951 0.896051 0.000000
vn -0.482971 0.875637 0.000001
vn -0.482971 0.875637 0.000001
vn -0.518283 0.855209 0.000001
vn -0.518283 0.855209 0.000001
vn -0.546682 0.837340 0.000000
vn -0.546682 0.837340 0.000000
vn -0.570476 0.821314 -0.000000
vn -0.570476 0.821314 -0.000000
vn -0.595314 0.803493 -0.000001
vn -0.595314 0.803493 -0.000001
vn -0.623872 0.781526 -0.000000
vn -0.623872 0.781526 -0.000000
vn -0.654229 0.756297 0.000000
vn -0.654229 0.756297 0.000000
vn -0.691192 0.722671 -0.000000
vn -0.691192 0.722671 -0.000000
vn -0.736851 0.676056 -0.000000
vn -0.736851 0.676056 -0.000000
vn -0.777179 0.629280 -0.000001
vn -0.777179 0.629279 -0.000001
vn -0.800557 0.599256 -0.000001
vn -0.800557 0.599256 -0.000001
vn -0.818852 0.574004 0.000000
vn -0.818852 0.574004 0.000000
vn -0.839237 0.543766 0.000001
vn -0.839237 0.543766 0.000001
vn -0.851172 0.524886 0.000000
vn -0.851172 0.524887 0.000000
vn -0.865679 0.500599 0.000000
vn -0.865679 0.500599 0.000000
vn -0.881440 0.472296 0.000000
vn -0.881440 0.472296 0.000000
vn -0.886368 0.462981 0.000001
vn -0.886368 0.462981 0.000001
vn -0.898045 0.439904 0.000000
vn -0.898045 0.439904 0.000000
vn 0.902282 -0.431145 0.000000
vn 0.880950 -0.473210 -0.000000
vn 0.880950 -0.473210 -0.000000
vn 0.902283 -0.431145 0.000000
vn 0.918787 -0.394754 0.000000
vn 0.918787 -0.394754 0.000000
vn -0.918650 0.395073 0.000000
vn -0.918650 0.395073 0.000000
vn 0.934584 -0.355743 -0.000000
vn 0.934584 -0.355743 -0.000000
vn -0.937378 0.348313 0.000001
vn -0.937378 0.348313 0.000001
vn 0.944157 -0.329497 -0.000001
vn 0.944157 -0.329497 -0.000001
vn -0.955130 0.296188 0.000001
vn -0.955130 0.296188 0.000001
vn 0.950235 -0.311535 -0.000000
vn 0.950234 -0.311535 -0.000000
vn -0.969584 0.244761 0.000000
vn -0.969584 0.244761 0.000000
vn 0.960920 -0.276825 0.000001
vn 0.960920 -0.276825 0.000001
vn -0.976767 0.214302 0.000000
vn -0.976767 0.214302 0.000000
vn 0.970129 -0.242589 0.000000
vn 0.970129 -0.242589 0.000000
vn -0.979202 0.202888 0.000000
vn -0.979202 0.202888 0.000000
vn 0.973130 -0.230256 0.000000
vn 0.973130 -0.230256 0.000000
vn -0.978887 0.204403 0.000000
vn -0.978887 0.204403 0.000000
vn 0.985716 -0.168419 -0.000000
vn 0.985716 -0.168418 -0.000000
vn -0.979858 0.199696 -0.000000
vn -0.979858 0.199696 -0.000000
vn 0.993567 -0.113242 -0.000000
vn 0.993567 -0.113242 -0.000000
vn -0.985272 0.170993 -0.000000
vn -0.985272 0.170993 -0.000000
vn 0.996062 -0.088666 0.000000
vn 0.996061 -0.088666 0.000000
vn -0.992323 0.123672 0.000001
vn -0.992323 0.123672 0.000001
vn 0.999565 -0.029502 0.000000
vn 0.999565 -0.029502 0.000000
vn -0.998116 0.061361 0.000001
vn -0.998116 0.061361 0.000001
vn 0.999997 0.002621 -0.000000
vn 0.999997 0.002621 -0.000000
vn -0.999957 -0.009293 0.000001
vn -0.999957 -0.009293 0.000001
vn 0.999164 0.040871 -0.000000
vn 0.999164 0.040871 -0.000000
vn -0.996977 -0.077696 0.000001
vn -0.996977 -0.077696 0.000001
vn 0.995480 0.094977 0.000000
vn 0.995480 0.094977 0.000000
vn -0.989756 -0.142771 0.000000
vn -0.989756 -0.142771 0.000000
vn 0.994090 0.108555 0.000000
vn 0.994090 0.108555 0.000000
vn -0.979700 -0.200469 -0.000000
vn -0.979700 -0.200469 -0.000000
vn 0.988541 0.150950 -0.000000
vn 0.988541 0.150950 -0.000000
vn -0.968894 -0.247477 -0.000000
vn -0.968894 -0.247477 -0.000000
vn 0.980894 0.194545 -0.000000
vn 0.980894 0.194545 -0.000000
vn -0.959385 -0.282099 -0.000000
vn -0.959385 -0.282099 -0.000000
vn 0.974464 0.224544 0.000001
vn 0.974464 0.224544 0.000001
vn -0.952315 -0.305117 -0.000001
vn -0.952315 -0.305117 -0.000001
vn 0.964629 0.263610 0.000000
vn 0.964629 0.263610 0.000000
vn -0.946459 -0.322824 -0.000000
vn -0.946459 -0.322824 -0.000000
vn 0.955296 0.295651 0.000000
vn 0.955296 0.295651 0.000000
vn -0.938238 -0.345990 0.000001
vn -0.938238 -0.345990 0.000001
vn -0.926579 -0.376101 0.000001
vn -0.926579 -0.376101 0.000001
vn -0.910477 -0.413559 0.000000
vn -0.910477 -0.413559 0.000000
vn -0.886582 -0.462571 -0.000000
vn -0.886582 -0.462571 -0.000000
vn -0.861981 -0.506941 -0.000000
vn -0.861981 -0.506941 -0.000000
vn -0.848375 -0.529395 -0.000000
vn -0.848375 -0.529395 -0.000000
vn -0.839396 -0.543520 0.000000
vn -0.839396 -0.543520 0.000000
vn -0.828762 -0.559601 0.000000
vn -0.828762 -0.559601 0.000000
vn -0.806909 -0.590675 0.000000
vn -0.806909 -0.590675 0.000000
vn -0.776983 -0.629521 0.000000
vn -0.776983 -0.629521 0.000000
vn -0.755376 -0.655292 0.000000
vn -0.755375 -0.655292 0.000000
vn -0.724096 -0.689699 0.000000
vn -0.724096 -0.689699 0.000000
vn -0.691941 -0.721954 0.000000
vn -0.691941 -0.721954 0.000000
vn -0.667114 -0.744956 -0.000000
vn -0.667114 -0.744956 -0.000000
vn -0.632694 -0.774402 -0.000000
vn -0.632694 -0.774402 -0.000000
vn -0.598072 -0.801442 -0.000000
vn -0.598072 -0.801442 -0.000000
vn -0.571487 -0.820611 0.000000
vn -0.571487 -0.820611 0.000000
vn -0.548166 -0.836370 -0.000000
vn -0.548165 -0.836370 -0.000000
vn -0.517500 -0.855683 -0.000000
vn -0.517501 -0.855683 -0.000000
vn -0.480942 -0.876752 -0.000000
vn -0.480942 -0.876752 -0.000000
vn -0.450305 -0.892875 -0.000000
vn -0.450305 -0.892875 -0.000000
vn -0.404688 -0.914455 -0.000001
vn -0.404688 -0.914455 -0.000001
vn -0.359307 -0.933219 -0.000000
vn -0.359307 -0.933219 -0.000000
vn -0.327591 -0.944819 0.000000
vn -0.327591 -0.944819 0.000000
vn 0.856019 0.516945 -0.000000
vn 0.751646 0.659566 0.000000
vn 0.751646 0.659566 0.000000
vn 0.856019 0.516945 -0.000000
vn 0.728492 0.685054 0.000000
vn 0.728492 0.685054 0.000000
vn 0.709001 0.705208 0.000001
vn 0.709001 0.705208 0.000001
vn 0.673994 0.738737 0.000000
vn 0.673994 0.738737 0.000000
vn 0.628919 0.777471 -0.000000
vn 0.628919 0.777471 -0.000000
vn 0.597327 0.801998 -0.000000
vn 0.597327 0.801998 -0.000000
vn 0.577558 0.816349 -0.000000
vn 0.577558 0.816349 -0.000000
vn 0.554428 0.832232 0.000000
vn 0.554428 0.832232 0.000000
vn 0.533411 0.845856 0.000000
vn 0.533411 0.845856 0.000000
vn 0.519125 0.854698 0.000000
vn 0.519125 0.854698 0.000000
vn 0.496949 0.867780 -0.000000
vn 0.496949 0.867780 -0.000000
vn 0.858030 -0.513599 -0.000000
vn 0.858030 -0.513599 -0.000000
vn 0.875352 0.483487 -0.000000
vn 0.875352 0.483487 -0.000000
vn 0.858437 0.512918 -0.000001
vn 0.858437 0.512918 -0.000001
vn 0.845963 0.533242 -0.000000
vn 0.845963 0.533242 -0.000000
vn 0.817075 0.576532 -0.000000
vn 0.817075 0.576532 -0.000000
vn 0.801694 0.597735 -0.000000
vn 0.801694 0.597735 -0.000000
vn 0.778803 0.627269 0.000000
vn 0.778803 0.627269 0.000000
vn 0.743631 0.668590 0.000001
vn 0.743631 0.668590 0.000001
vn 0.733765 0.679403 0.000001
vn 0.733765 0.679403 0.000001
vn 0.698318 0.715787 0.000001
vn 0.698318 0.715787 0.000001
vn 0.657486 0.753467 0.000000
vn 0.657486 0.753467 0.000000
vn 0.651899 0.758306 0.000000
vn 0.651899 0.758306 0.000000
vn 0.621565 0.783363 0.000001
vn 0.621565 0.783363 0.000001
vn 0.585858 0.810413 0.000002
vn 0.585858 0.810413 0.000002
vn 0.561875 0.827222 0.000001
vn 0.561875 0.827222 0.000001
vn 0.526264 0.850321 -0.000000
vn 0.526264 0.850321 -0.000000
vn 0.492974 0.870044 -0.000001
vn 0.492974 0.870044 -0.000001
vn 0.444165 0.895945 -0.000001
vn 0.444165 0.895945 -0.000001
vn 0.395182 0.918603 -0.000000
vn 0.395182 0.918603 -0.000000
vn 0.356659 0.934235 -0.000000
vn 0.356659 0.934235 -0.000000
vn 0.314771 0.949167 -0.000001
vn 0.314771 0.949168 -0.000001
vn 0.293610 0.955925 -0.000001
vn 0.293610 0.955925 -0.000001
vn 0.270964 0.962589 -0.000000
vn 0.270964 0.962589 -0.000000
vn 0.251081 0.967966 0.000001
vn 0.251081 0.967966 0.000001
vn 0.239107 0.970993 0.000001
vn 0.239107 0.970993 0.000001
vn 0.201412 0.979507 0.000001
vn 0.201412 0.979507 0.000001
vn 0.129588 0.991568 0.000001
vn 0.129588 0.991568 0.000001
vn 0.093511 0.995618 0.000001
vn 0.093511 0.995618 0.000001
vn 0.122274 0.992496 -0.000001
vn 0.122274 0.992496 -0.000001
vn 0.999967 -0.008183 0.000000
vn 0.999967 -0.008183 0.000000
vn 0.986127 0.165990 -0.000000
vn 0.986127 0.165990 -0.000000
vn 0.965682 0.259726 -0.000001
vn 0.965682 0.259726 -0.000001
vn 0.154637 0.987971 -0.000002
vn 0.154637 0.987971 -0.000002
s 1
g logo muscl
usemtl blinn2SG
f 3251//3505 3252//3506 3253//3507 3254//3508
f 3251//3505 3255//3509 3256//3510 3252//3506
f 3251//3505 3257//3511 3258//3512 3255//3509
f 3251//3505 3254//3508 3259//3513 3257//3511
f 3252//3506 3260//3514 3261//3515 3253//3507
f 3252//3506 3256//3510 3262//3516 3260//3514
f 3260//3514 3263//3517 3264//3518 3261//3515
f 3260//3514 3262//3516 3265//3519 3263//3517
f 3263//3517 3266//3520 3267//3521 3264//3518
f 3263//3517 3265//3519 3268//3522 3266//3520
f 3266//3520 3269//3523 3270//3524 3267//3521
f 3266//3520 3268//3522 3271//3525 3269//3523
f 3269//3523 3272//3526 3273//3527 3270//3524
f 3269//3523 3271//3525 3274//3528 3272//3526
f 3272//3526 3275//3529 3276//3530 3273//3527
f 3272//3526 3274//3528 3277//3531 3275//3529
f 3275//3529 3278//3532 3279//3533 3276//3530
f 3275//3529 3277//3531 3280//3534 3278//3532
f 3278//3532 3280//3534 3281//3535 3282//3536
f 3278//3532 3282//3536 3283//3537 3279//3533
f 3282//3536 3281//3535 3284//3538 3285//3539
f 3282//3536 3285//3539 3286//3540 3283//3537
f 3285//3539 3284//3538 3287//3541 3288//3542
f 3285//3539 3288//3542 3289//3543 3286//3540
f 3288//3542 3287//3541 3290//3544 3291//3545
f 3288//3542 3291//3545 3292//3546 3289//3543
f 3291//3545 3290//3544 3293//3547 3294//3548
f 3291//3545 3294//3548 3295//3549 3292//3546
f 3294//3548 3293//3547 3296//3550 3297//3551
f 3294//3548 3297//3551 3298//3552 3295//3549
f 3297//3551 3296//3550 3299//3553 3300//3554
f 3297//3551 3300//3554 3301//3555 3298//3552
f 3300//3554 3299//3553 3302//3556 3303//3557
f 3300//3554 3303//3557 3304//3558 3301//3555
f 3305//3559 3306//3560 3307//3561 3308//3562
f 3305//3559 3309//3563 3310//3564 3306//3560
f 3305//3559 3311//3565 3312//3566 3309//3563
f 3305//3559 3308//3562 3313//3567 3311//3565
f 3309//3563 3314//3568 3315//3569 3310//3564
f 3309//3563 3312//3566 3316//3570 3314//3568
f 3314//3568 3317//3571 3318//3572 3315//3569
f 3314//3568 3316//3570 3319//3573 3317//3571
f 3317//3571 3320//3574 3321//3575 3318//3572
f 3317//3571 3319//3573 3322//3576 3320//3574
f 3320//3574 3323//3577 3324//3578 3321//3575
f 3320//3574 3322//3576 3325//3579 3323//3577
f 3323//3577 3325//3579 3326//3580 3327//3581
f 3323//3577 3327//3581 3328//3582 3324//3578
f 3327//3581 3326//3580 3329//3583 3330//3584
f 3327//3581 3330//3584 3331//3585 3328//3582
f 3330//3584 3329//3583 3332//3586 3333//3587
f 3330//3584 3333//3587 3334//3588 3331//3585
f 3333//3587 3332//3586 3335//3589 3336//3590
f 3333//3587 3336//3590 3337//3591 3334//3588
f 3336//3590 3335//3589 3338//3592 3339//3593
f 3336//3590 3339//3593 3340//3594 3337//3591
f 3339//3593 3338//3592 3341//3595 3342//3596
f 3339//3593 3342//3596 3343//3597 3340//3594
f 3342//3596 3341//3595 3344//3598 3345//3599
f 3342//3596 3345//3599 3346//3600 3343//3597
f 3345//3599 3344//3598 3347//3601 3348//3602
f 3345//3599 3348//3602 3349//3603 3346//3600
f 3350//3604 3351//3605 3352//3606 3353//3607
f 3350//3604 3354//3608 3355//3609 3351//3605
f 3350//3604 3356//3610 3357//3611 3354//3608
f 3350//3604 3353//3607 3358//3612 3356//3610
f 3353//3607 3352//3606 3359//3613 3360//3614
f 3353//3607 3360//3614 3361//3615 3358//3612
f 3360//3614 3359//3613 3362//3616 3363//3617
f 3360//3614 3363//3617 3364//3618 3361//3615
f 3363//3617 3362//3616 3365//3619 3366//3620
f 3363//3617 3366//3620 3367//3621 3364//3618
f 3366//3620 3365//3619 3368//3622 3369//3623
f 3366//3620 3369//3623 3370//3624 3367//3621
f 3369//3623 3368//3622 3371//3625 3372//3626
f 3369//3623 3372//3626 3373//3627 3370//3624
f 3254//3508 3253//3507 3374//3628 3375//3629
f 3254//3508 3375//3629 3376//3630 3259//3513
f 3375//3629 3374//3628 3377//3631 3378//3632
f 3375//3629 3378//3632 3379//3633 3376//3630
f 3253//3507 3261//3515 3380//3634 3374//3628
f 3374//3628 3380//3634 3381//3635 3377//3631
f 3261//3515 3264//3518 3382//3636 3380//3634
f 3380//3634 3382//3636 3383//3637 3381//3635
f 3264//3518 3267//3521 3384//3638 3382//3636
f 3382//3636 3384//3638 3385//3639 3383//3637
f 3267//3521 3270//3524 3386//3640 3384//3638
f 3384//3638 3386//3640 3387//3641 3385//3639
f 3270//3524 3273//3527 3388//3642 3386//3640
f 3386//3640 3388//3642 3389//3643 3387//3641
f 3273//3527 3276//3530 3390//3644 3388//3642
f 3388//3642 3390//3644 3391//3645 3389//3643
f 3276//3530 3279//3533 3392//3646 3390//3644
f 3390//3644 3392//3646 3393//3647 3391//3645
f 3279//3533 3283//3537 3394//3648 3392//3646
f 3392//3646 3394//3648 3395//3649 3393//3647
f 3283//3537 3286//3540 3396//3650 3394//3648
f 3394//3648 3396//3650 3397//3651 3395//3649
f 3286//3540 3289//3543 3398//3652 3396//3650
f 3396//3650 3398//3652 3399//3653 3397//3651
f 3289//3543 3292//3546 3400//3654 3398//3652
f 3398//3652 3400//3654 3401//3655 3399//3653
f 3292//3546 3295//3549 3402//3656 3400//3654
f 3400//3654 3402//3656 3403//3657 3401//3655
f 3295//3549 3298//3552 3404//3658 3402//3656
f 3402//3656 3404//3658 3405//3659 3403//3657
f 3298//3552 3301//3555 3406//3660 3404//3658
f 3404//3658 3406//3660 3407//3661 3405//3659
f 3301//3555 3304//3558 3408//3662 3406//3660
f 3406//3660 3408//3662 3409//3663 3407//3661
f 3304//3558 3410//3664 3411//3665 3408//3662
f 3304//3558 3303//3557 3412//3666 3410//3664
f 3408//3662 3411//3665 3413//3667 3409//3663
f 3410//3664 3414//3668 3415//3669 3411//3665
f 3410//3664 3412//3666 3416//3670 3414//3668
f 3411//3665 3415//3669 3417//3671 3413//3667
f 3414//3668 3308//3562 3307//3561 3415//3669
f 3414//3668 3416//3670 3313//3567 3308//3562
f 3415//3669 3307//3561 3418//3672 3417//3671
f 3307//3561 3306//3560 3419//3673 3418//3672
f 3306//3560 3310//3564 3420//3674 3419//3673
f 3310//3564 3315//3569 3421//3675 3420//3674
f 3315//3569 3318//3572 3422//3676 3421//3675
f 3318//3572 3321//3575 3423//3677 3422//3676
f 3321//3575 3324//3578 3424//3678 3423//3677
f 3324//3578 3328//3582 3425//3679 3424//3678
f 3328//3582 3331//3585 3426//3680 3425//3679
f 3331//3585 3334//3588 3427//3681 3426//3680
f 3334//3588 3337//3591 3428//3682 3427//3681
f 3337//3591 3340//3594 3429//3683 3428//3682
f 3340//3594 3343//3597 3430//3684 3429//3683
f 3343//3597 3346//3600 3431//3685 3430//3684
f 3346//3600 3349//3603 3432//3686 3431//3685
f 3349//3603 3433//3687 3434//3688 3432//3686
f 3349//3603 3348//3602 3435//3689 3433//3687
f 3433//3687 3436//3690 3437//3691 3434//3688
f 3433//3687 3435//3689 3438//3692 3436//3690
f 3436//3690 3439//3693 3440//3694 3437//3691
f 3436//3690 3438//3692 3441//3695 3439//3693
f 3439//3693 3442//3696 3443//3697 3440//3694
f 3439//3693 3441//3695 3444//3698 3442//3696
f 3442//3696 3445//3699 3446//3700 3443//3697
f 3442//3696 3444//3698 3447//3701 3445//3699
f 3445//3699 3448//3702 3449//3703 3446//3700
f 3445//3699 3447//3701 3450//3704 3448//3702
f 3448//3702 3451//3705 3452//3706 3449//3703
f 3448//3702 3450//3704 3453//3707 3451//3705
f 3451//3705 3454//3708 3455//3709 3452//3706
f 3451//3705 3453//3707 3456//3710 3454//3708
f 3454//3708 3457//3711 3458//3712 3455//3709
f 3454//3708 3456//3710 3459//3713 3457//3711
f 3457//3711 3459//3713 3355//3609 3354//3608
f 3457//3711 3354//3608 3357//3611 3458//3712
f 3259//3513 3460//3714 3461//3715 3257//3511
f 3259//3513 3376//3630 3379//3633 3460//3714
f 3257//3511 3461//3715 3462//3716 3258//3512
f 3463//3717 3464//3718 3465//3719 3466//3720
f 3463//3717 3467//3721 3468//3722 3464//3718
f 3463//3717 3469//3723 3470//3724 3467//3721
f 3463//3717 3466//3720 3471//3725 3469//3723
f 3466//3720 3465//3719 3472//3726 3473//3727
f 3466//3720 3473//3727 3474//3728 3471//3725
f 3475//3729 3476//3730 3477//3731 3478//3732
f 3475//3729 3479//3733 3480//3734 3476//3730
f 3475//3729 3481//3735 3482//3736 3479//3733
f 3475//3729 3478//3732 3483//3737 3481//3735
f 3478//3732 3477//3731 3484//3738 3485//3739
f 3478//3732 3485//3739 3486//3740 3483//3737
f 3485//3739 3484//3738 3487//3741 3488//3742
f 3485//3739 3488//3742 3489//3743 3486//3740
f 3488//3742 3487//3741 3490//3744 3491//3745
f 3488//3742 3491//3745 3492//3746 3489//3743
f 3491//3745 3493//3747 3494//3748 3492//3746
f 3491//3745 3490//3744 3495//3749 3493//3747
f 3496//3750 3497//3751 3498//3752 3499//3753
f 3496//3750 3500//3754 3501//3755 3497//3751
f 3496//3750 3502//3756 3503//3757 3500//3754
f 3496//3750 3499//3753 3504//3758 3502//3756
f 3499//3753 3498//3752 3505//3759 3506//3760
f 3499//3753 3506//3760 3507//3761 3504//3758
f 3506//3760 3505//3759 3508//3762 3509//3763
f 3506//3760 3509//3763 3510//3764 3507//3761
f 3509//3763 3508//3762 3511//3765 3512//3766
f 3509//3763 3512//3766 3513//3767 3510//3764
f 3512//3766 3514//3768 3515//3769 3513//3767
f 3512//3766 3511//3765 3516//3770 3514//3768
f 3514//3768 3517//3771 3518//3772 3515//3769
f 3514//3768 3516//3770 3519//3773 3517//3771
f 3517//3771 3520//3774 3521//3775 3518//3772
f 3517//3771 3519//3773 3522//3776 3520//3774
f 3523//3777 3524//3778 3525//3779 3526//3780
f 3523//3777 3522//3776 3527//3781 3524//3778
f 3523//3777 3528//3782 3520//3774 3522//3776
f 3523//3777 3526//3780 3529//3783 3528//3782
f 3526//3780 3525//3779 3530//3784 3531//3785
f 3526//3780 3531//3785 3532//3786 3529//3783
f 3531//3785 3530//3784 3533//3787 3534//3788
f 3531//3785 3534//3788 3535//3789 3532//3786
f 3534//3788 3533//3787 3536//3790 3537//3791
f 3534//3788 3537//3791 3538//3792 3535//3789
f 3537//3791 3539//3793 3540//3794 3538//3792
f 3537//3791 3536//3790 3541//3795 3539//3793
f 3539//3793 3542//3796 3543//3797 3540//3794
f 3539//3793 3541//3795 3544//3798 3542//3796
f 3542//3796 3545//3799 3546//3800 3543//3797
f 3542//3796 3544//3798 3547//3801 3545//3799
f 3293//3547 3548//3802 3549//3803 3296//3550
f 3293//3547 3290//3544 3550//3804 3548//3802
f 3296//3550 3549//3803 3551//3805 3299//3553
f 3299//3553 3551//3805 3552//3806 3302//3556
f 3302//3556 3553//3807 3412//3666 3303//3557
f 3302//3556 3552//3806 3554//3808 3553//3807
f 3553//3807 3555//3809 3416//3670 3412//3666
f 3553//3807 3554//3808 3556//3810 3555//3809
f 3555//3809 3557//3811 3313//3567 3416//3670
f 3555//3809 3556//3810 3558//3812 3557//3811
f 3557//3811 3559//3813 3311//3565 3313//3567
f 3557//3811 3558//3812 3560//3814 3559//3813
f 3559//3813 3561//3815 3312//3566 3311//3565
f 3559//3813 3560//3814 3562//3816 3561//3815
f 3561//3815 3563//3817 3316//3570 3312//3566
f 3561//3815 3562//3816 3564//3818 3563//3817
f 3563//3817 3565//3819 3319//3573 3316//3570
f 3563//3817 3564//3818 3566//3820 3565//3819
f 3565//3819 3567//3821 3322//3576 3319//3573
f 3565//3819 3566//3820 3568//3822 3567//3821
f 3567//3821 3569//3823 3325//3579 3322//3576
f 3567//3821 3568//3822 3570//3824 3569//3823
f 3569//3823 3571//3825 3326//3580 3325//3579
f 3569//3823 3570//3824 3572//3826 3571//3825
f 3571//3825 3573//3827 3329//3583 3326//3580
f 3571//3825 3572//3826 3574//3828 3573//3827
f 3573//3827 3575//3829 3332//3586 3329//3583
f 3573//3827 3574//3828 3576//3830 3575//3829
f 3575//3829 3577//3831 3335//3589 3332//3586
f 3575//3829 3576//3830 3578//3832 3577//3831
f 3577//3831 3579//3833 3338//3592 3335//3589
f 3577//3831 3578//3832 3580//3834 3579//3833
f 3579//3833 3581//3835 3341//3595 3338//3592
f 3579//3833 3580//3834 3582//3836 3581//3835
f 3581//3835 3583//3837 3344//3598 3341//3595
f 3581//3835 3582//3836 3584//3838 3583//3837
f 3583//3837 3585//3839 3347//3601 3344//3598
f 3583//3837 3584//3838 3586//3840 3585//3839
f 3585//3839 3587//3841 3588//3842 3347//3601
f 3585//3839 3586//3840 3589//3843 3587//3841
f 3347//3601 3588//3842 3435//3689 3348//3602
f 3587//3841 3590//3844 3591//3845 3588//3842
f 3587//3841 3589//3843 3592//3846 3590//3844
f 3588//3842 3591//3845 3438//3692 3435//3689
f 3590//3844 3593//3847 3594//3848 3591//3845
f 3590//3844 3592//3846 3595//3849 3593//3847
f 3591//3845 3594//3848 3441//3695 3438//3692
f 3593//3847 3596//3850 3597//3851 3594//3848
f 3593//3847 3595//3849 3598//3852 3596//3850
f 3594//3848 3597//3851 3444//3698 3441//3695
f 3596//3850 3599//3853 3600//3854 3597//3851
f 3596//3850 3598//3852 3601//3855 3599//3853
f 3597//3851 3600//3854 3447//3701 3444//3698
f 3599//3853 3602//3856 3603//3857 3600//3854
f 3599//3853 3601//3855 3604//3858 3602//3856
f 3600//3854 3603//3857 3450//3704 3447//3701
f 3602//3856 3605//3859 3606//3860 3603//3857
f 3602//3856 3604//3858 3607//3861 3605//3859
f 3603//3857 3606//3860 3453//3707 3450//3704
f 3605//3859 3608//3862 3609//3863 3606//3860
f 3605//3859 3607//3861 3610//3864 3608//3862
f 3606//3860 3609//3863 3456//3710 3453//3707
f 3608//3862 3611//3865 3612//3866 3609//3863
f 3608//3862 3610//3864 3613//3867 3611//3865
f 3609//3863 3612//3866 3459//3713 3456//3710
f 3611//3865 3614//3868 3615//3869 3612//3866
f 3611//3865 3613//3867 3616//3870 3614//3868
f 3612//3866 3615//3869 3355//3609 3459//3713
f 3614//3868 3617//3871 3618//3872 3615//3869
f 3614//3868 3616//3870 3619//3873 3617//3871
f 3615//3869 3618//3872 3351//3605 3355//3609
f 3617//3871 3620//3874 3621//3875 3618//3872
f 3617//3871 3619//3873 3622//3876 3620//3874
f 3618//3872 3621//3875 3352//3606 3351//3605
f 3620//3874 3623//3877 3624//3878 3621//3875
f 3620//3874 3622//3876 3625//3879 3623//3877
f 3621//3875 3624//3878 3359//3613 3352//3606
f 3623//3877 3626//3880 3627//3881 3624//3878
f 3623//3877 3625//3879 3628//3882 3626//3880
f 3624//3878 3627//3881 3362//3616 3359//3613
f 3626//3880 3629//3883 3630//3884 3627//3881
f 3626//3880 3628//3882 3631//3885 3629//3883
f 3627//3881 3630//3884 3365//3619 3362//3616
f 3629//3883 3632//3886 3633//3887 3630//3884
f 3629//3883 3631//3885 3634//3888 3632//3886
f 3630//3884 3633//3887 3368//3622 3365//3619
f 3632//3886 3635//3889 3636//3890 3633//3887
f 3632//3886 3634//3888 3637//3891 3635//3889
f 3633//3887 3636//3890 3371//3625 3368//3622
f 3635//3889 3638//3892 3639//3893 3636//3890
f 3635//3889 3637//3891 3640//3894 3638//3892
f 3636//3890 3639//3893 3641//3895 3371//3625
f 3371//3625 3641//3895 3642//3896 3372//3626
f 3638//3892 3643//3897 3644//3898 3639//3893
f 3638//3892 3640//3894 3645//3899 3643//3897
f 3639//3893 3644//3898 3646//3900 3641//3895
f 3641//3895 3646//3900 3647//3901 3642//3896
f 3643//3897 3648//3902 3649//3903 3644//3898
f 3643//3897 3645//3899 3650//3904 3648//3902
f 3644//3898 3649//3903 3651//3905 3646//3900
f 3646//3900 3651//3905 3652//3906 3647//3901
f 3648//3902 3653//3907 3654//3908 3649//3903
f 3648//3902 3650//3904 3655//3909 3653//3907
f 3649//3903 3654//3908 3656//3910 3651//3905
f 3651//3905 3656//3910 3657//3911 3652//3906
f 3652//3906 3658//3912 3659//3913 3647//3901
f 3652//3906 3657//3911 3660//3914 3658//3912
f 3653//3907 3661//3915 3662//3916 3654//3908
f 3653//3907 3655//3909 3663//3917 3661//3915
f 3654//3908 3662//3916 3664//3918 3656//3910
f 3656//3910 3664//3918 3665//3919 3657//3911
f 3657//3911 3665//3919 3666//3920 3660//3914
f 3661//3915 3667//3921 3668//3922 3662//3916
f 3661//3915 3663//3917 3669//3923 3667//3921
f 3662//3916 3668//3922 3670//3924 3664//3918
f 3664//3918 3670//3924 3671//3925 3665//3919
f 3665//3919 3671//3925 3672//3926 3666//3920
f 3667//3921 3673//3927 3674//3928 3668//3922
f 3667//3921 3669//3923 3675//3929 3673//3927
f 3668//3922 3674//3928 3676//3930 3670//3924
f 3670//3924 3676//3930 3677//3931 3671//3925
f 3671//3925 3677//3931 3678//3932 3672//3926
f 3673//3927 3679//3933 3680//3934 3674//3928
f 3673//3927 3675//3929 3681//3935 3679//3933
f 3674//3928 3680//3934 3682//3936 3676//3930
f 3676//3930 3682//3936 3683//3937 3677//3931
f 3677//3931 3683//3937 3684//3938 3678//3932
f 3679//3933 3685//3939 3686//3940 3680//3934
f 3679//3933 3681//3935 3687//3941 3685//3939
f 3680//3934 3686//3940 3688//3942 3682//3936
f 3682//3936 3688//3942 3689//3943 3683//3937
f 3683//3937 3689//3943 3690//3944 3684//3938
f 3685//3939 3691//3945 3692//3946 3686//3940
f 3685//3939 3687//3941 3693//3947 3691//3945
f 3686//3940 3692//3946 3694//3948 3688//3942
f 3688//3942 3694//3948 3695//3949 3689//3943
f 3689//3943 3695//3949 3696//3950 3690//3944
f 3691//3945 3697//3951 3698//3952 3692//3946
f 3691//3945 3693//3947 3699//3953 3697//3951
f 3692//3946 3698//3952 3700//3954 3694//3948
f 3694//3948 3700//3954 3701//3955 3695//3949
f 3695//3949 3701//3955 3702//3956 3696//3950
f 3697//3951 3703//3957 3704//3958 3698//3952
f 3697//3951 3699//3953 3705//3959 3703//3957
f 3698//3952 3704//3958 3706//3960 3700//3954
f 3700//3954 3706//3960 3707//3961 3701//3955
f 3701//3955 3707//3961 3708//3962 3702//3956
f 3703//3957 3709//3963 3710//3964 3704//3958
f 3703//3957 3705//3959 3711//3965 3709//3963
f 3704//3958 3710//3964 3712//3966 3706//3960
f 3706//3960 3712//3966 3713//3967 3707//3961
f 3707//3961 3713//3967 3714//3968 3708//3962
f 3709//3963 3715//3969 3716//3970 3710//3964
f 3709//3963 3711//3965 3717//3971 3715//3969
f 3710//3964 3716//3970 3718//3972 3712//3966
f 3712//3966 3718//3972 3719//3973 3713//3967
f 3713//3967 3719//3973 3720//3974 3714//3968
f 3715//3969 3721//3975 3722//3976 3716//3970
f 3715//3969 3717//3971 3723//3977 3721//3975
f 3716//3970 3722//3976 3724//3978 3718//3972
f 3718//3972 3724//3978 3725//3979 3719//3973
f 3719//3973 3725//3979 3726//3980 3720//3974
f 3721//3975 3727//3981 3728//3982 3722//3976
f 3721//3975 3723//3977 3729//3983 3727//3981
f 3722//3976 3728//3982 3730//3984 3724//3978
f 3724//3978 3730//3984 3731//3985 3725//3979
f 3725//3979 3731//3985 3732//3986 3726//3980
f 3727//3981 3733//3987 3734//3988 3728//3982
f 3727//3981 3729//3983 3735//3989 3733//3987
f 3728//3982 3734//3988 3736//3990 3730//3984
f 3730//3984 3736//3990 3737//3991 3731//3985
f 3731//3985 3737//3991 3738//3992 3732//3986
f 3733//3987 3739//3993 3740//3994 3734//3988
f 3733//3987 3735//3989 3741//3995 3739//3993
f 3734//3988 3740//3994 3742//3996 3736//3990
f 3736//3990 3742//3996 3743//3997 3737//3991
f 3737//3991 3743//3997 3744//3998 3738//3992
f 3739//3993 3745//3999 3746//4000 3740//3994
f 3739//3993 3741//3995 3747//4001 3745//3999
f 3740//3994 3746//4000 3748//4002 3742//3996
f 3742//3996 3748//4002 3749//4003 3743//3997
f 3743//3997 3749//4003 3750//4004 3744//3998
f 3745//3999 3751//4005 3752//4006 3746//4000
f 3745//3999 3747//4001 3753//4007 3751//4005
f 3746//4000 3752//4006 3754//4008 3748//4002
f 3748//4002 3754//4008 3755//4009 3749//4003
f 3749//4003 3755//4009 3756//4010 3750//4004
f 3751//4005 3757//4011 3758//4012 3752//4006
f 3751//4005 3753//4007 3759//4013 3757//4011
f 3752//4006 3758//4012 3760//4014 3754//4008
f 3754//4008 3760//4014 3761//4015 3755//4009
f 3755//4009 3761//4015 3762//4016 3756//4010
f 3757//4011 3763//4017 3764//4018 3758//4012
f 3757//4011 3759//4013 3765//4019 3763//4017
f 3758//4012 3764//4018 3766//4020 3760//4014
f 3760//4014 3766//4020 3767//4021 3761//4015
f 3761//4015 3767//4021 3768//4022 3762//4016
f 3763//4017 3769//4023 3770//4024 3764//4018
f 3763//4017 3765//4019 3771//4025 3769//4023
f 3764//4018 3770//4024 3772//4026 3766//4020
f 3766//4020 3772//4026 3773//4027 3767//4021
f 3767//4021 3773//4027 3774//4028 3768//4022
f 3769//4023 3775//4029 3776//4030 3770//4024
f 3769//4023 3771//4025 3777//4031 3775//4029
f 3770//4024 3776//4030 3468//3722 3772//4026
f 3772//4026 3468//3722 3467//3721 3773//4027
f 3773//4027 3467//3721 3470//3724 3774//4028
f 3775//4029 3778//4032 3779//4033 3776//4030
f 3775//4029 3777//4031 3780//4034 3778//4032
f 3776//4030 3779//4033 3464//3718 3468//3722
f 3778//4032 3781//4035 3782//4036 3779//4033
f 3778//4032 3780//4034 3783//4037 3781//4035
f 3779//4033 3782//4036 3465//3719 3464//3718
f 3781//4035 3784//4038 3785//4039 3782//4036
f 3781//4035 3783//4037 3786//4040 3784//4038
f 3782//4036 3785//4039 3472//3726 3465//3719
f 3784//4038 3787//4041 3788//4042 3785//4039
f 3784//4038 3786//4040 3789//4043 3787//4041
f 3785//4039 3788//4042 3790//4044 3472//3726
f 3472//3726 3790//4044 3791//4045 3473//3727
f 3787//4041 3792//4046 3793//4047 3788//4042
f 3787//4041 3789//4043 3794//4048 3792//4046
f 3788//4042 3793//4047 3795//4049 3790//4044
f 3790//4044 3795//4049 3796//4050 3791//4045
f 3792//4046 3797//4051 3798//4052 3793//4047
f 3792//4046 3794//4048 3799//4053 3797//4051
f 3793//4047 3798//4052 3800//4054 3795//4049
f 3795//4049 3800//4054 3801//4055 3796//4050
f 3797//4051 3802//4056 3803//4057 3798//4052
f 3797//4051 3799//4053 3804//4058 3802//4056
f 3798//4052 3803//4057 3805//4059 3800//4054
f 3800//4054 3805//4059 3806//4060 3801//4055
f 3802//4056 3807//4061 3480//3734 3803//4057
f 3802//4056 3804//4058 3808//4062 3807//4061
f 3803//4057 3480//3734 3479//3733 3805//4059
f 3805//4059 3479//3733 3482//3736 3806//4060
f 3807//4061 3809//4063 3476//3730 3480//3734
f 3807//4061 3808//4062 3810//4064 3809//4063
f 3809//4063 3811//4065 3477//3731 3476//3730
f 3809//4063 3810//4064 3812//4066 3811//4065
f 3811//4065 3813//4067 3484//3738 3477//3731
f 3811//4065 3812//4066 3814//4068 3813//4067
f 3813//4067 3815//4069 3487//3741 3484//3738
f 3813//4067 3814//4068 3816//4070 3815//4069
f 3815//4069 3817//4071 3490//3744 3487//3741
f 3815//4069 3816//4070 3818//4072 3817//4071
f 3817//4071 3819//4073 3495//3749 3490//3744
f 3817//4071 3818//4072 3820//4074 3819//4073
f 3819//4073 3821//4075 3822//4076 3495//3749
f 3819//4073 3820//4074 3823//4077 3821//4075
f 3495//3749 3822//4076 3824//4078 3493//3747
f 3821//4075 3501//3755 3500//3754 3822//4076
f 3821//4075 3823//4077 3825//4079 3501//3755
f 3822//4076 3500//3754 3503//3757 3824//4078
f 3501//3755 3825//4079 3826//4080 3497//3751
f 3497//3751 3826//4080 3827//4081 3498//3752
f 3498//3752 3827//4081 3828//4082 3505//3759
f 3505//3759 3828//4082 3829//4083 3508//3762
f 3508//3762 3829//4083 3830//4084 3511//3765
f 3511//3765 3830//4084 3831//4085 3516//3770
f 3516//3770 3831//4085 3832//4086 3519//3773
f 3519//3773 3832//4086 3527//3781 3522//3776
f 3255//3509 3833//4087 3834//4088 3256//3510
f 3255//3509 3258//3512 3462//3716 3833//4087
f 3256//3510 3834//4088 3835//4089 3262//3516
f 3262//3516 3835//4089 3836//4090 3265//3519
f 3265//3519 3836//4090 3837//4091 3268//3522
f 3268//3522 3837//4091 3838//4092 3271//3525
f 3271//3525 3838//4092 3839//4093 3274//3528
f 3274//3528 3839//4093 3840//4094 3277//3531
f 3277//3531 3840//4094 3841//4095 3280//3534
f 3280//3534 3841//4095 3842//4096 3281//3535
f 3281//3535 3842//4096 3843//4097 3284//3538
f 3284//3538 3843//4097 3844//4098 3287//3541
f 3287//3541 3844//4098 3550//3804 3290//3544
f 3372//3626 3642//3896 3845//4099 3373//3627
f 3642//3896 3647//3901 3659//3913 3845//4099
f 3473//3727 3791//4045 3846//4100 3474//3728
f 3791//4045 3796//4050 3847//4101 3846//4100
f 3796//4050 3801//4055 3848//4102 3847//4101
f 3801//4055 3806//4060 3849//4103 3848//4102
f 3806//4060 3482//3736 3850//4104 3849//4103
f 3482//3736 3481//3735 3851//4105 3850//4104
f 3481//3735 3483//3737 3852//4106 3851//4105
f 3483//3737 3486//3740 3853//4107 3852//4106
f 3486//3740 3489//3743 3854//4108 3853//4107
f 3489//3743 3492//3746 3855//4109 3854//4108
f 3492//3746 3494//3748 3856//4110 3855//4109
f 3493//3747 3824//4078 3857//4111 3494//3748
f 3494//3748 3857//4111 3858//4112 3856//4110
f 3824//4078 3503//3757 3859//4113 3857//4111
f 3857//4111 3859//4113 3860//4114 3858//4112
f 3503//3757 3502//3756 3861//4115 3859//4113
f 3859//4113 3861//4115 3862//4116 3860//4114
f 3502//3756 3504//3758 3863//4117 3861//4115
f 3861//4115 3863//4117 3864//4118 3862//4116
f 3504//3758 3507//3761 3865//4119 3863//4117
f 3863//4117 3865//4119 3866//4120 3864//4118
f 3507//3761 3510//3764 3867//4121 3865//4119
f 3865//4119 3867//4121 3868//4122 3866//4120
f 3510//3764 3513//3767 3869//4123 3867//4121
f 3867//4121 3869//4123 3870//4124 3868//4122
f 3513//3767 3515//3769 3871//4125 3869//4123
f 3869//4123 3871//4125 3872//4126 3870//4124
f 3515//3769 3518//3772 3873//4127 3871//4125
f 3871//4125 3873//4127 3874//4128 3872//4126
f 3518//3772 3521//3775 3875//4129 3873//4127
f 3873//4127 3875//4129 3876//4130 3874//4128
f 3520//3774 3528//3782 3877//4131 3521//3775
f 3521//3775 3877//4131 3878//4132 3875//4129
f 3875//4129 3878//4132 3879//4133 3876//4130
f 3528//3782 3529//3783 3880//4134 3877//4131
f 3877//4131 3880//4134 3881//4135 3878//4132
f 3878//4132 3881//4135 3882//4136 3879//4133
f 3529//3783 3532//3786 3883//4137 3880//4134
f 3880//4134 3883//4137 3884//4138 3881//4135
f 3881//4135 3884//4138 3885//4139 3882//4136
f 3532//3786 3535//3789 3886//4140 3883//4137
f 3883//4137 3886//4140 3887//4141 3884//4138
f 3884//4138 3887//4141 3888//4142 3885//4139
f 3535//3789 3538//3792 3889//4143 3886//4140
f 3886//4140 3889//4143 3890//4144 3887//4141
f 3887//4141 3890//4144 3891//4145 3888//4142
f 3538//3792 3540//3794 3892//4146 3889//4143
f 3889//4143 3892//4146 3893//4147 3890//4144
f 3890//4144 3893//4147 3894//4148 3891//4145
f 3540//3794 3543//3797 3895//4149 3892//4146
f 3892//4146 3895//4149 3896//4150 3893//4147
f 3893//4147 3896//4150 3897//4151 3894//4148
f 3543//3797 3546//3800 3898//4152 3895//4149
f 3895//4149 3898//4152 3899//4153 3896//4150
f 3896//4150 3899//4153 3900//4154 3897//4151
s 8
f 2601//4155 2636//4156 2638//4157 2602//4158
f 2601//4155 2602//4158 2939//4159 2938//4160
f 2601//4155 2938//4160 3247//4161 2701//4162
f 2601//4155 2701//4162 2700//4163 2636//4156
f 2602//4158 2638//4157 2640//4164 2603//4165
f 2602//4158 2603//4165 2940//4166 2939//4159
f 2603//4165 2640//4164 2642//4167 2604//4168
f 2603//4165 2604//4168 2941//4169 2940//4166
f 2604//4168 2642//4167 2644//4170 2605//4171
f 2604//4168 2605//4171 2942//4172 2941//4169
f 2605//4171 2644//4170 2646//4173 2606//4174
f 2605//4171 2606//4174 2943//4175 2942//4172
f 2606//4174 2646//4173 2648//4176 2607//4177
f 2606//4174 2607//4177 2944//4178 2943//4175
f 2607//4177 2648//4176 2650//4179 2608//4180
f 2607//4177 2608//4180 2945//4181 2944//4178
f 2608//4180 2650//4179 2652//4182 2609//4183
f 2608//4180 2609//4183 2946//4184 2945//4181
f 2609//4183 2610//4185 2947//4186 2946//4184
f 2609//4183 2652//4182 2654//4187 2610//4185
f 2610//4185 2611//4188 2948//4189 2947//4186
f 2610//4185 2654//4187 2656//4190 2611//4188
f 2611//4188 2612//4191 2949//4192 2948//4189
f 2611//4188 2656//4190 2658//4193 2612//4191
f 2612//4191 2613//4194 2950//4195 2949//4192
f 2612//4191 2658//4193 2660//4196 2613//4194
f 2613//4194 2614//4197 2723//4198 2950//4195
f 2613//4194 2660//4196 2662//4199 2614//4197
f 2614//4197 2615//4200 2724//4201 2723//4198
f 2614//4197 2662//4199 2664//4202 2615//4200
f 2615//4200 2616//4203 2725//4204 2724//4201
f 2615//4200 2664//4202 2666//4205 2616//4203
f 2616//4203 2951//4206 2726//4207 2725//4204
f 2616//4203 2666//4205 2668//4208 2951//4206
f 2617//4209 2674//4210 2675//4211 2676//4212
f 2617//4209 2676//4212 2677//4213 2618//4214
f 2617//4209 2618//4214 2956//4215 2955//4216
f 2617//4209 2955//4216 2954//4217 2674//4210
f 2618//4214 2677//4213 2678//4218 2619//4219
f 2618//4214 2619//4219 2957//4220 2956//4215
f 2619//4219 2678//4218 2679//4221 2620//4222
f 2619//4219 2620//4222 2958//4223 2957//4220
f 2620//4222 2679//4221 2680//4224 2621//4225
f 2620//4222 2621//4225 2959//4226 2958//4223
f 2621//4225 2680//4224 2681//4227 2622//4228
f 2621//4225 2622//4228 2960//4229 2959//4226
f 2622//4228 2623//4230 2961//4231 2960//4229
f 2622//4228 2681//4227 2682//4232 2623//4230
f 2623//4230 2624//4233 2738//4234 2961//4231
f 2623//4230 2682//4232 2683//4235 2624//4233
f 2624//4233 2625//4236 2740//4237 2738//4234
f 2624//4233 2683//4235 2684//4238 2625//4236
f 2625//4236 2626//4239 2742//4240 2740//4237
f 2625//4236 2684//4238 2685//4241 2626//4239
f 2626//4239 2627//4242 2744//4243 2742//4240
f 2626//4239 2685//4241 2686//4244 2627//4242
f 2627//4242 2628//4245 2746//4246 2744//4243
f 2627//4242 2686//4244 2687//4247 2628//4245
f 2628//4245 2629//4248 2748//4249 2746//4246
f 2628//4245 2687//4247 2688//4250 2629//4248
f 2629//4248 2962//4251 2750//4252 2748//4249
f 2629//4248 2688//4250 2689//4253 2962//4251
f 2630//4254 2631//4255 2780//4256 2777//4257
f 2630//4254 2777//4257 2774//4258 2699//4259
f 2630//4254 2699//4259 3072//4260 3073//4261
f 2630//4254 3073//4261 3074//4262 2631//4255
f 2631//4255 2632//4263 2783//4264 2780//4256
f 2631//4255 3074//4262 3075//4265 2632//4263
f 2632//4263 2633//4266 2786//4267 2783//4264
f 2632//4263 3075//4265 3076//4268 2633//4266
f 2633//4266 2634//4269 2789//4270 2786//4267
f 2633//4266 3076//4268 3077//4271 2634//4269
f 2634//4269 2635//4272 2792//4273 2789//4270
f 2634//4269 3077//4271 3078//4274 2635//4272
f 2635//4272 2969//4275 2795//4276 2792//4273
f 2635//4272 3078//4274 3079//4277 2969//4275
f 2636//4156 2637//4278 2639//4279 2638//4157
f 2636//4156 2700//4163 3248//4280 2637//4278
f 2637//4278 3029//4281 3030//4282 2639//4279
f 2637//4278 3248//4280 3028//4283 3029//4281
f 2638//4157 2639//4279 2641//4284 2640//4164
f 2639//4279 3030//4282 3031//4285 2641//4284
f 2640//4164 2641//4284 2643//4286 2642//4167
f 2641//4284 3031//4285 3032//4287 2643//4286
f 2642//4167 2643//4286 2645//4288 2644//4170
f 2643//4286 3032//4287 3033//4289 2645//4288
f 2644//4170 2645//4288 2647//4290 2646//4173
f 2645//4288 3033//4289 3034//4291 2647//4290
f 2646//4173 2647//4290 2649//4292 2648//4176
f 2647//4290 3034//4291 3035//4293 2649//4292
f 2648//4176 2649//4292 2651//4294 2650//4179
f 2649//4292 3035//4293 3036//4295 2651//4294
f 2650//4179 2651//4294 2653//4296 2652//4182
f 2651//4294 3036//4295 3037//4297 2653//4296
f 2652//4182 2653//4296 2655//4298 2654//4187
f 2653//4296 3037//4297 3038//4299 2655//4298
f 2654//4187 2655//4298 2657//4300 2656//4190
f 2655//4298 3038//4299 3039//4301 2657//4300
f 2656//4190 2657//4300 2659//4302 2658//4193
f 2657//4300 3039//4301 3040//4303 2659//4302
f 2658//4193 2659//4302 2661//4304 2660//4196
f 2659//4302 3040//4303 3041//4305 2661//4304
f 2660//4196 2661//4304 2663//4306 2662//4199
f 2661//4304 3041//4305 3042//4307 2663//4306
f 2662//4199 2663//4306 2665//4308 2664//4202
f 2663//4306 3042//4307 3043//4309 2665//4308
f 2664//4202 2665//4308 2667//4310 2666//4205
f 2665//4308 3043//4309 3044//4311 2667//4310
f 2666//4205 2667//4310 2669//4312 2668//4208
f 2667//4310 3044//4311 3045//4313 2669//4312
f 2668//4208 2669//4312 2671//4314 2670//4315
f 2668//4208 2670//4315 2952//4316 2951//4206
f 2669//4312 3045//4313 3046//4317 2671//4314
f 2670//4315 2671//4314 2673//4318 2672//4319
f 2670//4315 2672//4319 2953//4320 2952//4316
f 2671//4314 3046//4317 3047//4321 2673//4318
f 2672//4319 2673//4318 2675//4211 2674//4210
f 2672//4319 2674//4210 2954//4217 2953//4320
f 2673//4318 3047//4321 3048//4322 2675//4211
f 2675//4211 3048//4322 3049//4323 2676//4212
f 2676//4212 3049//4323 3050//4324 2677//4213
f 2677//4213 3050//4324 3051//4325 2678//4218
f 2678//4218 3051//4325 3052//4326 2679//4221
f 2679//4221 3052//4326 3053//4327 2680//4224
f 2680//4224 3053//4327 3054//4328 2681//4227
f 2681//4227 3054//4328 3055//4329 2682//4232
f 2682//4232 3055//4329 3056//4330 2683//4235
f 2683//4235 3056//4330 3057//4331 2684//4238
f 2684//4238 3057//4331 3058//4332 2685//4241
f 2685//4241 3058//4332 3059//4333 2686//4244
f 2686//4244 3059//4333 3060//4334 2687//4247
f 2687//4247 3060//4334 3061//4335 2688//4250
f 2688//4250 3061//4335 3062//4336 2689//4253
f 2689//4253 3062//4336 3063//4337 2690//4338
f 2689//4253 2690//4338 2963//4339 2962//4251
f 2690//4338 3063//4337 3064//4340 2691//4341
f 2690//4338 2691//4341 2964//4342 2963//4339
f 2691//4341 3064//4340 3065//4343 2692//4344
f 2691//4341 2692//4344 2965//4345 2964//4342
f 2692//4344 3065//4343 3066//4346 2693//4347
f 2692//4344 2693//4347 2966//4348 2965//4345
f 2693//4347 3066//4346 3067//4349 2694//4350
f 2693//4347 2694//4350 2967//4351 2966//4348
f 2694//4350 3067//4349 3068//4352 2695//4353
f 2694//4350 2695//4353 2968//4354 2967//4351
f 2695//4353 3068//4352 3069//4355 2696//4356
f 2695//4353 2696//4356 2765//4357 2968//4354
f 2696//4356 3069//4355 3070//4358 2697//4359
f 2696//4356 2697//4359 2768//4360 2765//4357
f 2697//4359 3070//4358 3071//4361 2698//4362
f 2697//4359 2698//4362 2771//4363 2768//4360
f 2698//4362 2699//4259 2774//4258 2771//4363
f 2698//4362 3071//4361 3072//4260 2699//4259
f 2700//4163 2701//4162 3203//4364 3204//4365
f 2700//4163 3204//4365 3028//4283 3248//4280
f 2701//4162 3247//4161 3202//4366 3203//4364
f 2702//4367 2703//4368 2895//4369 2892//4370
f 2702//4367 2892//4370 2888//4371 2889//4372
f 2702//4367 2889//4372 3212//4373 3213//4374
f 2702//4367 3213//4374 3214//4375 2703//4368
f 2703//4368 2972//4376 2898//4377 2895//4369
f 2703//4368 3214//4375 3215//4378 2972//4376
f 2704//4379 2705//4380 2917//4381 2915//4382
f 2704//4379 2915//4382 2912//4383 2913//4384
f 2704//4379 2913//4384 2977//4385 2978//4386
f 2704//4379 2978//4386 2979//4387 2705//4380
f 2705//4380 2706//4388 2919//4389 2917//4381
f 2705//4380 2979//4387 2980//4390 2706//4388
f 2706//4388 2707//4391 2921//4392 2919//4389
f 2706//4388 2980//4390 2981//4393 2707//4391
f 2707//4391 2708//4394 2923//4395 2921//4392
f 2707//4391 2981//4393 2982//4396 2708//4394
f 2708//4394 2982//4396 2984//4397 2983//4398
f 2708//4394 2983//4398 2925//4399 2923//4395
f 2709//4400 2710//4401 2931//4402 2930//4403
f 2709//4400 2930//4403 2928//4404 2929//4405
f 2709//4400 2929//4405 2987//4406 2989//4407
f 2709//4400 2989//4407 2991//4408 2710//4401
f 2710//4401 2711//4409 2932//4410 2931//4402
f 2710//4401 2991//4408 2993//4411 2711//4409
f 2711//4409 2712//4412 2933//4413 2932//4410
f 2711//4409 2993//4411 2995//4414 2712//4412
f 2712//4412 2713//4415 2934//4416 2933//4413
f 2712//4412 2995//4414 2997//4417 2713//4415
f 2713//4415 2997//4417 2999//4418 2714//4419
f 2713//4415 2714//4419 2935//4420 2934//4416
f 2714//4419 2999//4418 3001//4421 2715//4422
f 2714//4419 2715//4422 2936//4423 2935//4420
f 2715//4422 3001//4421 3004//4424 3003//4425
f 2715//4422 3003//4425 2937//4426 2936//4423
f 2716//4427 2717//4428 3196//4429 3195//4430
f 2716//4427 3195//4430 3194//4431 2937//4426
f 2716//4427 2937//4426 3003//4425 3006//4432
f 2716//4427 3006//4432 3009//4433 2717//4428
f 2717//4428 2718//4434 3197//4435 3196//4429
f 2717//4428 3009//4433 3012//4436 2718//4434
f 2718//4434 2719//4437 3198//4438 3197//4435
f 2718//4434 3012//4436 3015//4439 2719//4437
f 2719//4437 2720//4440 3199//4441 3198//4438
f 2719//4437 3015//4439 3018//4442 2720//4440
f 2720//4440 3018//4442 3021//4443 2721//4444
f 2720//4440 2721//4444 3200//4445 3199//4441
f 2721//4444 3021//4443 3024//4446 2722//4447
f 2721//4444 2722//4447 3201//4448 3200//4445
f 2722//4447 3024//4446 3244//4449 3027//4450
f 2722//4447 3027//4450 3250//4451 3201//4448
f 2723//4198 2724//4201 3110//4452 3109//4453
f 2723//4198 3109//4453 3108//4454 2950//4195
f 2724//4201 2725//4204 3111//4455 3110//4452
f 2725//4204 2726//4207 3112//4456 3111//4455
f 2726//4207 2951//4206 2952//4316 2727//4457
f 2726//4207 2727//4457 3113//4458 3112//4456
f 2727//4457 2952//4316 2953//4320 2728//4459
f 2727//4457 2728//4459 3114//4460 3113//4458
f 2728//4459 2953//4320 2954//4217 2729//4461
f 2728//4459 2729//4461 3115//4462 3114//4460
f 2729//4461 2954//4217 2955//4216 2730//4463
f 2729//4461 2730//4463 3116//4464 3115//4462
f 2730//4463 2955//4216 2956//4215 2731//4465
f 2730//4463 2731//4465 3117//4466 3116//4464
f 2731//4465 2956//4215 2957//4220 2732//4467
f 2731//4465 2732//4467 3118//4468 3117//4466
f 2732//4467 2957//4220 2958//4223 2733//4469
f 2732//4467 2733//4469 3119//4470 3118//4468
f 2733//4469 2958//4223 2959//4226 2734//4471
f 2733//4469 2734//4471 3120//4472 3119//4470
f 2734//4471 2959//4226 2960//4229 2735//4473
f 2734//4471 2735//4473 3121//4474 3120//4472
f 2735//4473 2960//4229 2961//4231 2736//4475
f 2735//4473 2736//4475 3122//4476 3121//4474
f 2736//4475 2961//4231 2738//4234 2737//4477
f 2736//4475 2737//4477 3123//4478 3122//4476
f 2737//4477 2738//4234 2740//4237 2739//4479
f 2737//4477 2739//4479 3124//4480 3123//4478
f 2739//4479 2740//4237 2742//4240 2741//4481
f 2739//4479 2741//4481 3125//4482 3124//4480
f 2741//4481 2742//4240 2744//4243 2743//4483
f 2741//4481 2743//4483 3126//4484 3125//4482
f 2743//4483 2744//4243 2746//4246 2745//4485
f 2743//4483 2745//4485 3127//4486 3126//4484
f 2745//4485 2746//4246 2748//4249 2747//4487
f 2745//4485 2747//4487 3128//4488 3127//4486
f 2747//4487 2748//4249 2750//4252 2749//4489
f 2747//4487 2749//4489 3129//4490 3128//4488
f 2749//4489 2750//4252 2752//4491 2751//4492
f 2749//4489 2751//4492 3130//4493 3129//4490
f 2750//4252 2962//4251 2963//4339 2752//4491
f 2751//4492 2752//4491 2754//4494 2753//4495
f 2751//4492 2753//4495 3131//4496 3130//4493
f 2752//4491 2963//4339 2964//4342 2754//4494
f 2753//4495 2754//4494 2756//4497 2755//4498
f 2753//4495 2755//4498 3132//4499 3131//4496
f 2754//4494 2964//4342 2965//4345 2756//4497
f 2755//4498 2756//4497 2758//4500 2757//4501
f 2755//4498 2757//4501 3133//4502 3132//4499
f 2756//4497 2965//4345 2966//4348 2758//4500
f 2757//4501 2758//4500 2760//4503 2759//4504
f 2757//4501 2759//4504 3134//4505 3133//4502
f 2758//4500 2966//4348 2967//4351 2760//4503
f 2759//4504 2760//4503 2762//4506 2761//4507
f 2759//4504 2761//4507 3135//4508 3134//4505
f 2760//4503 2967//4351 2968//4354 2762//4506
f 2761//4507 2762//4506 2764//4509 2763//4510
f 2761//4507 2763//4510 3136//4511 3135//4508
f 2762//4506 2968//4354 2765//4357 2764//4509
f 2763//4510 2764//4509 2767//4512 2766//4513
f 2763//4510 2766//4513 3137//4514 3136//4511
f 2764//4509 2765//4357 2768//4360 2767//4512
f 2766//4513 2767//4512 2770//4515 2769//4516
f 2766//4513 2769//4516 3138//4517 3137//4514
f 2767//4512 2768//4360 2771//4363 2770//4515
f 2769//4516 2770//4515 2773//4518 2772//4519
f 2769//4516 2772//4519 3139//4520 3138//4517
f 2770//4515 2771//4363 2774//4258 2773//4518
f 2772//4519 2773//4518 2776//4521 2775//4522
f 2772//4519 2775//4522 3140//4523 3139//4520
f 2773//4518 2774//4258 2777//4257 2776//4521
f 2775//4522 2776//4521 2779//4524 2778//4525
f 2775//4522 2778//4525 3141//4526 3140//4523
f 2776//4521 2777//4257 2780//4256 2779//4524
f 2778//4525 2779//4524 2782//4527 2781//4528
f 2778//4525 2781//4528 3142//4529 3141//4526
f 2779//4524 2780//4256 2783//4264 2782//4527
f 2781//4528 2782//4527 2785//4530 2784//4531
f 2781//4528 2784//4531 3143//4532 3142//4529
f 2782//4527 2783//4264 2786//4267 2785//4530
f 2784//4531 2785//4530 2788//4533 2787//4534
f 2784//4531 2787//4534 3144//4535 3143//4532
f 2785//4530 2786//4267 2789//4270 2788//4533
f 2787//4534 2788//4533 2791//4536 2790//4537
f 2787//4534 2790//4537 3145//4538 3144//4535
f 2788//4533 2789//4270 2792//4273 2791//4536
f 2790//4537 2791//4536 2794//4539 2793//4540
f 2790//4537 2793//4540 3146//4541 3145//4538
f 2791//4536 2792//4273 2795//4276 2794//4539
f 2793//4540 2794//4539 2797//4542 2796//4543
f 2793//4540 2796//4543 3147//4544 3146//4541
f 2794//4539 2795//4276 2798//4545 2797//4542
f 2795//4276 2969//4275 2970//4546 2798//4545
f 2796//4543 2797//4542 2800//4547 2799//4548
f 2796//4543 2799//4548 3148//4549 3147//4544
f 2797//4542 2798//4545 2801//4550 2800//4547
f 2798//4545 2970//4546 2971//4551 2801//4550
f 2799//4548 2800//4547 2803//4552 2802//4553
f 2799//4548 2802//4553 3149//4554 3148//4549
f 2800//4547 2801//4550 2804//4555 2803//4552
f 2801//4550 2971//4551 2805//4556 2804//4555
f 2802//4553 2803//4552 2807//4557 2806//4558
f 2802//4553 2806//4558 3150//4559 3149//4554
f 2803//4552 2804//4555 2808//4560 2807//4557
f 2804//4555 2805//4556 2809//4561 2808//4560
f 2805//4556 2971//4551 3081//4562 3082//4563
f 2805//4556 3082//4563 3083//4564 2809//4561
f 2806//4558 2807//4557 2811//4565 2810//4566
f 2806//4558 2810//4566 3151//4567 3150//4559
f 2807//4557 2808//4560 2812//4568 2811//4565
f 2808//4560 2809//4561 2813//4569 2812//4568
f 2809//4561 3083//4564 3084//4570 2813//4569
f 2810//4566 2811//4565 2815//4571 2814//4572
f 2810//4566 2814//4572 3152//4573 3151//4567
f 2811//4565 2812//4568 2816//4574 2815//4571
f 2812//4568 2813//4569 2817//4575 2816//4574
f 2813//4569 3084//4570 3085//4576 2817//4575
f 2814//4572 2815//4571 2819//4577 2818//4578
f 2814//4572 2818//4578 3153//4579 3152//4573
f 2815//4571 2816//4574 2820//4580 2819//4577
f 2816//4574 2817//4575 2821//4581 2820//4580
f 2817//4575 3085//4576 3086//4582 2821//4581
f 2818//4578 2819//4577 2823//4583 2822//4584
f 2818//4578 2822//4584 3154//4585 3153//4579
f 2819//4577 2820//4580 2824//4586 2823//4583
f 2820//4580 2821//4581 2825//4587 2824//4586
f 2821//4581 3086//4582 3087//4588 2825//4587
f 2822//4584 2823//4583 2827//4589 2826//4590
f 2822//4584 2826//4590 3155//4591 3154//4585
f 2823//4583 2824//4586 2828//4592 2827//4589
f 2824//4586 2825//4587 2829//4593 2828//4592
f 2825//4587 3087//4588 3088//4594 2829//4593
f 2826//4590 2827//4589 2831//4595 2830//4596
f 2826//4590 2830//4596 3156//4597 3155//4591
f 2827//4589 2828//4592 2832//4598 2831//4595
f 2828//4592 2829//4593 2833//4599 2832//4598
f 2829//4593 3088//4594 3089//4600 2833//4599
f 2830//4596 2831//4595 2835//4601 2834//4602
f 2830//4596 2834//4602 3157//4603 3156//4597
f 2831//4595 2832//4598 2836//4604 2835//4601
f 2832//4598 2833//4599 2837//4605 2836//4604
f 2833//4599 3089//4600 3090//4606 2837//4605
f 2834//4602 2835//4601 2839//4607 2838//4608
f 2834//4602 2838//4608 3158//4609 3157//4603
f 2835//4601 2836//4604 2840//4610 2839//4607
f 2836//4604 2837//4605 2841//4611 2840//4610
f 2837//4605 3090//4606 3091//4612 2841//4611
f 2838//4608 2839//4607 2843//4613 2842//4614
f 2838//4608 2842//4614 3159//4615 3158//4609
f 2839//4607 2840//4610 2844//4616 2843//4613
f 2840//4610 2841//4611 2845//4617 2844//4616
f 2841//4611 3091//4612 3092//4618 2845//4617
f 2842//4614 2843//4613 2847//4619 2846//4620
f 2842//4614 2846//4620 3160//4621 3159//4615
f 2843//4613 2844//4616 2848//4622 2847//4619
f 2844//4616 2845//4617 2849//4623 2848//4622
f 2845//4617 3092//4618 3093//4624 2849//4623
f 2846//4620 2847//4619 2851//4625 2850//4626
f 2846//4620 2850//4626 3161//4627 3160//4621
f 2847//4619 2848//4622 2852//4628 2851//4625
f 2848//4622 2849//4623 2853//4629 2852//4628
f 2849//4623 3093//4624 3094//4630 2853//4629
f 2850//4626 2851//4625 2855//4631 2854//4632
f 2850//4626 2854//4632 3162//4633 3161//4627
f 2851//4625 2852//4628 2856//4634 2855//4631
f 2852//4628 2853//4629 2857//4635 2856//4634
f 2853//4629 3094//4630 3095//4636 2857//4635
f 2854//4632 2855//4631 2859//4637 2858//4638
f 2854//4632 2858//4638 3163//4639 3162//4633
f 2855//4631 2856//4634 2860//4640 2859//4637
f 2856//4634 2857//4635 2861//4641 2860//4640
f 2857//4635 3095//4636 3205//4642 2861//4641
f 2858//4638 2859//4637 2863//4643 2862//4644
f 2858//4638 2862//4644 3164//4645 3163//4639
f 2859//4637 2860//4640 2864//4646 2863//4643
f 2860//4640 2861//4641 2865//4647 2864//4646
f 2861//4641 3205//4642 3206//4648 2865//4647
f 2862//4644 2863//4643 2867//4649 2866//4650
f 2862//4644 2866//4650 3165//4651 3164//4645
f 2863//4643 2864//4646 2868//4652 2867//4649
f 2864//4646 2865//4647 2869//4653 2868//4652
f 2865//4647 3206//4648 3207//4654 2869//4653
f 2866//4650 2867//4649 2871//4655 2870//4656
f 2866//4650 2870//4656 3166//4657 3165//4651
f 2867//4649 2868//4652 2872//4658 2871//4655
f 2868//4652 2869//4653 2873//4659 2872//4658
f 2869//4653 3207//4654 3208//4660 2873//4659
f 2870//4656 2871//4655 2875//4661 2874//4662
f 2870//4656 2874//4662 3167//4663 3166//4657
f 2871//4655 2872//4658 2876//4664 2875//4661
f 2872//4658 2873//4659 2877//4665 2876//4664
f 2873//4659 3208//4660 3209//4666 2877//4665
f 2874//4662 2875//4661 2879//4667 2878//4668
f 2874//4662 2878//4668 3168//4669 3167//4663
f 2875//4661 2876//4664 2880//4670 2879//4667
f 2876//4664 2877//4665 2881//4671 2880//4670
f 2877//4665 3209//4666 3210//4672 2881//4671
f 2878//4668 2879//4667 2883//4673 2882//4674
f 2878//4668 2882//4674 3169//4675 3168//4669
f 2879//4667 2880//4670 2884//4676 2883//4673
f 2880//4670 2881//4671 2885//4677 2884//4676
f 2881//4671 3210//4672 3211//4678 2885//4677
f 2882//4674 2883//4673 2887//4679 2886//4680
f 2882//4674 2886//4680 3170//4681 3169//4675
f 2883//4673 2884//4676 2888//4371 2887//4679
f 2884//4676 2885//4677 2889//4372 2888//4371
f 2885//4677 3211//4678 3212//4373 2889//4372
f 2886//4680 2887//4679 2891//4682 2890//4683
f 2886//4680 2890//4683 3171//4684 3170//4681
f 2887//4679 2888//4371 2892//4370 2891//4682
f 2890//4683 2891//4682 2894//4685 2893//4686
f 2890//4683 2893//4686 3172//4687 3171//4684
f 2891//4682 2892//4370 2895//4369 2894//4685
f 2893//4686 2894//4685 2897//4688 2896//4689
f 2893//4686 2896//4689 3173//4690 3172//4687
f 2894//4685 2895//4369 2898//4377 2897//4688
f 2896//4689 2897//4688 2900//4691 2899//4692
f 2896//4689 2899//4692 3174//4693 3173//4690
f 2897//4688 2898//4377 2901//4694 2900//4691
f 2898//4377 2972//4376 2973//4695 2901//4694
f 2899//4692 2900//4691 2903//4696 2902//4697
f 2899//4692 2902//4697 3175//4698 3174//4693
f 2900//4691 2901//4694 2904//4699 2903//4696
f 2901//4694 2973//4695 2974//4700 2904//4699
f 2902//4697 2903//4696 2906//4701 2905//4702
f 2902//4697 2905//4702 3176//4703 3175//4698
f 2903//4696 2904//4699 2907//4704 2906//4701
f 2904//4699 2974//4700 2975//4705 2907//4704
f 2905//4702 2906//4701 2909//4706 2908//4707
f 2905//4702 2908//4707 3177//4708 3176//4703
f 2906//4701 2907//4704 2910//4709 2909//4706
f 2907//4704 2975//4705 2976//4710 2910//4709
f 2908//4707 2909//4706 2912//4383 2911//4711
f 2908//4707 2911//4711 3178//4712 3177//4708
f 2909//4706 2910//4709 2913//4384 2912//4383
f 2910//4709 2976//4710 2977//4385 2913//4384
f 2911//4711 2912//4383 2915//4382 2914//4713
f 2911//4711 2914//4713 3179//4714 3178//4712
f 2914//4713 2915//4382 2917//4381 2916//4715
f 2914//4713 2916//4715 3180//4716 3179//4714
f 2916//4715 2917//4381 2919//4389 2918//4717
f 2916//4715 2918//4717 3181//4718 3180//4716
f 2918//4717 2919//4389 2921//4392 2920//4719
f 2918//4717 2920//4719 3182//4720 3181//4718
f 2920//4719 2921//4392 2923//4395 2922//4721
f 2920//4719 2922//4721 3183//4722 3182//4720
f 2922//4721 2923//4395 2925//4399 2924//4723
f 2922//4721 2924//4723 3184//4724 3183//4722
f 2924//4723 2925//4399 2927//4725 2926//4726
f 2924//4723 2926//4726 3185//4727 3184//4724
f 2925//4399 2983//4398 2985//4728 2927//4725
f 2926//4726 2927//4725 2929//4405 2928//4404
f 2926//4726 2928//4404 3186//4729 3185//4727
f 2927//4725 2985//4728 2987//4406 2929//4405
f 2928//4404 2930//4403 3187//4730 3186//4729
f 2930//4403 2931//4402 3188//4731 3187//4730
f 2931//4402 2932//4410 3189//4732 3188//4731
f 2932//4410 2933//4413 3190//4733 3189//4732
f 2933//4413 2934//4416 3191//4734 3190//4733
f 2934//4416 2935//4420 3192//4735 3191//4734
f 2935//4420 2936//4423 3193//4736 3192//4735
f 2936//4423 2937//4426 3194//4431 3193//4736
f 2938//4160 2939//4159 3097//4737 3096//4738
f 2938//4160 3096//4738 3202//4366 3247//4161
f 2939//4159 2940//4166 3098//4739 3097//4737
f 2940//4166 2941//4169 3099//4740 3098//4739
f 2941//4169 2942//4172 3100//4741 3099//4740
f 2942//4172 2943//4175 3101//4742 3100//4741
f 2943//4175 2944//4178 3102//4743 3101//4742
f 2944//4178 2945//4181 3103//4744 3102//4743
f 2945//4181 2946//4184 3104//4745 3103//4744
f 2946//4184 2947//4186 3105//4746 3104//4745
f 2947//4186 2948//4189 3106//4747 3105//4746
f 2948//4189 2949//4192 3107//4748 3106//4747
f 2949//4192 2950//4195 3108//4454 3107//4748
f 2969//4275 3079//4277 3080//4749 2970//4546
f 2970//4546 3080//4749 3081//4562 2971//4551
f 2972//4376 3215//4378 3216//4750 2973//4695
f 2973//4695 3216//4750 3217//4751 2974//4700
f 2974//4700 3217//4751 3218//4752 2975//4705
f 2975//4705 3218//4752 3219//4753 2976//4710
f 2976//4710 3219//4753 3220//4754 2977//4385
f 2977//4385 3220//4754 3221//4755 2978//4386
f 2978//4386 3221//4755 3222//4756 2979//4387
f 2979//4387 3222//4756 3223//4757 2980//4390
f 2980//4390 3223//4757 3224//4758 2981//4393
f 2981//4393 3224//4758 3225//4759 2982//4396
f 2982//4396 3225//4759 3226//4760 2984//4397
f 2983//4398 2984//4397 2986//4761 2985//4728
f 2984//4397 3226//4760 3227//4762 2986//4761
f 2985//4728 2986//4761 2988//4763 2987//4406
f 2986//4761 3227//4762 3228//4764 2988//4763
f 2987//4406 2988//4763 2990//4765 2989//4407
f 2988//4763 3228//4764 3229//4766 2990//4765
f 2989//4407 2990//4765 2992//4767 2991//4408
f 2990//4765 3229//4766 3230//4768 2992//4767
f 2991//4408 2992//4767 2994//4769 2993//4411
f 2992//4767 3230//4768 3231//4770 2994//4769
f 2993//4411 2994//4769 2996//4771 2995//4414
f 2994//4769 3231//4770 3232//4772 2996//4771
f 2995//4414 2996//4771 2998//4773 2997//4417
f 2996//4771 3232//4772 3233//4774 2998//4773
f 2997//4417 2998//4773 3000//4775 2999//4418
f 2998//4773 3233//4774 3234//4776 3000//4775
f 2999//4418 3000//4775 3002//4777 3001//4421
f 3000//4775 3234//4776 3235//4778 3002//4777
f 3001//4421 3002//4777 3005//4779 3004//4424
f 3002//4777 3235//4778 3236//4780 3005//4779
f 3003//4425 3004//4424 3007//4781 3006//4432
f 3004//4424 3005//4779 3008//4782 3007//4781
f 3005//4779 3236//4780 3237//4783 3008//4782
f 3006//4432 3007//4781 3010//4784 3009//4433
f 3007//4781 3008//4782 3011//4785 3010//4784
f 3008//4782 3237//4783 3238//4786 3011//4785
f 3009//4433 3010//4784 3013//4787 3012//4436
f 3010//4784 3011//4785 3014//4788 3013//4787
f 3011//4785 3238//4786 3239//4789 3014//4788
f 3012//4436 3013//4787 3016//4790 3015//4439
f 3013//4787 3014//4788 3017//4791 3016//4790
f 3014//4788 3239//4789 3240//4792 3017//4791
f 3015//4439 3016//4790 3019//4793 3018//4442
f 3016//4790 3017//4791 3020//4794 3019//4793
f 3017//4791 3240//4792 3241//4795 3020//4794
f 3018//4442 3019//4793 3022//4796 3021//4443
f 3019//4793 3020//4794 3023//4797 3022//4796
f 3020//4794 3241//4795 3242//4798 3023//4797
f 3021//4443 3022//4796 3025//4799 3024//4446
f 3022//4796 3023//4797 3026//4800 3025//4799
f 3023//4797 3242//4798 3243//4801 3026//4800
f 3024//4446 3025//4799 3245//4802 3244//4449
f 3025//4799 3026//4800 3246//4803 3245//4802
f 3026//4800 3243//4801 3249//4804 3246//4803
s 15
f 3073//4805 3072//4806 3357//4807 3356//4808
f 3074//4809 3073//4805 3356//4808 3358//4810
f 3075//4811 3074//4809 3358//4810 3361//4812
f 3076//4813 3075//4811 3361//4812 3364//4814
f 3077//4815 3076//4813 3364//4814 3367//4816
f 3078//4817 3077//4815 3367//4816 3370//4818
f 3079//4819 3078//4817 3370//4818 3373//4820
f 3030//4821 3029//4822 3378//4823 3377//4824
s off
f 3029//4825 3028//4826 3379//4827 3378//4828
s 15
f 3031//4829 3030//4821 3377//4824 3381//4830
f 3032//4831 3031//4829 3381//4830 3383//4832
f 3033//4833 3032//4831 3383//4832 3385//4834
f 3034//4835 3033//4833 3385//4834 3387//4836
f 3035//4837 3034//4835 3387//4836 3389//4838
f 3036//4839 3035//4837 3389//4838 3391//4840
f 3037//4841 3036//4839 3391//4840 3393//4842
f 3038//4843 3037//4841 3393//4842 3395//4844
f 3039//4845 3038//4843 3395//4844 3397//4846
f 3040//4847 3039//4845 3397//4846 3399//4848
f 3041//4849 3040//4847 3399//4848 3401//4850
f 3042//4851 3041//4849 3401//4850 3403//4852
f 3043//4853 3042//4851 3403//4852 3405//4854
f 3044//4855 3043//4853 3405//4854 3407//4856
f 3045//4857 3044//4855 3407//4856 3409//4858
f 3046//4859 3045//4857 3409//4858 3413//4860
f 3047//4861 3046//4859 3413//4860 3417//4862
f 3048//4863 3047//4861 3417//4862 3418//4864
f 3049//4865 3048//4863 3418//4864 3419//4866
f 3050//4867 3049//4865 3419//4866 3420//4868
f 3051//4869 3050//4867 3420//4868 3421//4870
f 3052//4871 3051//4869 3421//4870 3422//4872
f 3053//4873 3052//4871 3422//4872 3423//4874
f 3054//4875 3053//4873 3423//4874 3424//4876
f 3055//4877 3054//4875 3424//4876 3425//4878
f 3056//4879 3055//4877 3425//4878 3426//4880
f 3057//4881 3056//4879 3426//4880 3427//4882
f 3058//4883 3057//4881 3427//4882 3428//4884
f 3059//4885 3058//4883 3428//4884 3429//4886
f 3060//4887 3059//4885 3429//4886 3430//4888
f 3061//4889 3060//4887 3430//4888 3431//4890
f 3062//4891 3061//4889 3431//4890 3432//4892
f 3063//4893 3062//4891 3432//4892 3434//4894
f 3064//4895 3063//4893 3434//4894 3437//4896
f 3065//4897 3064//4895 3437//4896 3440//4898
f 3066//4899 3065//4897 3440//4898 3443//4900
f 3067//4901 3066//4899 3443//4900 3446//4902
f 3068//4903 3067//4901 3446//4902 3449//4904
f 3069//4905 3068//4903 3449//4904 3452//4906
f 3070//4907 3069//4905 3452//4906 3455//4908
f 3071//4909 3070//4907 3455//4908 3458//4910
f 3072//4806 3071//4909 3458//4910 3357//4807
s 17
f 3204//4911 3203//4912 3461//4913 3460//4914
f 3028//4915 3204//4911 3460//4914 3379//4916
f 3203//4912 3202//4917 3462//4918 3461//4913
s 15
f 3213//4919 3212//4920 3470//4921 3469//4922
f 3214//4923 3213//4919 3469//4922 3471//4924
f 3215//4925 3214//4923 3471//4924 3474//4926
s 17
f 3195//4927 3196//4928 3525//4929 3524//4930
f 3194//4931 3195//4927 3524//4930 3527//4932
f 3196//4928 3197//4933 3530//4934 3525//4929
f 3197//4933 3198//4935 3533//4936 3530//4934
f 3198//4935 3199//4937 3536//4938 3533//4936
f 3199//4937 3200//4939 3541//4940 3536//4938
f 3200//4939 3201//4941 3544//4942 3541//4940
s 20
f 3027//4943 3244//4944 3546//4945 3545//4946
s 17
f 3201//4941 3250//4947 3547//4948 3544//4942
s 20
f 3250//4949 3027//4943 3545//4946 3547//4950
s 17
f 3109//4951 3110//4952 3549//4953 3548//4954
f 3108//4955 3109//4951 3548//4954 3550//4956
f 3110//4952 3111//4957 3551//4958 3549//4953
f 3111//4957 3112//4959 3552//4960 3551//4958
f 3112//4959 3113//4961 3554//4962 3552//4960
f 3113//4961 3114//4963 3556//4964 3554//4962
f 3114//4963 3115//4965 3558//4966 3556//4964
f 3115//4965 3116//4967 3560//4968 3558//4966
f 3116//4967 3117//4969 3562//4970 3560//4968
f 3117//4969 3118//4971 3564//4972 3562//4970
f 3118//4971 3119//4973 3566//4974 3564//4972
f 3119//4973 3120//4975 3568//4976 3566//4974
f 3120//4975 3121//4977 3570//4978 3568//4976
f 3121//4977 3122//4979 3572//4980 3570//4978
f 3122//4979 3123//4981 3574//4982 3572//4980
f 3123//4981 3124//4983 3576//4984 3574//4982
f 3124//4983 3125//4985 3578//4986 3576//4984
f 3125//4985 3126//4987 3580//4988 3578//4986
f 3126//4987 3127//4989 3582//4990 3580//4988
f 3127//4989 3128//4991 3584//4992 3582//4990
f 3128//4991 3129//4993 3586//4994 3584//4992
f 3129//4993 3130//4995 3589//4996 3586//4994
f 3130//4995 3131//4997 3592//4998 3589//4996
f 3131//4997 3132//4999 3595//5000 3592//4998
f 3132//4999 3133//5001 3598//5002 3595//5000
f 3133//5001 3134//5003 3601//5004 3598//5002
f 3134//5003 3135//5005 3604//5006 3601//5004
f 3135//5005 3136//5007 3607//5008 3604//5006
f 3136//5007 3137//5009 3610//5010 3607//5008
f 3137//5009 3138//5011 3613//5012 3610//5010
f 3138//5011 3139//5013 3616//5014 3613//5012
f 3139//5013 3140//5015 3619//5016 3616//5014
f 3140//5015 3141//5017 3622//5018 3619//5016
f 3141//5017 3142//5019 3625//5020 3622//5018
f 3142//5019 3143//5021 3628//5022 3625//5020
f 3143//5021 3144//5023 3631//5024 3628//5022
f 3144//5023 3145//5025 3634//5026 3631//5024
f 3145//5025 3146//5027 3637//5028 3634//5026
f 3146//5027 3147//5029 3640//5030 3637//5028
f 3147//5029 3148//5031 3645//5032 3640//5030
f 3148//5031 3149//5033 3650//5034 3645//5032
f 3149//5033 3150//5035 3655//5036 3650//5034
s 15
f 3082//5037 3081//5038 3659//5039 3658//5040
f 3083//5041 3082//5037 3658//5040 3660//5042
s 17
f 3150//5035 3151//5043 3663//5044 3655//5036
s 15
f 3084//5045 3083//5041 3660//5042 3666//5046
s 17
f 3151//5043 3152//5047 3669//5048 3663//5044
s 15
f 3085//5049 3084//5045 3666//5046 3672//5050
s 17
f 3152//5047 3153//5051 3675//5052 3669//5048
s 15
f 3086//5053 3085//5049 3672//5050 3678//5054
s 17
f 3153//5051 3154//5055 3681//5056 3675//5052
s 15
f 3087//5057 3086//5053 3678//5054 3684//5058
s 17
f 3154//5055 3155//5059 3687//5060 3681//5056
s 15
f 3088//5061 3087//5057 3684//5058 3690//5062
s 17
f 3155//5059 3156//5063 3693//5064 3687//5060
s 15
f 3089//5065 3088//5061 3690//5062 3696//5066
s 17
f 3156//5063 3157//5067 3699//5068 3693//5064
s 15
f 3090//5069 3089//5065 3696//5066 3702//5070
s 17
f 3157//5067 3158//5071 3705//5072 3699//5068
s 15
f 3091//5073 3090//5069 3702//5070 3708//5074
s 17
f 3158//5071 3159//5075 3711//5076 3705//5072
s 15
f 3092//5077 3091//5073 3708//5074 3714//5078
s 17
f 3159//5075 3160//5079 3717//5080 3711//5076
s 15
f 3093//5081 3092//5077 3714//5078 3720//5082
s 17
f 3160//5079 3161//5083 3723//5084 3717//5080
s 15
f 3094//5085 3093//5081 3720//5082 3726//5086
s 17
f 3161//5083 3162//5087 3729//5088 3723//5084
s 15
f 3095//5089 3094//5085 3726//5086 3732//5090
s 17
f 3162//5087 3163//5091 3735//5092 3729//5088
s 15
f 3205//5093 3095//5089 3732//5090 3738//5094
s 17
f 3163//5091 3164//5095 3741//5096 3735//5092
s 15
f 3206//5097 3205//5093 3738//5094 3744//5098
s 17
f 3164//5095 3165//5099 3747//5100 3741//5096
s 15
f 3207//5101 3206//5097 3744//5098 3750//5102
s 17
f 3165//5099 3166//5103 3753//5104 3747//5100
s 15
f 3208//5105 3207//5101 3750//5102 3756//5106
s 17
f 3166//5103 3167//5107 3759//5108 3753//5104
s 15
f 3209//5109 3208//5105 3756//5106 3762//5110
s 17
f 3167//5107 3168//5111 3765//5112 3759//5108
s 15
f 3210//5113 3209//5109 3762//5110 3768//5114
s 17
f 3168//5111 3169//5115 3771//5116 3765//5112
s 15
f 3211//5117 3210//5113 3768//5114 3774//5118
s 17
f 3169//5115 3170//5119 3777//5120 3771//5116
s 15
f 3212//4920 3211//5117 3774//5118 3470//4921
s 17
f 3170//5119 3171//5121 3780//5122 3777//5120
f 3171//5121 3172//5123 3783//5124 3780//5122
f 3172//5123 3173//5125 3786//5126 3783//5124
f 3173//5125 3174//5127 3789//5128 3786//5126
f 3174//5127 3175//5129 3794//5130 3789//5128
f 3175//5129 3176//5131 3799//5132 3794//5130
f 3176//5131 3177//5133 3804//5134 3799//5132
f 3177//5133 3178//5135 3808//5136 3804//5134
f 3178//5135 3179//5137 3810//5138 3808//5136
f 3179//5137 3180//5139 3812//5140 3810//5138
f 3180//5139 3181//5141 3814//5142 3812//5140
f 3181//5141 3182//5143 3816//5144 3814//5142
f 3182//5143 3183//5145 3818//5146 3816//5144
f 3183//5145 3184//5147 3820//5148 3818//5146
f 3184//5147 3185//5149 3823//5150 3820//5148
f 3185//5149 3186//5151 3825//5152 3823//5150
f 3186//5151 3187//5153 3826//5154 3825//5152
f 3187//5153 3188//5155 3827//5156 3826//5154
f 3188//5155 3189//5157 3828//5158 3827//5156
f 3189//5157 3190//5159 3829//5160 3828//5158
f 3190//5159 3191//5161 3830//5162 3829//5160
f 3191//5161 3192//5163 3831//5164 3830//5162
f 3192//5163 3193//5165 3832//5166 3831//5164
f 3193//5165 3194//4931 3527//4932 3832//5166
f 3096//5167 3097//5168 3834//5169 3833//5170
f 3202//4917 3096//5167 3833//5170 3462//4918
f 3097//5168 3098//5171 3835//5172 3834//5169
f 3098//5171 3099//5173 3836//5174 3835//5172
f 3099//5173 3100//5175 3837//5176 3836//5174
f 3100//5175 3101//5177 3838//5178 3837//5176
f 3101//5177 3102//5179 3839//5180 3838//5178
f 3102//5179 3103//5181 3840//5182 3839//5180
f 3103//5181 3104//5183 3841//5184 3840//5182
f 3104//5183 3105//5185 3842//5186 3841//5184
f 3105//5185 3106//5187 3843//5188 3842//5186
f 3106//5187 3107//5189 3844//5190 3843//5188
f 3107//5189 3108//4955 3550//4956 3844//5190
s 15
f 3080//5191 3079//4819 3373//4820 3845//5192
f 3081//5038 3080//5191 3845//5192 3659//5039
f 3216//5193 3215//4925 3474//4926 3846//5194
f 3217//5195 3216//5193 3846//5194 3847//5196
f 3218//5197 3217//5195 3847//5196 3848//5198
f 3219//5199 3218//5197 3848//5198 3849//5200
f 3220//5201 3219//5199 3849//5200 3850//5202
f 3221//5203 3220//5201 3850//5202 3851//5204
f 3222//5205 3221//5203 3851//5204 3852//5206
f 3223//5207 3222//5205 3852//5206 3853//5208
f 3224//5209 3223//5207 3853//5208 3854//5210
f 3225//5211 3224//5209 3854//5210 3855//5212
f 3226//5213 3225//5211 3855//5212 3856//5214
f 3227//5215 3226//5213 3856//5214 3858//5216
f 3228//5217 3227//5215 3858//5216 3860//5218
f 3229//5219 3228//5217 3860//5218 3862//5220
f 3230//5221 3229//5219 3862//5220 3864//5222
f 3231//5223 3230//5221 3864//5222 3866//5224
f 3232//5225 3231//5223 3866//5224 3868//5226
f 3233//5227 3232//5225 3868//5226 3870//5228
f 3234//5229 3233//5227 3870//5228 3872//5230
f 3235//5231 3234//5229 3872//5230 3874//5232
f 3236//5233 3235//5231 3874//5232 3876//5234
f 3237//5235 3236//5233 3876//5234 3879//5236
f 3238//5237 3237//5235 3879//5236 3882//5238
f 3239//5239 3238//5237 3882//5238 3885//5240
f 3240//5241 3239//5239 3885//5240 3888//5242
f 3241//5243 3240//5241 3888//5242 3891//5244
f 3242//5245 3241//5243 3891//5244 3894//5246
f 3243//5247 3242//5245 3894//5246 3897//5248
s 20
f 3244//4944 3245//5249 3898//5250 3546//4945
f 3245//5249 3246//5251 3899//5252 3898//5250
f 3246//5251 3249//5253 3900//5254 3899//5252
s 15
f 3249//5255 3243//5247 3897//5248 3900//5256
g default
v -1.435815 -1.636801 -0.203366
v -1.429473 -1.556108 -0.203366
v -1.436708 -1.727409 -0.203366
v 0.664506 1.083753 -0.203366
v 0.707696 1.129424 -0.203366
v 0.752301 1.173491 -0.203366
v 0.798053 1.216274 -0.203366
v 0.845233 1.257462 -0.203366
v 0.802101 1.316220 -0.203366
v 0.893512 1.297082 -0.203366
v 0.852664 1.357031 -0.203366
v 0.943121 1.335003 -0.203366
v 0.904366 1.396129 -0.203366
v 0.994199 1.371116 -0.203366
v 0.957560 1.433442 -0.203366
v 1.046684 1.405209 -0.203366
v 1.012201 1.468957 -0.203366
v 0.979360 1.532092 -0.203366
v 1.100306 1.437092 -0.203366
v 1.068109 1.502522 -0.203366
v 1.038166 1.566716 -0.203366
v 1.155042 1.466702 -0.203366
v 1.125139 1.533811 -0.203366
v 1.098302 1.599385 -0.203366
v 1.210465 1.493517 -0.203366
v 1.183032 1.562506 -0.203366
v 1.159874 1.629530 -0.203366
v 1.265114 1.517545 -0.203366
v 1.241243 1.587597 -0.203366
v 1.223253 1.656121 -0.203366
v 1.204815 1.724286 -0.203366
v 1.316893 1.539881 -0.203366
v 1.300615 1.608226 -0.203366
v 1.291629 1.678394 -0.203366
v 1.280177 1.750067 -0.203366
v 1.367625 1.618568 -0.203366
v 1.369477 1.691724 -0.203366
v 1.367186 1.770508 -0.203366
v -1.355819 -1.629733 -0.203366
v -1.361912 -1.552335 -0.203366
v -1.370291 -1.481546 -0.203366
v -1.282310 -1.609678 -0.203366
v -1.299432 -1.536021 -0.203366
v -1.318964 -1.464890 -0.203366
v -1.215225 -1.583593 -0.203366
v -1.240157 -1.513087 -0.203366
v -1.266935 -1.442809 -0.203366
v -1.152330 -1.553261 -0.203366
v -1.182508 -1.485213 -0.203366
v -1.214171 -1.416489 -0.203366
v -1.092190 -1.519679 -0.203366
v -1.126014 -1.453707 -0.203366
v -1.161288 -1.386632 -0.203366
v -1.034116 -1.483532 -0.203366
v -1.070808 -1.419531 -0.203366
v -1.108792 -1.354252 -0.203366
v -0.977730 -1.445373 -0.203366
v -1.016779 -1.383282 -0.203366
v -1.056948 -1.319847 -0.203366
v -0.963790 -1.344890 -0.203366
v -1.005791 -1.283403 -0.203366
v -0.912004 -1.304907 -0.203366
v -0.955745 -1.245091 -0.203366
v -0.861513 -1.263603 -0.203366
v -0.906670 -1.205589 -0.203366
v -0.812249 -1.220739 -0.203366
v -0.859104 -1.164244 -0.203366
v -0.764303 -1.176314 -0.203366
v -0.812891 -1.121510 -0.203366
v -0.717715 -1.130378 -0.203366
v -0.768089 -1.077119 -0.203366
v -0.672591 -1.083117 -0.203366
v -0.724699 -1.031412 -0.203366
v -0.628920 -1.034535 -0.203366
v -0.682661 -0.984369 -0.203366
v -0.642128 -0.936101 -0.203366
v -0.602897 -0.886685 -0.203366
v -0.565194 -0.836021 -0.203366
v -0.528743 -0.784216 -0.203366
v -0.493876 -0.731311 -0.203366
v -0.460331 -0.677549 -0.203366
v -0.428710 -0.622733 -0.203366
v -0.398640 -0.566997 -0.203366
v -1.345055 -1.710852 -0.203366
v -1.262244 -1.682684 -0.203366
v -1.189335 -1.652000 -0.203366
v -1.122028 -1.618942 -0.203366
v -1.058236 -1.583499 -0.203366
v -0.922741 -1.405402 -0.203366
v -0.868974 -1.363966 -0.203366
v -0.816561 -1.321147 -0.203366
v -0.765501 -1.276713 -0.203366
v -0.586716 -0.984639 -0.203366
v -0.546005 -0.933414 -0.203366
v -0.506833 -0.880893 -0.203366
v -0.370382 -0.510068 -0.203366
v -0.066794 0.266422 -0.203366
v -0.037474 0.349594 -0.203366
v 0.057842 0.383835 -0.203366
v -0.012133 0.413855 -0.203366
v 0.083966 0.446272 -0.203366
v 0.015075 0.477799 -0.203366
v 0.111774 0.508153 -0.203366
v 0.044352 0.541020 -0.203366
v 0.207388 0.535733 -0.203366
v 0.141019 0.569412 -0.203366
v 0.075056 0.603396 -0.203366
v 0.236799 0.594967 -0.203366
v 0.171517 0.630080 -0.203366
v 0.106614 0.665110 -0.203366
v 0.267638 0.653695 -0.203366
v 0.203310 0.690293 -0.203366
v 0.139093 0.726487 -0.203366
v 0.363532 0.673688 -0.203366
v 0.299868 0.711735 -0.203366
v 0.236350 0.750036 -0.203366
v 0.172645 0.787624 -0.203366
v 0.396111 0.728687 -0.203366
v 0.333505 0.768736 -0.203366
v 0.270768 0.809031 -0.203366
v 0.207480 0.848505 -0.203366
v 0.430129 0.782519 -0.203366
v 0.368646 0.824403 -0.203366
v 0.306732 0.866740 -0.203366
v 0.243958 0.908870 -0.203366
v 0.465824 0.835163 -0.203366
v 0.405341 0.878714 -0.203366
v 0.344616 0.922707 -0.203366
v 0.283446 0.967184 -0.203366
v 0.502919 0.887068 -0.203366
v 0.443747 0.932183 -0.203366
v 0.384572 0.977595 -0.203366
v 0.325449 1.023305 -0.203366
v 0.541670 0.938227 -0.203366
v 0.483817 0.985006 -0.203366
v 0.426065 1.031865 -0.203366
v 0.368346 1.078635 -0.203366
v 0.581595 0.988304 -0.203366
v 0.525268 1.036755 -0.203366
v 0.468836 1.085215 -0.203366
v 0.412085 1.133388 -0.203366
v 0.622577 1.036886 -0.203366
v 0.567986 1.087106 -0.203366
v 0.512869 1.137257 -0.203366
v 0.456974 1.187309 -0.203366
v 0.612013 1.135977 -0.203366
v 0.558389 1.187891 -0.203366
v 0.503938 1.239795 -0.203366
v 0.657551 1.183465 -0.203366
v 0.605587 1.237130 -0.203366
v 0.552721 1.290997 -0.203366
v 0.704460 1.229383 -0.203366
v 0.654460 1.284780 -0.203366
v 0.603599 1.340384 -0.203366
v 0.752693 1.273634 -0.203366
v 0.704997 1.330681 -0.203366
v 0.656240 1.388049 -0.203366
v 0.757098 1.374784 -0.203366
v 0.710772 1.433571 -0.203366
v 0.810629 1.416983 -0.203366
v 0.766815 1.477049 -0.203366
v 0.865471 1.457271 -0.203366
v 0.824561 1.518285 -0.203366
v 0.921822 1.495595 -0.203366
v 0.884235 1.557249 -0.203366
v 0.945136 1.594287 -0.203366
v 1.007210 1.629433 -0.203366
v 1.070749 1.663110 -0.203366
v 1.136340 1.695201 -0.203366
v -0.997295 -1.545491 -0.203366
v -0.938435 -1.505703 -0.203366
v -0.881319 -1.464260 -0.203366
v -0.825493 -1.421518 -0.203366
v -0.771036 -1.377345 -0.203366
v -0.717946 -1.331388 -0.203366
v -0.666626 -1.283465 -0.203366
v -0.715786 -1.230659 -0.203366
v -0.616311 -1.234709 -0.203366
v -0.667314 -1.183140 -0.203366
v -0.567269 -1.184331 -0.203366
v -0.620253 -1.134270 -0.203366
v -0.519932 -1.132126 -0.203366
v -0.574774 -1.083919 -0.203366
v -0.474600 -1.078377 -0.203366
v -0.530878 -1.032109 -0.203366
v -0.430902 -1.023462 -0.203366
v -0.488588 -0.978901 -0.203366
v -0.388973 -0.967402 -0.203366
v -0.447929 -0.924405 -0.203366
v -0.348538 -0.910520 -0.203366
v -0.408802 -0.868907 -0.203366
v -0.469098 -0.827135 -0.203366
v -0.309542 -0.852747 -0.203366
v -0.371202 -0.812489 -0.203366
v -0.432861 -0.772380 -0.203366
v -0.272105 -0.793873 -0.203366
v -0.335140 -0.755102 -0.203366
v -0.398128 -0.716667 -0.203366
v -0.236185 -0.733926 -0.203366
v -0.300659 -0.696661 -0.203366
v -0.364994 -0.659942 -0.203366
v -0.202184 -0.672971 -0.203366
v -0.267941 -0.637277 -0.203366
v -0.333626 -0.602175 -0.203366
v -0.169986 -0.611401 -0.203366
v -0.237038 -0.577202 -0.203366
v -0.303922 -0.543576 -0.203366
v -0.139679 -0.549304 -0.203366
v -0.207732 -0.516570 -0.203366
v -0.275690 -0.484239 -0.203366
v -0.343506 -0.452219 -0.203366
v -0.110827 -0.486819 -0.203366
v -0.179748 -0.455432 -0.203366
v -0.248599 -0.424184 -0.203366
v -0.317537 -0.393273 -0.203366
v -0.083476 -0.424047 -0.203366
v -0.152924 -0.393946 -0.203366
v -0.222459 -0.363681 -0.203366
v -0.292265 -0.333619 -0.203366
v -0.057242 -0.361079 -0.203366
v -0.127123 -0.332117 -0.203366
v -0.197102 -0.302828 -0.203366
v -0.267320 -0.273559 -0.203366
v -0.032108 -0.297977 -0.203366
v -0.102224 -0.269985 -0.203366
v -0.172392 -0.241593 -0.203366
v -0.242667 -0.213086 -0.203366
v -0.007748 -0.234780 -0.203366
v -0.078012 -0.207592 -0.203366
v -0.148198 -0.180021 -0.203366
v -0.218350 -0.152240 -0.203366
v 0.015960 -0.171480 -0.203366
v -0.054365 -0.144952 -0.203366
v -0.140037 -0.111211 -0.203366
v -0.194499 -0.091151 -0.203366
v 0.146123 0.186139 -0.203366
v 0.075119 0.212657 -0.203366
v 0.004210 0.239407 -0.203366
v 0.174153 0.266150 -0.203366
v 0.103709 0.293333 -0.203366
v 0.033236 0.321118 -0.203366
v 0.197088 0.326533 -0.203366
v 0.127506 0.354752 -0.203366
v 0.221245 0.386096 -0.203366
v 0.152647 0.415712 -0.203366
v 0.246960 0.444796 -0.203366
v 0.179322 0.476011 -0.203366
v 0.274200 0.502914 -0.203366
v 0.302649 0.560540 -0.203366
v 0.332345 0.617526 -0.203366
v -1.458495 -1.456657 -0.203366
v -1.392724 -1.422644 -0.203366
v -1.344953 -1.401623 -0.203366
v -1.298908 -1.378003 -0.203366
v -1.248710 -1.351257 -0.203366
v -1.199719 -1.321733 -0.203366
v -1.148539 -1.290146 -0.203366
v -1.098943 -1.256689 -0.203366
v -1.049844 -1.222885 -0.203366
v -1.000749 -1.185433 -0.203366
v -0.951817 -1.148105 -0.203366
v -0.907681 -1.108617 -0.203366
v -0.862261 -1.067471 -0.203366
v -0.820169 -1.025187 -0.203366
v -0.777878 -0.980521 -0.203366
v -0.737963 -0.935756 -0.203366
v -0.698770 -0.888262 -0.203366
v -0.660967 -0.841322 -0.203366
v -0.624452 -0.791494 -0.203366
v -0.588927 -0.742529 -0.203366
v -0.555256 -0.690398 -0.203366
v -0.521691 -0.638433 -0.203366
v -0.492595 -0.585972 -0.203366
v -0.462689 -0.531909 -0.203366
v -0.437159 -0.477655 -0.203366
v -0.411186 -0.420728 -0.203366
v -0.386811 -0.363249 -0.203366
v -0.362376 -0.303953 -0.203366
v -0.337569 -0.244196 -0.203366
v -0.312847 -0.184358 -0.203366
v -0.288240 -0.124034 -0.203366
v -0.264348 -0.063980 -0.203366
v -0.138297 0.292520 -0.203366
v -0.108965 0.377475 -0.203366
v -0.082994 0.443680 -0.203366
v -0.054529 0.509602 -0.203366
v -0.022795 0.575000 -0.203366
v 0.009346 0.637597 -0.203366
v 0.041769 0.699805 -0.203366
v 0.074618 0.762092 -0.203366
v 0.108332 0.823900 -0.203366
v 0.143153 0.886334 -0.203366
v 0.178839 0.948916 -0.203366
v 0.222675 1.013124 -0.203366
v 0.267170 1.069741 -0.203366
v 0.310332 1.124854 -0.203366
v 0.354465 1.180583 -0.203366
v 0.400220 1.238188 -0.203366
v 0.448865 1.291310 -0.203366
v 0.499572 1.345864 -0.203366
v 0.552443 1.395733 -0.203366
v 0.607686 1.446236 -0.203366
v 0.664345 1.492142 -0.203366
v 0.723561 1.537798 -0.203366
v 0.783658 1.579366 -0.203366
v 0.846965 1.618920 -0.203366
v 0.910655 1.656638 -0.203366
v 0.974440 1.691393 -0.203366
v 1.039706 1.725657 -0.203366
v 1.107909 1.760320 -0.203366
v 1.180669 1.792620 -0.203366
v 1.259045 1.821107 -0.203366
v 1.351375 1.850340 -0.203366
v -1.426492 -1.828480 -0.203366
v -1.320261 -1.788444 -0.203366
v -1.234121 -1.751664 -0.203366
v -1.158627 -1.718300 -0.203366
v -1.089765 -1.682777 -0.203366
v -1.021328 -1.645498 -0.203366
v -0.958818 -1.605619 -0.203366
v -0.897128 -1.564180 -0.203366
v -0.838941 -1.521942 -0.203366
v -0.781563 -1.478184 -0.203366
v -0.724728 -1.432701 -0.203366
v -0.669846 -1.386071 -0.203366
v -0.616980 -1.334660 -0.203366
v -0.566553 -1.287750 -0.203366
v -0.514676 -1.234170 -0.203366
v -0.464270 -1.179744 -0.203366
v -0.418627 -1.124400 -0.203366
v -0.372994 -1.067683 -0.203366
v -0.330316 -1.010572 -0.203366
v -0.288319 -0.952272 -0.203366
v -0.248005 -0.893851 -0.203366
v -0.208938 -0.832971 -0.203366
v -0.171431 -0.772280 -0.203366
v -0.135972 -0.708648 -0.203366
v -0.102631 -0.646176 -0.203366
v -0.071432 -0.581613 -0.203366
v -0.041771 -0.518262 -0.203366
v -0.013962 -0.453449 -0.203366
v 0.012727 -0.389764 -0.203366
v 0.038099 -0.325279 -0.203366
v 0.062696 -0.261665 -0.203366
v 0.087668 -0.194786 -0.203366
v 0.217544 0.160393 -0.203366
v 0.244918 0.240274 -0.203366
v 0.266821 0.299490 -0.203366
v 0.289537 0.357076 -0.203366
v 0.313889 0.413822 -0.203366
v 0.341087 0.470764 -0.203366
v 0.368817 0.526790 -0.203366
v 0.397081 0.582003 -0.203366
v 0.427806 0.636935 -0.203366
v 0.458896 0.689561 -0.203366
v 0.491722 0.742269 -0.203366
v 0.526543 0.791926 -0.203366
v 1.466201 1.769593 -0.203366
v -1.533059 -1.721922 -0.203366
v -1.518120 -1.625680 -0.203366
v -1.499375 -1.540670 -0.203366
v 1.455914 1.685992 -0.203366
v 1.442819 1.608106 -0.203366
v 1.413945 1.529502 -0.203366
v 1.354080 1.477971 -0.203366
v 1.297995 1.448437 -0.203366
v 1.243821 1.423804 -0.203366
v 1.189213 1.398680 -0.203366
v 1.138917 1.370270 -0.203366
v 1.086372 1.339626 -0.203366
v 1.037228 1.307304 -0.203366
v 0.987497 1.272179 -0.203366
v 0.940303 1.236696 -0.203366
v 0.893170 1.197783 -0.203366
v 0.847888 1.159533 -0.203366
v 0.803501 1.117283 -0.203366
v 0.759102 1.075021 -0.203366
v 0.718635 1.031477 -0.203366
v 0.677425 0.986215 -0.203366
v 0.638518 0.940257 -0.203366
v 0.599728 0.891537 -0.203366
v 0.562390 0.842987 -0.203366
v 1.363070 1.561223 -0.203366
v -1.537132 -1.816140 -0.203366
v 1.451450 1.864139 -0.203366
v -1.417510 -1.494653 -0.203366
v -1.435815 -1.636802 0.216871
v -1.436708 -1.727409 0.216871
v -1.345055 -1.710852 0.216871
v -1.355819 -1.629733 0.216871
v -1.518120 -1.625680 0.216871
v -1.533059 -1.721922 0.216871
v -1.429473 -1.556107 0.216871
v -1.499375 -1.540670 0.216871
v -1.361912 -1.552335 0.216871
v -1.370291 -1.481546 0.216871
v -1.417510 -1.494653 0.216871
v -1.458495 -1.456656 0.216871
v -1.426492 -1.828479 0.216871
v -1.320261 -1.788444 0.216871
v -1.537132 -1.816140 0.216871
v 0.664506 1.083753 0.216871
v 0.707696 1.129423 0.216871
v 0.657551 1.183465 0.216871
v 0.612013 1.135977 0.216871
v 0.718635 1.031477 0.216871
v 0.759102 1.075021 0.216871
v 0.622577 1.036886 0.216871
v 0.677425 0.986214 0.216871
v 0.567986 1.087106 0.216871
v 0.752301 1.173491 0.216871
v 0.704460 1.229383 0.216871
v 0.803501 1.117282 0.216871
v 0.798053 1.216274 0.216871
v 0.752693 1.273634 0.216871
v 0.847888 1.159533 0.216871
v 0.845233 1.257462 0.216871
v 0.802101 1.316220 0.216871
v 0.893170 1.197783 0.216871
v 0.893512 1.297082 0.216871
v 0.852665 1.357030 0.216871
v 0.940303 1.236696 0.216871
v 0.810629 1.416983 0.216871
v 0.757098 1.374784 0.216871
v 0.704997 1.330681 0.216871
v 0.943121 1.335003 0.216871
v 0.904366 1.396129 0.216871
v 0.987497 1.272179 0.216871
v 0.865471 1.457271 0.216871
v 0.994199 1.371116 0.216871
v 0.957560 1.433441 0.216871
v 1.037228 1.307305 0.216871
v 0.921822 1.495595 0.216871
v 1.046684 1.405209 0.216871
v 1.012201 1.468957 0.216871
v 1.086372 1.339627 0.216871
v 0.979360 1.532092 0.216871
v 1.100306 1.437092 0.216871
v 1.068109 1.502522 0.216871
v 1.138917 1.370270 0.216871
v 1.038166 1.566716 0.216871
v 1.007210 1.629433 0.216871
v 0.945136 1.594286 0.216871
v 0.884235 1.557249 0.216871
v 1.155042 1.466702 0.216871
v 1.125139 1.533811 0.216871
v 1.189213 1.398681 0.216871
v 1.098302 1.599385 0.216871
v 1.070749 1.663111 0.216871
v 1.210465 1.493517 0.216871
v 1.183032 1.562506 0.216871
v 1.243821 1.423804 0.216871
v 1.159874 1.629530 0.216871
v 1.136340 1.695201 0.216871
v 1.265115 1.517545 0.216871
v 1.241243 1.587597 0.216871
v 1.297995 1.448436 0.216871
v 1.223253 1.656121 0.216871
v 1.204815 1.724285 0.216871
v 1.316893 1.539881 0.216871
v 1.300615 1.608226 0.216871
v 1.354080 1.477971 0.216871
v 1.291629 1.678394 0.216871
v 1.280177 1.750067 0.216871
v 1.259045 1.821107 0.216871
v 1.180669 1.792619 0.216871
v 1.107909 1.760320 0.216871
v 1.363070 1.561224 0.216871
v 1.367625 1.618568 0.216871
v 1.413945 1.529503 0.216871
v 1.369477 1.691724 0.216871
v 1.367186 1.770509 0.216871
v 1.351375 1.850341 0.216871
v 1.442819 1.608106 0.216871
v 1.455914 1.685992 0.216871
v 1.466201 1.769593 0.216871
v 1.451450 1.864139 0.216871
v -1.282310 -1.609678 0.216871
v -1.299432 -1.536021 0.216871
v -1.262244 -1.682684 0.216871
v -1.318964 -1.464890 0.216871
v -1.392724 -1.422643 0.216871
v -1.344953 -1.401622 0.216871
v -1.215225 -1.583593 0.216871
v -1.240157 -1.513087 0.216871
v -1.189335 -1.652000 0.216871
v -1.266935 -1.442809 0.216871
v -1.298908 -1.378003 0.216871
v -1.152330 -1.553262 0.216871
v -1.182508 -1.485213 0.216871
v -1.122028 -1.618942 0.216871
v -1.214171 -1.416489 0.216871
v -1.248710 -1.351257 0.216871
v -1.058236 -1.583500 0.216871
v -1.092190 -1.519680 0.216871
v -1.126014 -1.453707 0.216871
v -1.161288 -1.386632 0.216871
v -1.199719 -1.321733 0.216871
v -0.997295 -1.545491 0.216871
v -1.034116 -1.483533 0.216871
v -1.070808 -1.419531 0.216871
v -1.108792 -1.354252 0.216871
v -1.148539 -1.290145 0.216871
v -0.938435 -1.505703 0.216871
v -0.977730 -1.445373 0.216871
v -1.016779 -1.383282 0.216871
v -1.056948 -1.319847 0.216871
v -1.098943 -1.256689 0.216871
v -0.881319 -1.464261 0.216871
v -0.922741 -1.405402 0.216871
v -0.963790 -1.344890 0.216871
v -1.005791 -1.283403 0.216871
v -1.049844 -1.222885 0.216871
v -0.912004 -1.304907 0.216871
v -0.955745 -1.245091 0.216871
v -0.868974 -1.363966 0.216871
v -1.000749 -1.185433 0.216871
v -0.861513 -1.263603 0.216871
v -0.906670 -1.205589 0.216871
v -0.816561 -1.321147 0.216871
v -0.951817 -1.148105 0.216871
v -0.812249 -1.220739 0.216871
v -0.859104 -1.164244 0.216871
v -0.765501 -1.276713 0.216871
v -0.907681 -1.108617 0.216871
v -0.764303 -1.176314 0.216871
v -0.812891 -1.121510 0.216871
v -0.715786 -1.230659 0.216871
v -0.862261 -1.067471 0.216871
v -0.667314 -1.183139 0.216871
v -0.717715 -1.130378 0.216871
v -0.768089 -1.077119 0.216871
v -0.820169 -1.025187 0.216871
v -0.620253 -1.134270 0.216871
v -0.672591 -1.083116 0.216871
v -0.724699 -1.031412 0.216871
v -0.777878 -0.980521 0.216871
v -0.574774 -1.083919 0.216871
v -0.628920 -1.034534 0.216871
v -0.682661 -0.984369 0.216871
v -0.737963 -0.935756 0.216871
v -0.530878 -1.032109 0.216871
v -0.586716 -0.984639 0.216871
v -0.642128 -0.936100 0.216871
v -0.698770 -0.888261 0.216871
v -0.602897 -0.886685 0.216871
v -0.660967 -0.841322 0.216871
v -0.546005 -0.933415 0.216871
v -0.565194 -0.836021 0.216871
v -0.624452 -0.791495 0.216871
v -0.506833 -0.880893 0.216871
v -0.528743 -0.784217 0.216871
v -0.588927 -0.742529 0.216871
v -0.469098 -0.827135 0.216871
v -0.493876 -0.731311 0.216871
v -0.555256 -0.690398 0.216871
v -0.432861 -0.772380 0.216871
v -0.398128 -0.716667 0.216871
v -0.460331 -0.677550 0.216871
v -0.521691 -0.638433 0.216871
v -0.364994 -0.659942 0.216871
v -0.428710 -0.622733 0.216871
v -0.492595 -0.585972 0.216871
v -0.333625 -0.602175 0.216871
v -0.398640 -0.566997 0.216871
v -0.462689 -0.531910 0.216871
v -0.303922 -0.543576 0.216871
v -0.370382 -0.510068 0.216871
v -0.437159 -0.477655 0.216871
v -1.234121 -1.751664 0.216871
v -1.158627 -1.718300 0.216871
v -1.089765 -1.682777 0.216871
v -1.021328 -1.645499 0.216871
v -0.958818 -1.605619 0.216871
v -0.825493 -1.421518 0.216871
v -0.771036 -1.377345 0.216871
v -0.717946 -1.331388 0.216871
v -0.666626 -1.283465 0.216871
v -0.488588 -0.978901 0.216871
v -0.447929 -0.924406 0.216871
v -0.408802 -0.868907 0.216871
v -0.275690 -0.484239 0.216871
v -0.343506 -0.452219 0.216871
v -0.411186 -0.420728 0.216871
v 0.004210 0.239407 0.216871
v -0.066794 0.266422 0.216871
v -0.138297 0.292520 0.216871
v -0.037474 0.349595 0.216871
v -0.108965 0.377476 0.216871
v 0.033236 0.321118 0.216871
v -0.012133 0.413856 0.216871
v -0.082994 0.443680 0.216871
v 0.057842 0.383835 0.216871
v 0.127506 0.354752 0.216871
v 0.152647 0.415711 0.216871
v 0.083966 0.446271 0.216871
v 0.103709 0.293332 0.216871
v 0.015075 0.477799 0.216871
v -0.054529 0.509602 0.216871
v 0.111774 0.508152 0.216871
v 0.044352 0.541020 0.216871
v 0.179322 0.476010 0.216871
v -0.022795 0.575000 0.216871
v 0.141019 0.569413 0.216871
v 0.075056 0.603396 0.216871
v 0.207388 0.535733 0.216871
v 0.009346 0.637597 0.216871
v 0.274200 0.502913 0.216871
v 0.302649 0.560540 0.216871
v 0.236799 0.594967 0.216871
v 0.246960 0.444796 0.216871
v 0.171517 0.630080 0.216871
v 0.106614 0.665110 0.216871
v 0.041770 0.699804 0.216871
v 0.332345 0.617526 0.216871
v 0.267638 0.653695 0.216871
v 0.203310 0.690293 0.216871
v 0.139093 0.726487 0.216871
v 0.074618 0.762093 0.216871
v 0.299868 0.711735 0.216871
v 0.236350 0.750036 0.216871
v 0.363532 0.673688 0.216871
v 0.172645 0.787624 0.216871
v 0.108333 0.823900 0.216871
v 0.427806 0.636935 0.216871
v 0.458896 0.689561 0.216871
v 0.396111 0.728687 0.216871
v 0.397081 0.582003 0.216871
v 0.333505 0.768736 0.216871
v 0.270768 0.809032 0.216871
v 0.207480 0.848504 0.216871
v 0.143153 0.886334 0.216871
v 0.491723 0.742269 0.216871
v 0.430130 0.782519 0.216871
v 0.368646 0.824403 0.216871
v 0.306732 0.866740 0.216871
v 0.243958 0.908870 0.216871
v 0.178839 0.948915 0.216871
v 0.465824 0.835163 0.216871
v 0.405341 0.878714 0.216871
v 0.526543 0.791926 0.216871
v 0.344616 0.922707 0.216871
v 0.283446 0.967184 0.216871
v 0.222675 1.013124 0.216871
v 0.502919 0.887068 0.216871
v 0.443747 0.932183 0.216871
v 0.562390 0.842987 0.216871
v 0.384572 0.977594 0.216871
v 0.325449 1.023305 0.216871
v 0.267170 1.069741 0.216871
v 0.541670 0.938227 0.216871
v 0.483817 0.985005 0.216871
v 0.599728 0.891538 0.216871
v 0.426065 1.031865 0.216871
v 0.368346 1.078634 0.216871
v 0.310332 1.124853 0.216871
v 0.581595 0.988304 0.216871
v 0.525268 1.036754 0.216871
v 0.638518 0.940258 0.216871
v 0.468836 1.085215 0.216871
v 0.412085 1.133388 0.216871
v 0.354465 1.180583 0.216871
v 0.512869 1.137257 0.216871
v 0.456974 1.187309 0.216871
v 0.400220 1.238188 0.216871
v 0.558389 1.187891 0.216871
v 0.503938 1.239795 0.216871
v 0.448865 1.291310 0.216871
v 0.605587 1.237130 0.216871
v 0.552721 1.290997 0.216871
v 0.499572 1.345864 0.216871
v 0.654460 1.284780 0.216871
v 0.603599 1.340384 0.216871
v 0.552443 1.395733 0.216871
v 0.656240 1.388049 0.216871
v 0.607686 1.446236 0.216871
v 0.710772 1.433571 0.216871
v 0.664345 1.492142 0.216871
v 0.766815 1.477049 0.216871
v 0.723561 1.537797 0.216871
v 0.824561 1.518285 0.216871
v 0.783658 1.579366 0.216871
v 0.846965 1.618920 0.216871
v 0.910655 1.656637 0.216871
v 0.974440 1.691393 0.216871
v 1.039706 1.725658 0.216871
v -0.897128 -1.564180 0.216871
v -0.838941 -1.521942 0.216871
v -0.781563 -1.478185 0.216871
v -0.724727 -1.432702 0.216871
v -0.669846 -1.386070 0.216871
v -0.616980 -1.334659 0.216871
v -0.616311 -1.234709 0.216871
v -0.566553 -1.287750 0.216871
v -0.567269 -1.184331 0.216871
v -0.514676 -1.234170 0.216871
v -0.519932 -1.132126 0.216871
v -0.464270 -1.179744 0.216871
v -0.474600 -1.078377 0.216871
v -0.418627 -1.124400 0.216871
v -0.430902 -1.023462 0.216871
v -0.372995 -1.067683 0.216871
v -0.388973 -0.967402 0.216871
v -0.330316 -1.010571 0.216871
v -0.348538 -0.910520 0.216871
v -0.288319 -0.952271 0.216871
v -0.309541 -0.852747 0.216871
v -0.371202 -0.812489 0.216871
v -0.248004 -0.893852 0.216871
v -0.272105 -0.793873 0.216871
v -0.335140 -0.755102 0.216871
v -0.208938 -0.832972 0.216871
v -0.236185 -0.733926 0.216871
v -0.300659 -0.696660 0.216871
v -0.171431 -0.772280 0.216871
v -0.202185 -0.672970 0.216871
v -0.267941 -0.637277 0.216871
v -0.135972 -0.708647 0.216871
v -0.169986 -0.611400 0.216871
v -0.237038 -0.577202 0.216871
v -0.102631 -0.646176 0.216871
v -0.139679 -0.549304 0.216871
v -0.207732 -0.516569 0.216871
v -0.071432 -0.581613 0.216871
v -0.110827 -0.486819 0.216871
v -0.179748 -0.455432 0.216871
v -0.041771 -0.518262 0.216871
v -0.248599 -0.424184 0.216871
v -0.317537 -0.393273 0.216871
v -0.386811 -0.363249 0.216871
v -0.083476 -0.424046 0.216871
v -0.152924 -0.393946 0.216871
v -0.013962 -0.453449 0.216871
v -0.222459 -0.363681 0.216871
v -0.292265 -0.333619 0.216871
v -0.362376 -0.303953 0.216871
v -0.057242 -0.361079 0.216871
v -0.127123 -0.332117 0.216871
v 0.012727 -0.389764 0.216871
v -0.197102 -0.302828 0.216871
v -0.267320 -0.273560 0.216871
v -0.337569 -0.244197 0.216871
v -0.032108 -0.297978 0.216871
v -0.102224 -0.269985 0.216871
v 0.038099 -0.325279 0.216871
v -0.172392 -0.241592 0.216871
v -0.242667 -0.213087 0.216871
v -0.312847 -0.184358 0.216871
v -0.007748 -0.234780 0.216871
v -0.078012 -0.207592 0.216871
v 0.062696 -0.261665 0.216871
v -0.148198 -0.180022 0.216871
v -0.218350 -0.152240 0.216871
v -0.288240 -0.124034 0.216871
v 0.015960 -0.171481 0.216871
v -0.054365 -0.144953 0.216871
v 0.087668 -0.194786 0.216871
v -0.140038 -0.111211 0.216871
v -0.194499 -0.091151 0.216871
v -0.264348 -0.063980 0.216871
v 0.146123 0.186139 0.216871
v 0.075119 0.212657 0.216871
v 0.217544 0.160393 0.216871
v 0.174153 0.266149 0.216871
v 0.244918 0.240274 0.216871
v 0.197088 0.326533 0.216871
v 0.266821 0.299490 0.216871
v 0.221244 0.386096 0.216871
v 0.289537 0.357075 0.216871
v 0.313889 0.413822 0.216871
v 0.341087 0.470764 0.216871
v 0.368818 0.526789 0.216871
vn -0.000002 0.000000 1.000000
vn -0.000002 -0.000001 1.000000
vn 0.000000 -0.000001 1.000000
vn 0.000000 -0.000000 1.000000
vn -0.000004 0.000001 1.000000
vn -0.000002 -0.000001 1.000000
vn -0.000002 0.000001 1.000000
vn -0.000004 0.000001 1.000000
vn 0.000000 -0.000000 1.000000
vn -0.000000 0.000001 1.000000
vn -0.000003 0.000001 1.000000
vn -0.000004 0.000002 1.000000
vn -0.000001 -0.000002 1.000000
vn 0.000000 -0.000001 1.000000
vn -0.000002 -0.000002 1.000000
vn 0.000001 -0.000001 1.000000
vn 0.000001 -0.000001 1.000000
vn 0.000000 0.000001 1.000000
vn 0.000000 0.000000 1.000000
vn 0.000003 -0.000002 1.000000
vn 0.000003 -0.000003 1.000000
vn 0.000001 -0.000001 1.000000
vn 0.000003 -0.000002 1.000000
vn 0.000000 -0.000000 1.000000
vn 0.000001 -0.000001 1.000000
vn 0.000000 0.000000 1.000000
vn 0.000003 -0.000002 1.000000
vn 0.000001 -0.000001 1.000000
vn 0.000000 0.000000 1.000000
vn 0.000003 -0.000002 1.000000
vn 0.000001 -0.000001 1.000000
vn 0.000000 0.000000 1.000000
vn 0.000003 -0.000003 1.000000
vn 0.000002 -0.000001 1.000000
vn 0.000001 0.000000 1.000000
vn 0.000003 -0.000002 1.000000
vn 0.000000 -0.000000 1.000000
vn 0.000000 0.000000 1.000000
vn 0.000000 0.000000 1.000000
vn 0.000001 -0.000002 1.000000
vn 0.000001 -0.000001 1.000000
vn 0.000001 -0.000002 1.000000
vn 0.000000 -0.000000 1.000000
vn 0.000000 -0.000003 1.000000
vn -0.000000 -0.000000 1.000000
vn 0.000001 -0.000004 1.000000
vn 0.000000 -0.000000 1.000000
vn 0.000000 -0.000002 1.000000
vn 0.000000 0.000000 1.000000
vn 0.000001 -0.000003 1.000000
vn 0.000000 -0.000000 1.000000
vn 0.000001 -0.000000 1.000000
vn 0.000001 0.000000 1.000000
vn 0.000001 -0.000001 1.000000
vn 0.000001 -0.000000 1.000000
vn -0.000001 0.000002 1.000000
vn -0.000001 0.000001 1.000000
vn -0.000001 0.000001 1.000000
vn 0.000001 0.000000 1.000000
vn 0.000000 -0.000000 1.000000
vn 0.000002 -0.000002 1.000000
vn 0.000000 -0.000001 1.000000
vn -0.000001 0.000002 1.000000
vn -0.000000 -0.000002 1.000000
vn -0.000001 -0.000000 1.000000
vn 0.000002 -0.000004 1.000000
vn -0.000000 -0.000000 1.000000
vn -0.000001 0.000002 1.000000
vn 0.000001 -0.000002 1.000000
vn 0.000000 -0.000000 1.000000
vn 0.000002 -0.000005 1.000000
vn 0.000000 0.000000 1.000000
vn -0.000001 0.000001 1.000000
vn 0.000001 -0.000003 1.000000
vn 0.000000 -0.000000 1.000000
vn 0.000002 -0.000004 1.000000
vn 0.000000 0.000000 1.000000
vn -0.000000 0.000001 1.000000
vn -0.000000 0.000002 1.000000
vn -0.000002 0.000003 1.000000
vn -0.000002 0.000004 1.000000
vn 0.000003 -0.000002 1.000000
vn 0.000002 -0.000001 1.000000
vn 0.000004 -0.000003 1.000000
vn 0.000001 0.000000 1.000000
vn 0.000001 0.000002 1.000000
vn 0.000001 0.000001 1.000000
vn 0.000003 -0.000002 1.000000
vn 0.000002 0.000000 1.000000
vn 0.000002 0.000002 1.000000
vn 0.000001 0.000002 1.000000
vn 0.000000 -0.000000 1.000000
vn 0.000000 0.000000 1.000000
vn 0.000001 -0.000001 1.000000
vn -0.000000 0.000002 1.000000
vn -0.000001 0.000002 1.000000
vn -0.000000 0.000003 1.000000
vn 0.000000 0.000000 1.000000
vn 0.000000 0.000000 1.000000
vn 0.000001 -0.000002 1.000000
vn -0.000001 0.000002 1.000000
vn -0.000002 0.000003 1.000000
vn 0.000000 0.000000 1.000000
vn 0.000000 0.000000 1.000000
vn 0.000001 -0.000002 1.000000
vn -0.000001 0.000001 1.000000
vn -0.000002 0.000003 1.000000
vn 0.000001 -0.000002 1.000000
vn 0.000000 0.000000 1.000000
vn 0.000000 -0.000000 1.000000
vn -0.000001 0.000001 1.000000
vn -0.000002 0.000003 1.000000
vn 0.000000 -0.000001 1.000000
vn 0.000000 0.000000 1.000000
vn 0.000000 0.000000 1.000000
vn -0.000001 0.000001 1.000000
vn -0.000003 0.000002 1.000000
vn 0.000001 -0.000001 1.000000
vn 0.000000 -0.000000 1.000000
vn 0.000000 0.000000 1.000000
vn -0.000001 0.000001 1.000000
vn -0.000001 0.000002 1.000000
vn 0.000001 -0.000001 1.000000
vn 0.000000 -0.000000 1.000000
vn 0.000000 0.000000 1.000000
vn -0.000000 0.000001 1.000000
vn -0.000001 0.000003 1.000000
vn 0.000000 0.000000 1.000000
vn -0.000001 0.000001 1.000000
vn 0.000000 0.000000 1.000000
vn -0.000002 0.000003 1.000000
vn 0.000000 -0.000000 1.000000
vn -0.000001 0.000002 1.000000
vn 0.000000 0.000000 1.000000
vn -0.000003 0.000004 1.000000
vn 0.000000 -0.000000 1.000000
vn -0.000001 0.000001 1.000000
vn 0.000000 -0.000000 1.000000
vn -0.000003 0.000003 1.000000
vn 0.000000 0.000000 1.000000
vn -0.000001 0.000001 1.000000
vn 0.000000 0.000001 1.000000
vn -0.000003 0.000003 1.000000
vn 0.000000 0.000001 1.000000
vn 0.000000 0.000000 1.000000
vn -0.000001 0.000001 1.000000
vn -0.000003 0.000003 1.000000
vn 0.000000 0.000000 1.000000
vn 0.000000 0.000000 1.000000
vn -0.000001 0.000001 1.000000
vn -0.000003 0.000003 1.000000
vn 0.000000 0.000000 1.000000
vn 0.000000 -0.000000 1.000000
vn -0.000001 0.000002 1.000000
vn -0.000003 0.000003 1.000000
vn 0.000001 0.000000 1.000000
vn 0.000000 0.000000 1.000000
vn -0.000002 0.000002 1.000000
vn -0.000003 0.000003 1.000000
vn -0.000002 0.000001 1.000000
vn -0.000003 0.000003 1.000000
vn 0.000000 0.000000 1.000000
vn -0.000002 0.000000 1.000000
vn -0.000003 0.000002 1.000000
vn 0.000000 0.000000 1.000000
vn -0.000002 0.000001 1.000000
vn -0.000003 0.000003 1.000000
vn 0.000000 -0.000000 1.000000
vn -0.000002 0.000000 1.000000
vn -0.000003 0.000003 1.000000
vn 0.000000 -0.000001 1.000000
vn 0.000000 -0.000001 1.000000
vn -0.000002 0.000000 1.000000
vn -0.000004 0.000001 1.000000
vn 0.000000 0.000000 1.000000
vn -0.000002 0.000001 1.000000
vn -0.000004 0.000002 1.000000
vn 0.000001 0.000000 1.000000
vn -0.000002 0.000000 1.000000
vn -0.000004 0.000002 1.000000
vn 0.000001 -0.000000 1.000000
vn -0.000002 0.000001 1.000000
vn -0.000004 0.000001 1.000000
vn 0.000002 -0.000002 1.000000
vn 0.000002 -0.000004 1.000000
vn 0.000002 -0.000004 1.000000
vn 0.000002 -0.000004 1.000000
vn 0.000001 -0.000003 1.000000
vn 0.000001 -0.000001 1.000000
vn 0.000001 -0.000001 1.000000
vn 0.000001 -0.000001 1.000000
vn 0.000001 -0.000001 1.000000
vn 0.000001 -0.000000 1.000000
vn 0.000000 -0.000000 1.000000
vn 0.000000 -0.000000 1.000000
vn 0.000000 -0.000000 1.000000
vn -0.000002 0.000001 1.000000
vn -0.000004 0.000002 1.000000
vn -0.000002 0.000001 1.000000
vn -0.000002 0.000000 1.000000
vn -0.000003 -0.000000 1.000000
vn -0.000004 0.000001 1.000000
vn 0.000000 0.000001 1.000000
vn 0.000000 0.000000 1.000000
vn -0.000001 0.000000 1.000000
vn -0.000002 0.000001 1.000000
vn 0.000000 -0.000000 1.000000
vn 0.000001 0.000000 1.000000
vn 0.000000 -0.000000 1.000000
vn 0.000000 -0.000000 1.000000
vn 0.000001 0.000001 1.000000
vn -0.000001 0.000001 1.000000
vn -0.000002 0.000002 1.000000
vn 0.000000 -0.000000 1.000000
vn -0.000002 0.000001 1.000000
vn 0.000000 -0.000000 1.000000
vn -0.000004 0.000002 1.000000
vn 0.000000 -0.000000 1.000000
vn -0.000002 0.000000 1.000000
vn 0.000000 0.000000 1.000000
vn -0.000003 0.000001 1.000000
vn 0.000002 -0.000000 1.000000
vn 0.000002 0.000000 1.000000
vn 0.000000 0.000001 1.000000
vn 0.000002 -0.000001 1.000000
vn -0.000000 0.000001 1.000000
vn -0.000000 0.000001 1.000000
vn -0.000000 0.000001 1.000000
vn 0.000002 -0.000000 1.000000
vn 0.000000 0.000000 1.000000
vn -0.000001 0.000001 1.000000
vn -0.000001 0.000001 1.000000
vn -0.000000 0.000001 1.000000
vn 0.000000 -0.000000 1.000000
vn -0.000001 -0.000000 1.000000
vn 0.000002 -0.000001 1.000000
vn -0.000002 0.000000 1.000000
vn -0.000003 0.000001 1.000000
vn 0.000004 -0.000002 1.000000
vn 0.000003 -0.000002 1.000000
vn 0.000002 -0.000001 1.000000
vn 0.000004 -0.000001 1.000000
vn 0.000000 0.000000 1.000000
vn 0.000000 0.000000 1.000000
vn -0.000002 0.000001 1.000000
vn -0.000003 0.000002 1.000000
vn 0.000003 -0.000002 1.000000
vn 0.000002 -0.000001 1.000000
vn 0.000000 0.000000 1.000000
vn 0.000000 0.000000 1.000000
vn -0.000002 0.000001 1.000000
vn -0.000003 0.000002 1.000000
vn 0.000002 -0.000001 1.000000
vn 0.000000 0.000000 1.000000
vn 0.000003 -0.000003 1.000000
vn 0.000000 0.000000 1.000000
vn -0.000002 0.000000 1.000000
vn -0.000003 -0.000000 1.000000
vn 0.000002 -0.000002 1.000000
vn 0.000000 0.000000 1.000000
vn 0.000003 -0.000004 1.000000
vn 0.000000 -0.000000 1.000000
vn -0.000001 0.000000 1.000000
vn -0.000002 0.000001 1.000000
vn 0.000002 -0.000002 1.000000
vn 0.000000 -0.000000 1.000000
vn 0.000003 -0.000003 1.000000
vn 0.000000 -0.000001 1.000000
vn -0.000001 0.000001 1.000000
vn -0.000002 0.000003 1.000000
vn 0.000002 -0.000001 1.000000
vn 0.000000 0.000000 1.000000
vn 0.000003 -0.000003 1.000000
vn 0.000000 0.000000 1.000000
vn -0.000002 0.000001 1.000000
vn -0.000003 0.000002 1.000000
vn 0.000000 0.000000 1.000000
vn -0.000002 0.000002 1.000000
vn -0.000003 0.000003 1.000000
vn 0.000000 0.000000 1.000000
vn -0.000001 0.000002 1.000000
vn -0.000003 0.000003 1.000000
vn 0.000000 0.000000 1.000000
vn -0.000001 0.000001 1.000000
vn -0.000003 0.000002 1.000000
vn 0.000000 -0.000000 1.000000
vn -0.000001 0.000001 1.000000
vn -0.000003 0.000003 1.000000
vn -0.000001 0.000002 1.000000
vn -0.000003 0.000004 1.000000
vn -0.000001 0.000002 1.000000
vn -0.000002 0.000004 1.000000
vn -0.000001 0.000002 1.000000
vn -0.000002 0.000004 1.000000
vn -0.000001 0.000002 1.000000
vn -0.000002 0.000004 1.000000
vn -0.000002 0.000004 1.000000
vn -0.000002 0.000003 1.000000
vn -0.000002 0.000003 1.000000
vn -0.000002 0.000004 1.000000
vn 0.000001 -0.000001 1.000000
vn 0.000003 -0.000002 1.000000
vn 0.000003 -0.000002 1.000000
vn 0.000003 -0.000002 1.000000
vn 0.000003 -0.000002 1.000000
vn 0.000003 -0.000003 1.000000
vn 0.000001 -0.000001 1.000000
vn 0.000003 -0.000003 1.000000
vn 0.000002 -0.000001 1.000000
vn 0.000003 -0.000003 1.000000
vn 0.000002 -0.000001 1.000000
vn 0.000003 -0.000003 1.000000
vn 0.000002 -0.000001 1.000000
vn 0.000003 -0.000002 1.000000
vn 0.000002 -0.000001 1.000000
vn 0.000002 -0.000001 1.000000
vn 0.000001 -0.000002 1.000000
vn 0.000002 -0.000002 1.000000
vn 0.000001 -0.000002 1.000000
vn 0.000002 -0.000003 1.000000
vn 0.000001 0.000000 1.000000
vn 0.000001 0.000000 1.000000
vn 0.000001 -0.000001 1.000000
vn 0.000002 -0.000001 1.000000
vn 0.000001 -0.000001 1.000000
vn 0.000001 -0.000001 1.000000
vn 0.000000 -0.000002 1.000000
vn 0.000000 -0.000000 1.000000
vn 0.000001 -0.000003 1.000000
vn 0.000001 0.000001 1.000000
vn 0.000000 0.000002 1.000000
vn 0.000002 -0.000001 1.000000
vn 0.000001 -0.000000 1.000000
vn -0.000000 0.000000 1.000000
vn 0.000003 -0.000001 1.000000
vn 0.000001 -0.000001 1.000000
vn -0.000001 -0.000001 1.000000
vn 0.000004 -0.000002 1.000000
vn 0.000002 -0.000001 1.000000
vn 0.000000 0.000000 1.000000
vn 0.000004 -0.000002 1.000000
vn 0.000000 -0.000000 1.000000
vn -0.000002 0.000001 1.000000
vn -0.000004 0.000002 1.000000
vn 0.000002 -0.000001 1.000000
vn 0.000000 0.000000 1.000000
vn 0.000004 -0.000002 1.000000
vn 0.000000 0.000000 1.000000
vn -0.000002 0.000001 1.000000
vn -0.000004 0.000001 1.000000
vn 0.000002 -0.000001 1.000000
vn 0.000000 0.000000 1.000000
vn 0.000004 -0.000002 1.000000
vn 0.000000 0.000000 1.000000
vn -0.000002 0.000001 1.000000
vn -0.000004 0.000002 1.000000
vn 0.000002 -0.000001 1.000000
vn 0.000000 -0.000000 1.000000
vn 0.000004 -0.000001 1.000000
vn 0.000000 0.000000 1.000000
vn -0.000002 0.000001 1.000000
vn -0.000004 0.000002 1.000000
vn 0.000001 -0.000001 1.000000
vn 0.000000 0.000000 1.000000
vn 0.000003 -0.000003 1.000000
vn 0.000000 0.000000 1.000000
vn -0.000002 0.000001 1.000000
vn -0.000004 0.000002 1.000000
vn 0.000001 -0.000002 1.000000
vn 0.000000 0.000001 1.000000
vn 0.000002 -0.000004 1.000000
vn 0.000000 0.000000 1.000000
vn -0.000002 0.000001 1.000000
vn -0.000004 0.000001 1.000000
vn 0.000002 -0.000001 1.000000
vn 0.000002 0.000000 1.000000
vn 0.000000 0.000000 1.000000
vn 0.000004 -0.000002 1.000000
vn 0.000003 -0.000001 1.000000
vn 0.000002 -0.000001 1.000000
vn 0.000002 -0.000001 1.000000
vn 0.000001 -0.000002 1.000000
vn 0.000002 -0.000002 1.000000
vn 0.000004 -0.000001 1.000000
vn 0.000004 -0.000002 1.000000
vn 0.000004 -0.000001 1.000000
vn -0.000000 -0.000000 -1.000000
vn -0.000000 -0.000000 -1.000000
vn -0.000000 -0.000000 -1.000000
vn 0.000000 0.000000 -1.000000
vn 0.000000 0.000000 -1.000000
vn -0.000000 -0.000000 -1.000000
vn -0.000000 -0.000000 -1.000000
vn -0.000000 -0.000000 -1.000000
vn -0.000000 -0.000000 -1.000000
vn -0.000000 -0.000000 -1.000000
vn 0.000000 0.000000 -1.000000
vn -0.000000 -0.000000 -1.000000
vn 0.000000 0.000000 -1.000000
vn 0.000000 0.000000 -1.000000
vn 0.000000 0.000001 -1.000000
vn -0.000000 0.000001 -1.000000
vn -0.000000 -0.000000 -1.000000
vn -0.000000 -0.000000 -1.000000
vn 0.000000 -0.000000 -1.000000
vn 0.000000 0.000000 -1.000000
vn -0.000001 0.000001 -1.000000
vn -0.000002 0.000001 -1.000000
vn -0.000001 0.000000 -1.000000
vn 0.000000 0.000000 -1.000000
vn 0.000000 0.000000 -1.000000
vn -0.000000 -0.000000 -1.000000
vn -0.000000 -0.000000 -1.000000
vn -0.000000 -0.000000 -1.000000
vn -0.000000 -0.000000 -1.000000
vn -0.000000 -0.000001 -1.000000
vn -0.000000 -0.000000 -1.000000
vn -0.000000 -0.000000 -1.000000
vn -0.000000 -0.000000 -1.000000
vn -0.000000 0.000000 -1.000000
vn -0.000000 -0.000000 -1.000000
vn -0.000000 -0.000001 -1.000000
vn -0.000000 -0.000000 -1.000000
vn 0.000000 0.000000 -1.000000
vn -0.000000 -0.000000 -1.000000
vn -0.000000 0.000001 -1.000000
vn -0.000000 -0.000000 -1.000000
vn 0.000001 -0.000002 -1.000000
vn 0.000000 0.000000 -1.000000
vn 0.000000 0.000000 -1.000000
vn 0.000000 0.000000 -1.000000
vn 0.000001 -0.000001 -1.000000
vn -0.000000 -0.000000 -1.000000
vn -0.000000 -0.000000 -1.000000
vn -0.000000 -0.000000 -1.000000
vn 0.000000 0.000000 -1.000000
vn -0.000000 -0.000000 -1.000000
vn -0.000001 -0.000000 -1.000000
vn -0.000000 -0.000000 -1.000000
vn 0.000000 0.000001 -1.000000
vn -0.000000 0.000000 -1.000000
vn -0.000000 -0.000000 -1.000000
vn 0.000000 0.000000 -1.000000
vn -0.000000 -0.000000 -1.000000
vn -0.000000 0.000000 -1.000000
vn 0.000000 -0.000001 -1.000000
vn 0.000000 0.000000 -1.000000
vn -0.000000 0.000001 -1.000000
vn 0.000000 0.000000 -1.000000
vn 0.000001 0.000000 -1.000000
vn 0.000000 -0.000000 -1.000000
vn -0.000001 0.000000 -1.000000
vn 0.000000 0.000000 -1.000000
vn 0.000000 0.000000 -1.000000
vn 0.000000 0.000000 -1.000000
vn -0.000000 0.000000 -1.000000
vn -0.000000 0.000000 -1.000000
vn 0.000000 0.000000 -1.000000
vn 0.000000 0.000000 -1.000000
vn -0.000000 -0.000000 -1.000000
vn 0.000000 0.000000 -1.000000
vn 0.000000 0.000001 -1.000000
vn 0.000000 0.000000 -1.000000
vn -0.000000 -0.000000 -1.000000
vn 0.000000 0.000000 -1.000000
vn 0.000000 0.000000 -1.000000
vn 0.000000 0.000000 -1.000000
vn -0.000000 -0.000000 -1.000000
vn -0.000000 -0.000000 -1.000000
vn 0.000000 0.000000 -1.000000
vn -0.000000 -0.000000 -1.000000
vn 0.000000 0.000000 -1.000000
vn 0.000000 0.000000 -1.000000
vn -0.000000 -0.000000 -1.000000
vn -0.000000 -0.000000 -1.000000
vn 0.000000 0.000000 -1.000000
vn 0.000000 0.000001 -1.000000
vn -0.000000 -0.000000 -1.000000
vn -0.000000 -0.000000 -1.000000
vn -0.000000 -0.000000 -1.000000
vn 0.000000 0.000000 -1.000000
vn 0.000000 0.000000 -1.000000
vn 0.000000 0.000001 -1.000000
vn -0.000000 -0.000000 -1.000000
vn 0.000000 0.000000 -1.000000
vn 0.000000 0.000000 -1.000000
vn 0.000000 0.000000 -1.000000
vn 0.000000 0.000000 -1.000000
vn 0.000000 0.000000 -1.000000
vn 0.000000 0.000000 -1.000000
vn 0.000000 0.000000 -1.000000
vn -0.000000 -0.000000 -1.000000
vn -0.000000 -0.000000 -1.000000
vn -0.000000 -0.000000 -1.000000
vn -0.000000 -0.000000 -1.000000
vn 0.000000 0.000000 -1.000000
vn 0.000000 0.000000 -1.000000
vn 0.000000 0.000000 -1.000000
vn -0.000000 -0.000000 -1.000000
vn -0.000000 -0.000000 -1.000000
vn 0.000000 0.000000 -1.000000
vn 0.000000 0.000000 -1.000000
vn 0.000000 0.000000 -1.000000
vn -0.000000 -0.000000 -1.000000
vn -0.000000 -0.000000 -1.000000
vn 0.000000 0.000000 -1.000000
vn -0.000000 -0.000000 -1.000000
vn -0.000000 -0.000000 -1.000000
vn 0.000000 0.000000 -1.000000
vn 0.000000 0.000000 -1.000000
vn 0.000000 0.000000 -1.000000
vn 0.000000 0.000000 -1.000000
vn -0.000000 -0.000000 -1.000000
vn 0.000000 0.000000 -1.000000
vn 0.000000 0.000000 -1.000000
vn 0.000000 0.000000 -1.000000
vn 0.000000 0.000000 -1.000000
vn 0.000000 0.000000 -1.000000
vn 0.000000 0.000000 -1.000000
vn 0.000000 0.000000 -1.000000
vn 0.000000 0.000000 -1.000000
vn -0.000000 -0.000000 -1.000000
vn 0.000000 0.000000 -1.000000
vn 0.000000 0.000000 -1.000000
vn 0.000000 0.000000 -1.000000
vn -0.000000 -0.000000 -1.000000
vn -0.000000 -0.000000 -1.000000
vn 0.000000 0.000000 -1.000000
vn 0.000000 0.000000 -1.000000
vn 0.000000 0.000000 -1.000000
vn 0.000000 0.000000 -1.000000
vn -0.000000 -0.000000 -1.000000
vn -0.000000 -0.000000 -1.000000
vn 0.000000 0.000000 -1.000000
vn 0.000000 0.000000 -1.000000
vn 0.000000 0.000000 -1.000000
vn -0.000000 -0.000000 -1.000000
vn -0.000000 -0.000000 -1.000000
vn -0.000000 -0.000000 -1.000000
vn 0.000000 0.000000 -1.000000
vn 0.000000 0.000000 -1.000000
vn 0.000000 0.000000 -1.000000
vn -0.000000 -0.000000 -1.000000
vn -0.000000 -0.000000 -1.000000
vn -0.000000 -0.000000 -1.000000
vn -0.000000 -0.000000 -1.000000
vn -0.000000 -0.000000 -1.000000
vn 0.000000 0.000000 -1.000000
vn -0.000000 -0.000000 -1.000000
vn -0.000000 -0.000000 -1.000000
vn 0.000000 0.000000 -1.000000
vn -0.000000 -0.000000 -1.000000
vn 0.000000 0.000000 -1.000000
vn 0.000000 0.000000 -1.000000
vn -0.000000 -0.000000 -1.000000
vn 0.000000 0.000000 -1.000000
vn -0.000000 -0.000000 -1.000000
vn -0.000000 -0.000000 -1.000000
vn -0.000000 -0.000000 -1.000000
vn -0.000000 -0.000000 -1.000000
vn -0.000000 -0.000000 -1.000000
vn 0.000000 0.000000 -1.000000
vn -0.000000 -0.000000 -1.000000
vn -0.000000 -0.000000 -1.000000
vn -0.000000 -0.000000 -1.000000
vn 0.000000 0.000000 -1.000000
vn -0.000000 -0.000000 -1.000000
vn -0.000000 -0.000000 -1.000000
vn 0.000000 0.000000 -1.000000
vn 0.000000 0.000000 -1.000000
vn -0.000000 -0.000000 -1.000000
vn 0.000000 0.000000 -1.000000
vn -0.000000 -0.000000 -1.000000
vn -0.000000 -0.000000 -1.000000
vn -0.000000 0.000000 -1.000000
vn -0.000000 0.000001 -1.000000
vn 0.000000 0.000000 -1.000000
vn 0.000000 0.000000 -1.000000
vn -0.000000 0.000000 -1.000000
vn -0.000000 0.000000 -1.000000
vn 0.000000 0.000000 -1.000000
vn 0.000000 0.000000 -1.000000
vn -0.000000 0.000000 -1.000000
vn 0.000000 0.000000 -1.000000
vn -0.000000 -0.000000 -1.000000
vn 0.000000 0.000000 -1.000000
vn 0.000000 0.000000 -1.000000
vn -0.000000 -0.000000 -1.000000
vn -0.000000 -0.000000 -1.000000
vn 0.000000 0.000000 -1.000000
vn 0.000000 0.000000 -1.000000
vn -0.000000 -0.000000 -1.000000
vn -0.000000 -0.000000 -1.000000
vn 0.000000 0.000000 -1.000000
vn -0.000000 0.000001 -1.000000
vn -0.000000 0.000000 -1.000000
vn -0.000000 -0.000000 -1.000000
vn 0.000000 0.000000 -1.000000
vn 0.000000 0.000000 -1.000000
vn -0.000000 -0.000000 -1.000000
vn -0.000000 -0.000000 -1.000000
vn -0.000000 -0.000000 -1.000000
vn 0.000000 0.000000 -1.000000
vn -0.000000 -0.000000 -1.000000
vn -0.000000 -0.000000 -1.000000
vn -0.000000 -0.000000 -1.000000
vn 0.000000 0.000000 -1.000000
vn -0.000000 -0.000000 -1.000000
vn -0.000000 0.000000 -1.000000
vn -0.000000 -0.000000 -1.000000
vn -0.000000 -0.000000 -1.000000
vn 0.000000 -0.000001 -1.000000
vn -0.000000 -0.000000 -1.000000
vn -0.000001 0.000000 -1.000000
vn -0.000000 -0.000000 -1.000000
vn -0.000000 0.000000 -1.000000
vn 0.000000 -0.000000 -1.000000
vn -0.000000 0.000000 -1.000000
vn -0.000001 0.000001 -1.000000
vn 0.000000 0.000000 -1.000000
vn 0.000000 0.000000 -1.000000
vn 0.000000 0.000000 -1.000000
vn 0.000000 0.000000 -1.000000
vn -0.000000 0.000001 -1.000000
vn 0.000000 0.000000 -1.000000
vn 0.000000 0.000001 -1.000000
vn 0.000000 0.000000 -1.000000
vn -0.000000 0.000001 -1.000000
vn -0.000000 -0.000000 -1.000000
vn 0.000000 0.000000 -1.000000
vn 0.000000 0.000000 -1.000000
vn 0.000000 0.000000 -1.000000
vn -0.000000 -0.000000 -1.000000
vn -0.000001 -0.000000 -1.000000
vn 0.000000 0.000000 -1.000000
vn 0.000000 0.000000 -1.000000
vn -0.000000 -0.000000 -1.000000
vn -0.000000 -0.000000 -1.000000
vn 0.000000 0.000000 -1.000000
vn -0.000000 0.000000 -1.000000
vn -0.000001 0.000001 -1.000000
vn 0.000000 0.000000 -1.000000
vn -0.000000 -0.000000 -1.000000
vn 0.000000 0.000000 -1.000000
vn -0.000000 -0.000000 -1.000000
vn -0.000000 0.000001 -1.000000
vn -0.000000 0.000001 -1.000000
vn -0.000000 -0.000000 -1.000000
vn 0.000000 0.000000 -1.000000
vn 0.000000 0.000000 -1.000000
vn -0.000000 -0.000000 -1.000000
vn 0.000000 0.000000 -1.000000
vn 0.000000 0.000000 -1.000000
vn 0.000000 0.000000 -1.000000
vn -0.000000 -0.000000 -1.000000
vn -0.000000 -0.000000 -1.000000
vn 0.000000 0.000000 -1.000000
vn -0.000000 -0.000000 -1.000000
vn -0.000001 0.000000 -1.000000
vn 0.000000 0.000000 -1.000000
vn 0.000000 0.000000 -1.000000
vn 0.000000 0.000000 -1.000000
vn 0.000000 0.000000 -1.000000
vn 0.000000 0.000000 -1.000000
vn -0.000000 -0.000000 -1.000000
vn -0.000000 -0.000000 -1.000000
vn -0.000000 -0.000000 -1.000000
vn -0.000000 -0.000000 -1.000000
vn -0.000000 -0.000000 -1.000000
vn -0.000000 -0.000000 -1.000000
vn 0.000000 0.000000 -1.000000
vn 0.000000 0.000000 -1.000000
vn 0.000000 0.000000 -1.000000
vn 0.000000 0.000000 -1.000000
vn 0.000000 0.000000 -1.000000
vn 0.000000 0.000000 -1.000000
vn -0.000000 -0.000000 -1.000000
vn 0.000000 0.000000 -1.000000
vn 0.000000 0.000000 -1.000000
vn 0.000000 0.000000 -1.000000
vn 0.000000 0.000000 -1.000000
vn 0.000000 0.000000 -1.000000
vn -0.000000 -0.000000 -1.000000
vn -0.000000 -0.000001 -1.000000
vn 0.000000 0.000000 -1.000000
vn 0.000000 0.000000 -1.000000
vn 0.000000 0.000000 -1.000000
vn 0.000000 0.000001 -1.000000
vn -0.000001 0.000001 -1.000000
vn -0.000001 0.000001 -1.000000
vn 0.000000 0.000000 -1.000000
vn 0.000000 0.000000 -1.000000
vn -0.000000 -0.000000 -1.000000
vn 0.000000 0.000000 -1.000000
vn 0.000000 0.000000 -1.000000
vn -0.000000 -0.000000 -1.000000
vn 0.000000 0.000000 -1.000000
vn 0.000000 0.000000 -1.000000
vn -0.000000 -0.000000 -1.000000
vn 0.000000 -0.000001 -1.000000
vn 0.000000 -0.000000 -1.000000
vn 0.000001 -0.000001 -1.000000
vn -0.000000 0.000000 -1.000000
vn 0.000000 -0.000000 -1.000000
vn -0.000001 0.000000 -1.000000
vn -0.000002 0.000000 -1.000000
vn -0.000000 -0.000000 -1.000000
vn -0.000001 0.000000 -1.000000
vn -0.000001 0.000000 -1.000000
vn -0.000000 0.000000 -1.000000
vn -0.000000 0.000000 -1.000000
vn 0.000001 -0.000000 -1.000000
vn -0.000000 0.000000 -1.000000
vn 0.000000 0.000000 -1.000000
vn 0.000001 0.000000 -1.000000
vn -0.000000 -0.000000 -1.000000
vn 0.000000 -0.000000 -1.000000
vn 0.000000 0.000000 -1.000000
vn 0.000000 -0.000000 -1.000000
vn 0.000000 -0.000000 -1.000000
vn -0.000000 -0.000000 -1.000000
vn 0.000000 0.000000 -1.000000
vn 0.000000 -0.000000 -1.000000
vn -0.000000 -0.000001 -1.000000
vn -0.000000 -0.000000 -1.000000
vn -0.000000 -0.000000 -1.000000
vn -0.000000 -0.000000 -1.000000
vn 0.000000 0.000000 -1.000000
vn -0.000000 -0.000000 -1.000000
vn 0.000000 0.000000 -1.000000
vn 0.000000 0.000000 -1.000000
vn 0.000000 0.000000 -1.000000
vn 0.000000 0.000000 -1.000000
vn 0.000000 0.000000 -1.000000
vn 0.000000 0.000000 -1.000000
vn -0.000000 -0.000000 -1.000000
vn 0.000000 0.000000 -1.000000
vn 0.000000 0.000000 -1.000000
vn 0.000000 0.000000 -1.000000
vn 0.000000 0.000000 -1.000000
vn -0.000000 -0.000000 -1.000000
vn 0.000000 0.000000 -1.000000
vn 0.000000 0.000000 -1.000000
vn 0.000000 0.000000 -1.000000
vn 0.000000 0.000000 -1.000000
vn -0.000000 -0.000000 -1.000000
vn -0.000000 -0.000000 -1.000000
vn 0.000000 0.000000 -1.000000
vn 0.000000 0.000000 -1.000000
vn 0.000000 0.000000 -1.000000
vn 0.000000 0.000000 -1.000000
vn 0.000000 0.000000 -1.000000
vn 0.000000 0.000000 -1.000000
vn 0.000000 0.000000 -1.000000
vn 0.000000 0.000000 -1.000000
vn -0.000000 -0.000000 -1.000000
vn 0.000000 0.000000 -1.000000
vn 0.000000 0.000000 -1.000000
vn 0.000000 0.000000 -1.000000
vn 0.000000 0.000000 -1.000000
vn -0.000000 -0.000000 -1.000000
vn 0.000000 0.000000 -1.000000
vn -0.000000 -0.000001 -1.000000
vn 0.000000 -0.000001 -1.000000
vn -0.000000 -0.000000 -1.000000
vn -0.000000 -0.000000 -1.000000
vn 0.000001 -0.000001 -1.000000
vn 0.000000 0.000001 -1.000000
vn 0.000001 0.000000 -1.000000
vn 0.000000 0.000000 -1.000000
vn -0.000001 -0.000001 -1.000000
vn -0.000001 0.000001 -1.000000
vn -0.983167 0.182711 0.000000
vn -0.995055 0.099327 -0.000000
vn -0.995055 0.099327 -0.000000
vn -0.983167 0.182711 0.000000
vn -0.943043 0.332671 -0.000000
vn -0.943043 0.332671 -0.000000
vn -0.899199 0.437540 -0.000001
vn -0.899199 0.437540 -0.000001
vn 0.126680 -0.991944 0.000001
vn 0.370835 -0.928699 0.000000
vn 0.370835 -0.928699 0.000000
vn 0.126681 -0.991944 0.000001
vn -0.999067 0.043190 -0.000001
vn -0.999067 0.043190 -0.000001
vn -0.110839 -0.993838 0.000001
vn -0.110839 -0.993838 0.000001
vn 0.736034 -0.676944 -0.000001
vn 0.710992 -0.703200 -0.000000
vn 0.710992 -0.703200 -0.000000
vn 0.736034 -0.676944 -0.000001
vn 0.751348 -0.659906 -0.000001
vn 0.751348 -0.659906 -0.000001
vn 0.689459 -0.724325 -0.000000
vn 0.689459 -0.724325 -0.000000
vn 0.668038 -0.744127 -0.000000
vn 0.668038 -0.744127 -0.000000
vn 0.640921 -0.767607 -0.000000
vn 0.640921 -0.767607 -0.000000
vn 0.619277 -0.785173 -0.000000
vn 0.619277 -0.785172 -0.000000
vn 0.588816 -0.808267 0.000000
vn 0.588816 -0.808267 0.000000
vn 0.563521 -0.826102 0.000001
vn 0.563521 -0.826102 0.000001
vn 0.526442 -0.850211 0.000001
vn 0.526442 -0.850211 0.000001
vn 0.497967 -0.867196 0.000001
vn 0.497967 -0.867196 0.000001
vn 0.454545 -0.890724 0.000001
vn 0.454545 -0.890724 0.000001
vn 0.415947 -0.909389 -0.000000
vn 0.415947 -0.909389 -0.000000
vn 0.440937 -0.897538 -0.000001
vn 0.440937 -0.897538 -0.000001
vn 0.572991 -0.819561 0.000000
vn 0.572991 -0.819561 0.000000
vn -0.320315 0.947311 -0.000000
vn -0.373150 0.927771 0.000001
vn -0.373150 0.927771 0.000001
vn -0.320315 0.947311 -0.000000
vn -0.429083 0.903265 0.000001
vn -0.429083 0.903265 0.000001
vn 0.826196 -0.563382 0.000001
vn 0.826197 -0.563382 0.000001
vn -0.218260 0.975891 -0.000000
vn -0.218260 0.975891 -0.000000
vn 0.965867 -0.259039 0.000000
vn 0.989679 -0.143301 -0.000000
vn 0.989679 -0.143301 -0.000000
vn 0.965867 -0.259039 0.000000
vn 0.999686 0.025051 0.000000
vn 0.999686 0.025050 0.000000
vn 0.988047 0.154155 0.000000
vn 0.988047 0.154155 0.000000
vn -0.136587 0.990628 -0.000000
vn -0.136587 0.990628 -0.000000
vn -0.436169 0.899865 -0.000001
vn -0.459354 0.888253 -0.000001
vn -0.459354 0.888254 -0.000001
vn -0.436169 0.899865 -0.000001
vn -0.429668 0.902987 -0.000000
vn -0.429668 0.902987 -0.000000
vn -0.463661 0.886013 0.000000
vn -0.463661 0.886013 0.000000
vn -0.493433 0.869784 0.000000
vn -0.493433 0.869784 0.000000
vn -0.520804 0.853676 -0.000000
vn -0.520804 0.853676 -0.000000
vn -0.542286 0.840194 -0.000000
vn -0.542286 0.840194 -0.000000
vn -0.563154 0.826352 0.000000
vn -0.563154 0.826352 0.000000
vn -0.587321 0.809354 -0.000000
vn -0.587321 0.809354 -0.000000
vn -0.606523 0.795066 -0.000001
vn -0.606523 0.795066 -0.000001
vn -0.636554 0.771232 -0.000000
vn -0.636554 0.771232 -0.000000
vn -0.669116 0.743158 -0.000000
vn -0.669116 0.743158 -0.000000
vn -0.690025 0.723786 -0.000001
vn -0.690025 0.723786 -0.000001
vn -0.717621 0.696434 0.000000
vn -0.717621 0.696434 0.000000
vn -0.736221 0.676741 0.000001
vn -0.736221 0.676741 0.000001
vn -0.759141 0.650926 0.000000
vn -0.759141 0.650926 0.000000
vn -0.775037 0.631916 -0.000000
vn -0.775037 0.631916 -0.000000
vn -0.793094 0.609099 0.000000
vn -0.793094 0.609099 0.000000
vn -0.807993 0.589192 0.000000
vn -0.807993 0.589192 0.000000
vn -0.825212 0.564824 0.000000
vn -0.825211 0.564824 0.000000
vn -0.840013 0.542566 0.000000
vn -0.840013 0.542566 0.000000
vn -0.857473 0.514528 0.000000
vn -0.857473 0.514528 0.000000
vn -0.874776 0.484527 0.000000
vn -0.874776 0.484527 0.000000
vn -0.890189 0.455592 0.000000
vn -0.890189 0.455592 0.000000
vn -0.907374 0.420324 0.000000
vn -0.907374 0.420324 0.000000
vn 0.398097 -0.917343 0.000000
vn 0.398097 -0.917343 0.000000
vn 0.430677 -0.902506 0.000000
vn 0.430677 -0.902506 0.000000
vn 0.468457 -0.883486 -0.000000
vn 0.468457 -0.883486 -0.000000
vn 0.507661 -0.861557 -0.000000
vn 0.507661 -0.861557 -0.000000
vn 0.547773 -0.836627 0.000000
vn 0.547773 -0.836627 0.000000
vn -0.915286 0.402805 0.000000
vn -0.915286 0.402805 0.000000
vn -0.939122 0.343585 -0.000000
vn -0.945244 0.326363 -0.000001
vn -0.945244 0.326363 -0.000001
vn -0.939122 0.343585 -0.000000
vn -0.924602 0.380934 -0.000000
vn -0.924602 0.380934 -0.000000
vn -0.909035 0.416719 -0.000000
vn -0.909035 0.416719 -0.000000
vn -0.894769 0.446530 0.000000
vn -0.894769 0.446530 0.000000
vn -0.888189 0.459478 0.000000
vn -0.888189 0.459478 0.000000
vn -0.885657 0.464339 0.000001
vn -0.885657 0.464339 0.000001
vn -0.881235 0.472679 0.000001
vn -0.881235 0.472679 0.000001
vn -0.875613 0.483013 0.000000
vn -0.875613 0.483013 0.000000
vn 0.867013 -0.498285 0.000000
vn 0.854919 -0.518761 -0.000000
vn 0.854919 -0.518761 -0.000000
vn 0.867013 -0.498285 0.000000
vn 0.881539 -0.472111 -0.000000
vn 0.881539 -0.472111 -0.000000
vn -0.871022 0.491244 0.000001
vn -0.871022 0.491244 0.000001
vn 0.834285 -0.551333 -0.000001
vn 0.834285 -0.551333 -0.000001
vn -0.847160 0.531338 0.000001
vn -0.847160 0.531338 0.000001
vn 0.818603 -0.574360 -0.000001
vn 0.818603 -0.574360 -0.000001
vn -0.807279 0.590171 0.000001
vn -0.807279 0.590171 0.000001
vn 0.805878 -0.592082 -0.000000
vn 0.805878 -0.592082 -0.000000
vn -0.786769 0.617248 0.000000
vn -0.786769 0.617248 0.000000
vn 0.787489 -0.616328 0.000001
vn 0.787489 -0.616328 0.000001
vn -0.785614 0.618717 0.000000
vn -0.785614 0.618717 0.000000
vn 0.773021 -0.634381 0.000000
vn 0.773020 -0.634381 0.000000
vn -0.783487 0.621408 0.000000
vn -0.783487 0.621408 0.000000
vn -0.760980 0.648775 0.000000
vn -0.760980 0.648775 0.000000
vn -0.734946 0.678125 0.000000
vn -0.734946 0.678125 0.000000
vn -0.709974 0.704228 0.000000
vn -0.709974 0.704228 0.000000
vn -0.680378 0.732862 0.000000
vn -0.680378 0.732862 0.000000
vn -0.652714 0.757604 0.000000
vn -0.652714 0.757604 0.000000
vn -0.619983 0.784615 0.000000
vn -0.619983 0.784615 0.000000
vn -0.590167 0.807281 0.000000
vn -0.590167 0.807281 0.000000
vn -0.549315 0.835615 0.000000
vn -0.549315 0.835615 0.000000
vn -0.519795 0.854291 0.000001
vn -0.519795 0.854291 0.000001
vn -0.494236 0.869328 0.000000
vn -0.494236 0.869328 0.000000
vn -0.471610 0.881807 -0.000001
vn -0.471610 0.881807 -0.000001
vn -0.458851 0.888513 -0.000001
vn -0.458851 0.888513 -0.000001
vn 0.572373 -0.819993 0.000000
vn 0.572373 -0.819993 0.000000
vn 0.596983 -0.802254 -0.000001
vn 0.596983 -0.802254 -0.000001
vn 0.615690 -0.787988 -0.000002
vn 0.615690 -0.787988 -0.000002
vn 0.636168 -0.771551 -0.000001
vn 0.636168 -0.771551 -0.000001
vn 0.673010 -0.739634 0.000001
vn 0.673010 -0.739634 0.000001
vn 0.689455 -0.724329 0.000001
vn 0.689455 -0.724329 0.000001
vn 0.700755 -0.713402 0.000001
vn 0.700755 -0.713402 0.000001
vn 0.726084 -0.687606 0.000001
vn 0.726084 -0.687606 0.000001
vn 0.752573 -0.658508 0.000000
vn 0.752573 -0.658508 0.000000
vn 0.775346 -0.631537 -0.000000
vn 0.775346 -0.631537 -0.000000
vn 0.790100 -0.612978 0.000000
vn 0.790100 -0.612978 0.000000
vn 0.806271 -0.591546 0.000000
vn 0.806271 -0.591546 0.000000
vn 0.817229 -0.576313 -0.000000
vn 0.817229 -0.576313 -0.000000
vn 0.832541 -0.553963 -0.000001
vn 0.832541 -0.553963 -0.000001
vn 0.846144 -0.532954 -0.000000
vn 0.846144 -0.532954 -0.000000
vn 0.862437 -0.506165 0.000001
vn 0.862437 -0.506165 0.000001
vn 0.877848 -0.478940 0.000001
vn 0.877848 -0.478940 0.000001
vn 0.891537 -0.452948 0.000001
vn 0.891537 -0.452948 0.000001
vn 0.903002 -0.429636 0.000000
vn 0.903002 -0.429636 0.000000
vn 0.912463 -0.409160 -0.000000
vn 0.912463 -0.409160 -0.000000
vn -0.922643 0.385656 0.000000
vn -0.922643 0.385656 0.000000
vn 0.920622 -0.390455 -0.000000
vn 0.920622 -0.390455 -0.000000
vn -0.924076 0.382208 0.000000
vn -0.924076 0.382208 0.000000
vn 0.926489 -0.376323 -0.000000
vn 0.926489 -0.376323 -0.000000
vn -0.923905 0.382622 0.000000
vn -0.923905 0.382622 0.000000
vn 0.931630 -0.363408 -0.000000
vn 0.931630 -0.363408 -0.000000
vn -0.925081 0.379770 0.000000
vn -0.925081 0.379770 0.000000
vn 0.934827 -0.355103 -0.000000
vn 0.934827 -0.355103 -0.000000
vn -0.927550 0.373700 0.000000
vn -0.927550 0.373700 0.000000
vn 0.936826 -0.349796 -0.000000
vn 0.936826 -0.349796 -0.000000
vn -0.929170 0.369652 0.000000
vn -0.929170 0.369652 0.000000
vn 0.945997 -0.324175 0.000000
vn 0.942599 -0.333927 0.000000
vn 0.942599 -0.333927 0.000000
vn 0.945997 -0.324175 0.000000
vn 0.934159 -0.356856 0.000001
vn 0.934159 -0.356856 0.000001
vn 0.924705 -0.380684 0.000001
vn 0.924705 -0.380684 0.000001
vn 0.910748 -0.412962 0.000000
vn 0.910748 -0.412962 0.000000
vn 0.899326 -0.437278 -0.000001
vn 0.899326 -0.437278 -0.000001
vn 0.893222 -0.449616 -0.000001
vn 0.893222 -0.449616 -0.000001
vn -0.348089 -0.937462 0.000000
vn -0.348089 -0.937462 0.000000
vn -0.348089 -0.937461 0.000000
vn -0.348089 -0.937461 0.000000
vn -0.348089 -0.937461 0.000000
vn -0.348089 -0.937462 0.000000
vn -0.348089 -0.937461 0.000000
vn -0.348089 -0.937461 0.000000
vn -0.348089 -0.937462 0.000000
vn -0.348089 -0.937461 0.000000
vn -0.348089 -0.937462 0.000000
vn -0.348089 -0.937462 0.000000
vn 0.348318 0.937376 0.000001
vn 0.348318 0.937376 0.000001
vn 0.348318 0.937376 0.000001
vn 0.348318 0.937376 0.000001
vn 0.348318 0.937376 0.000001
vn 0.348318 0.937376 0.000001
vn 0.348318 0.937376 0.000001
vn 0.348318 0.937376 0.000001
vn 0.348318 0.937376 0.000001
vn 0.348318 0.937376 0.000001
vn 0.348318 0.937376 0.000001
vn 0.348318 0.937376 0.000001
s 1
g logo muscl_n_nutrition
usemtl blinn6SG
f 4287//5257 4288//5258 4289//5259 4290//5260
f 4287//5257 4291//5261 4292//5262 4288//5258
f 4287//5257 4293//5263 4294//5264 4291//5261
f 4287//5257 4290//5260 4295//5265 4293//5263
f 4293//5263 4295//5265 4296//5266 4297//5267
f 4293//5263 4297//5267 4298//5268 4294//5264
f 4288//5258 4299//5269 4300//5270 4289//5259
f 4288//5258 4292//5262 4301//5271 4299//5269
s 2
f 4302//5272 4303//5273 4304//5274 4305//5275
f 4302//5272 4306//5276 4307//5277 4303//5273
f 4302//5272 4308//5278 4309//5279 4306//5276
f 4302//5272 4305//5275 4310//5280 4308//5278
f 4303//5273 4311//5281 4312//5282 4304//5274
f 4303//5273 4307//5277 4313//5283 4311//5281
f 4311//5281 4314//5284 4315//5285 4312//5282
f 4311//5281 4313//5283 4316//5286 4314//5284
f 4314//5284 4317//5287 4318//5288 4315//5285
f 4314//5284 4316//5286 4319//5289 4317//5287
f 4317//5287 4320//5290 4321//5291 4318//5288
f 4317//5287 4319//5289 4322//5292 4320//5290
f 4318//5288 4321//5291 4323//5293 4324//5294
f 4318//5288 4324//5294 4325//5295 4315//5285
f 4320//5290 4326//5296 4327//5297 4321//5291
f 4320//5290 4322//5292 4328//5298 4326//5296
f 4321//5291 4327//5297 4329//5299 4323//5293
f 4326//5296 4330//5300 4331//5301 4327//5297
f 4326//5296 4328//5298 4332//5302 4330//5300
f 4327//5297 4331//5301 4333//5303 4329//5299
f 4330//5300 4334//5304 4335//5305 4331//5301
f 4330//5300 4332//5302 4336//5306 4334//5304
f 4331//5301 4335//5305 4337//5307 4333//5303
f 4334//5304 4338//5308 4339//5309 4335//5305
f 4334//5304 4336//5306 4340//5310 4338//5308
f 4335//5305 4339//5309 4341//5311 4337//5307
f 4337//5307 4341//5311 4342//5312 4343//5313
f 4337//5307 4343//5313 4344//5314 4333//5303
f 4338//5308 4345//5315 4346//5316 4339//5309
f 4338//5308 4340//5310 4347//5317 4345//5315
f 4339//5309 4346//5316 4348//5318 4341//5311
f 4341//5311 4348//5318 4349//5319 4342//5312
f 4345//5315 4350//5320 4351//5321 4346//5316
f 4345//5315 4347//5317 4352//5322 4350//5320
f 4346//5316 4351//5321 4353//5323 4348//5318
f 4348//5318 4353//5323 4354//5324 4349//5319
f 4350//5320 4355//5325 4356//5326 4351//5321
f 4350//5320 4352//5322 4357//5327 4355//5325
f 4351//5321 4356//5326 4358//5328 4353//5323
f 4353//5323 4358//5328 4359//5329 4354//5324
f 4355//5325 4360//5330 4361//5331 4356//5326
f 4355//5325 4357//5327 4362//5332 4360//5330
f 4356//5326 4361//5331 4363//5333 4358//5328
f 4358//5328 4363//5333 4364//5334 4359//5329
f 4359//5329 4364//5334 4365//5335 4366//5336
f 4359//5329 4366//5336 4367//5337 4354//5324
f 4360//5330 4368//5338 4369//5339 4361//5331
f 4360//5330 4362//5332 4370//5340 4368//5338
f 4361//5331 4369//5339 4371//5341 4363//5333
f 4363//5333 4371//5341 4372//5342 4364//5334
f 4364//5334 4372//5342 4373//5343 4365//5335
f 4369//5339 4374//5344 4375//5345 4371//5341
f 4369//5339 4368//5338 4370//5340 4374//5344
f 4371//5341 4375//5345 4376//5346 4372//5342
f 4372//5342 4376//5346 4377//5347 4373//5343
s 1
f 4290//5260 4378//5348 4379//5349 4295//5265
f 4290//5260 4289//5259 4380//5350 4378//5348
f 4295//5265 4379//5349 4381//5351 4296//5266
f 4296//5266 4382//5352 4298//5268 4297//5267
f 4296//5266 4381//5351 4383//5353 4382//5352
f 4378//5348 4384//5354 4385//5355 4379//5349
f 4378//5348 4380//5350 4386//5356 4384//5354
f 4379//5349 4385//5355 4387//5357 4381//5351
f 4381//5351 4387//5357 4388//5358 4383//5353
f 4384//5354 4389//5359 4390//5360 4385//5355
f 4384//5354 4386//5356 4391//5361 4389//5359
f 4385//5355 4390//5360 4392//5362 4387//5357
f 4387//5357 4392//5362 4393//5363 4388//5358
f 4389//5359 4391//5361 4394//5364 4395//5365
f 4389//5359 4395//5365 4396//5366 4390//5360
f 4390//5360 4396//5366 4397//5367 4392//5362
f 4392//5362 4397//5367 4398//5368 4393//5363
f 4395//5365 4394//5364 4399//5369 4400//5370
f 4395//5365 4400//5370 4401//5371 4396//5366
f 4396//5366 4401//5371 4402//5372 4397//5367
f 4397//5367 4402//5372 4403//5373 4398//5368
f 4400//5370 4399//5369 4404//5374 4405//5375
f 4400//5370 4405//5375 4406//5376 4401//5371
f 4401//5371 4406//5376 4407//5377 4402//5372
f 4402//5372 4407//5377 4408//5378 4403//5373
f 4405//5375 4404//5374 4409//5379 4410//5380
f 4405//5375 4410//5380 4411//5381 4406//5376
f 4406//5376 4411//5381 4412//5382 4407//5377
f 4407//5377 4412//5382 4413//5383 4408//5378
f 4411//5381 4414//5384 4415//5385 4412//5382
f 4411//5381 4410//5380 4416//5386 4414//5384
f 4412//5382 4415//5385 4417//5387 4413//5383
f 4414//5384 4418//5388 4419//5389 4415//5385
f 4414//5384 4416//5386 4420//5390 4418//5388
f 4415//5385 4419//5389 4421//5391 4417//5387
f 4418//5388 4422//5392 4423//5393 4419//5389
f 4418//5388 4420//5390 4424//5394 4422//5392
f 4419//5389 4423//5393 4425//5395 4421//5391
f 4422//5392 4426//5396 4427//5397 4423//5393
f 4422//5392 4424//5394 4428//5398 4426//5396
f 4423//5393 4427//5397 4429//5399 4425//5395
f 4426//5396 4428//5398 4430//5400 4431//5401
f 4426//5396 4431//5401 4432//5402 4427//5397
f 4427//5397 4432//5402 4433//5403 4429//5399
f 4431//5401 4430//5400 4434//5404 4435//5405
f 4431//5401 4435//5405 4436//5406 4432//5402
f 4432//5402 4436//5406 4437//5407 4433//5403
f 4435//5405 4434//5404 4438//5408 4439//5409
f 4435//5405 4439//5409 4440//5410 4436//5406
f 4436//5406 4440//5410 4441//5411 4437//5407
f 4439//5409 4438//5408 4442//5412 4443//5413
f 4439//5409 4443//5413 4444//5414 4440//5410
f 4440//5410 4444//5414 4445//5415 4441//5411
f 4444//5414 4446//5416 4447//5417 4445//5415
f 4444//5414 4443//5413 4448//5418 4446//5416
f 4446//5416 4449//5419 4450//5420 4447//5417
f 4446//5416 4448//5418 4451//5421 4449//5419
f 4449//5419 4452//5422 4453//5423 4450//5420
f 4449//5419 4451//5421 4454//5424 4452//5422
f 4452//5422 4455//5425 4456//5426 4453//5423
f 4452//5422 4454//5424 4457//5427 4455//5425
f 4455//5425 4457//5427 4458//5428 4459//5429
f 4455//5425 4459//5429 4460//5430 4456//5426
f 4459//5429 4458//5428 4461//5431 4462//5432
f 4459//5429 4462//5432 4463//5433 4460//5430
f 4462//5432 4461//5431 4464//5434 4465//5435
f 4462//5432 4465//5435 4466//5436 4463//5433
f 4465//5435 4464//5434 4467//5437 4468//5438
f 4465//5435 4468//5438 4469//5439 4466//5436
f 4289//5259 4300//5270 4470//5440 4380//5350
f 4380//5350 4470//5440 4471//5441 4386//5356
f 4386//5356 4471//5441 4472//5442 4391//5361
f 4391//5361 4472//5442 4473//5443 4394//5364
f 4394//5364 4473//5443 4474//5444 4399//5369
f 4410//5380 4409//5379 4475//5445 4416//5386
f 4416//5386 4475//5445 4476//5446 4420//5390
f 4420//5390 4476//5446 4477//5447 4424//5394
f 4424//5394 4477//5447 4478//5448 4428//5398
f 4443//5413 4442//5412 4479//5449 4448//5418
f 4448//5418 4479//5449 4480//5450 4451//5421
f 4451//5421 4480//5450 4481//5451 4454//5424
f 4468//5438 4467//5437 4482//5452 4483//5453
f 4468//5438 4483//5453 4484//5454 4469//5439
s 2
f 4486//5455 4488//5456 4489//5457 4487//5458
f 4486//5455 4485//5459 4490//5460 4488//5456
f 4488//5456 4491//5461 4492//5462 4489//5457
f 4488//5456 4490//5460 4493//5463 4491//5461
f 4493//5463 4494//5464 4495//5465 4496//5466
f 4493//5463 4490//5460 4497//5467 4494//5464
f 4493//5463 4496//5466 4498//5468 4491//5461
f 4491//5461 4498//5468 4499//5469 4492//5462
f 4496//5466 4500//5470 4501//5471 4498//5468
f 4496//5466 4495//5465 4502//5472 4500//5470
f 4498//5468 4501//5471 4503//5473 4499//5469
f 4500//5470 4504//5474 4505//5475 4501//5471
f 4500//5470 4502//5472 4506//5476 4504//5474
f 4501//5471 4505//5475 4507//5477 4503//5473
f 4506//5476 4508//5478 4509//5479 4510//5480
f 4506//5476 4502//5472 4511//5481 4508//5478
f 4506//5476 4510//5480 4512//5482 4504//5474
f 4504//5474 4512//5482 4513//5483 4505//5475
f 4505//5475 4513//5483 4514//5484 4507//5477
f 4510//5480 4509//5479 4515//5485 4516//5486
f 4510//5480 4516//5486 4517//5487 4512//5482
f 4512//5482 4517//5487 4518//5488 4513//5483
f 4513//5483 4518//5488 4519//5489 4514//5484
f 4516//5486 4520//5490 4521//5491 4517//5487
f 4516//5486 4515//5485 4522//5492 4520//5490
f 4517//5487 4521//5491 4523//5493 4518//5488
f 4518//5488 4523//5493 4524//5494 4519//5489
f 4522//5492 4525//5495 4526//5496 4527//5497
f 4522//5492 4515//5485 4528//5498 4525//5495
f 4522//5492 4527//5497 4529//5499 4520//5490
f 4520//5490 4529//5499 4530//5500 4521//5491
f 4521//5491 4530//5500 4531//5501 4523//5493
f 4523//5493 4531//5501 4532//5502 4524//5494
f 4527//5497 4526//5496 4533//5503 4534//5504
f 4527//5497 4534//5504 4535//5505 4529//5499
f 4529//5499 4535//5505 4536//5506 4530//5500
f 4530//5500 4536//5506 4537//5507 4531//5501
f 4531//5501 4537//5507 4538//5508 4532//5502
f 4534//5504 4539//5509 4540//5510 4535//5505
f 4534//5504 4533//5503 4541//5511 4539//5509
f 4535//5505 4540//5510 4542//5512 4536//5506
f 4536//5506 4542//5512 4543//5513 4537//5507
f 4537//5507 4543//5513 4544//5514 4538//5508
f 4539//5509 4545//5515 4546//5516 4540//5510
f 4539//5509 4541//5511 4547//5517 4545//5515
f 4540//5510 4546//5516 4548//5518 4542//5512
f 4542//5512 4548//5518 4549//5519 4543//5513
f 4543//5513 4549//5519 4550//5520 4544//5514
f 4545//5515 4551//5521 4552//5522 4546//5516
f 4545//5515 4547//5517 4553//5523 4551//5521
f 4546//5516 4552//5522 4554//5524 4548//5518
f 4548//5518 4554//5524 4555//5525 4549//5519
f 4549//5519 4555//5525 4556//5526 4550//5520
f 4551//5521 4557//5527 4558//5528 4552//5522
f 4551//5521 4553//5523 4559//5529 4557//5527
f 4552//5522 4558//5528 4560//5530 4554//5524
f 4554//5524 4560//5530 4561//5531 4555//5525
f 4555//5525 4561//5531 4562//5532 4556//5526
f 4557//5527 4308//5278 4310//5280 4558//5528
f 4557//5527 4559//5529 4309//5279 4308//5278
f 4558//5528 4310//5280 4563//5533 4560//5530
f 4560//5530 4563//5533 4564//5534 4561//5531
f 4561//5531 4564//5534 4565//5535 4562//5532
f 4310//5280 4305//5275 4566//5536 4563//5533
f 4563//5533 4566//5536 4567//5537 4564//5534
f 4564//5534 4567//5537 4568//5538 4565//5535
f 4305//5275 4304//5274 4569//5539 4566//5536
f 4566//5536 4569//5539 4570//5540 4567//5537
f 4567//5537 4570//5540 4571//5541 4568//5538
f 4304//5274 4312//5282 4572//5542 4569//5539
f 4569//5539 4572//5542 4573//5543 4570//5540
f 4570//5540 4573//5543 4574//5544 4571//5541
f 4312//5282 4315//5285 4325//5295 4572//5542
f 4572//5542 4325//5295 4575//5545 4573//5543
f 4573//5543 4575//5545 4576//5546 4574//5544
f 4325//5295 4324//5294 4577//5547 4575//5545
f 4575//5545 4577//5547 4578//5548 4576//5546
f 4324//5294 4323//5293 4579//5549 4577//5547
f 4577//5547 4579//5549 4580//5550 4578//5548
f 4323//5293 4329//5299 4581//5551 4579//5549
f 4579//5549 4581//5551 4582//5552 4580//5550
f 4329//5299 4333//5303 4344//5314 4581//5551
f 4581//5551 4344//5314 4583//5553 4582//5552
f 4344//5314 4343//5313 4584//5554 4583//5553
f 4343//5313 4342//5312 4585//5555 4584//5554
f 4342//5312 4349//5319 4586//5556 4585//5555
f 4349//5319 4354//5324 4367//5337 4586//5556
s 1
f 4399//5369 4474//5444 4587//5557 4404//5374
f 4404//5374 4587//5557 4588//5558 4409//5379
f 4409//5379 4588//5558 4589//5559 4475//5445
f 4475//5445 4589//5559 4590//5560 4476//5446
f 4476//5446 4590//5560 4591//5561 4477//5447
f 4477//5447 4591//5561 4592//5562 4478//5448
f 4478//5448 4593//5563 4430//5400 4428//5398
f 4478//5448 4592//5562 4594//5564 4593//5563
f 4593//5563 4595//5565 4434//5404 4430//5400
f 4593//5563 4594//5564 4596//5566 4595//5565
f 4595//5565 4597//5567 4438//5408 4434//5404
f 4595//5565 4596//5566 4598//5568 4597//5567
f 4597//5567 4599//5569 4442//5412 4438//5408
f 4597//5567 4598//5568 4600//5570 4599//5569
f 4599//5569 4601//5571 4479//5449 4442//5412
f 4599//5569 4600//5570 4602//5572 4601//5571
f 4601//5571 4603//5573 4480//5450 4479//5449
f 4601//5571 4602//5572 4604//5574 4603//5573
f 4603//5573 4605//5575 4481//5451 4480//5450
f 4603//5573 4604//5574 4606//5576 4605//5575
f 4605//5575 4607//5577 4608//5578 4481//5451
f 4605//5575 4606//5576 4609//5579 4607//5577
f 4481//5451 4608//5578 4457//5427 4454//5424
f 4607//5577 4610//5580 4611//5581 4608//5578
f 4607//5577 4609//5579 4612//5582 4610//5580
f 4608//5578 4611//5581 4458//5428 4457//5427
f 4610//5580 4613//5583 4614//5584 4611//5581
f 4610//5580 4612//5582 4615//5585 4613//5583
f 4611//5581 4614//5584 4461//5431 4458//5428
f 4613//5583 4616//5586 4617//5587 4614//5584
f 4613//5583 4615//5585 4618//5588 4616//5586
f 4614//5584 4617//5587 4464//5434 4461//5431
f 4616//5586 4619//5589 4620//5590 4617//5587
f 4616//5586 4618//5588 4621//5591 4619//5589
f 4617//5587 4620//5590 4467//5437 4464//5434
f 4619//5589 4622//5592 4623//5593 4620//5590
f 4619//5589 4621//5591 4624//5594 4622//5592
f 4620//5590 4623//5593 4482//5452 4467//5437
f 4622//5592 4625//5595 4626//5596 4623//5593
f 4622//5592 4624//5594 4627//5597 4625//5595
f 4623//5593 4626//5596 4628//5598 4482//5452
f 4482//5452 4628//5598 4629//5599 4483//5453
f 4483//5453 4629//5599 4630//5600 4484//5454
f 4625//5595 4631//5601 4632//5602 4626//5596
f 4625//5595 4627//5597 4633//5603 4631//5601
f 4626//5596 4632//5602 4634//5604 4628//5598
f 4628//5598 4634//5604 4635//5605 4629//5599
f 4629//5599 4635//5605 4636//5606 4630//5600
f 4631//5601 4637//5607 4638//5608 4632//5602
f 4631//5601 4633//5603 4639//5609 4637//5607
f 4632//5602 4638//5608 4640//5610 4634//5604
f 4634//5604 4640//5610 4641//5611 4635//5605
f 4635//5605 4641//5611 4642//5612 4636//5606
f 4637//5607 4643//5613 4644//5614 4638//5608
f 4637//5607 4639//5609 4645//5615 4643//5613
f 4638//5608 4644//5614 4646//5616 4640//5610
f 4640//5610 4646//5616 4647//5617 4641//5611
f 4641//5611 4647//5617 4648//5618 4642//5612
f 4643//5613 4649//5619 4650//5620 4644//5614
f 4643//5613 4645//5615 4651//5621 4649//5619
f 4644//5614 4650//5620 4652//5622 4646//5616
f 4646//5616 4652//5622 4653//5623 4647//5617
f 4647//5617 4653//5623 4654//5624 4648//5618
f 4649//5619 4655//5625 4656//5626 4650//5620
f 4649//5619 4651//5621 4657//5627 4655//5625
f 4650//5620 4656//5626 4658//5628 4652//5622
f 4652//5622 4658//5628 4659//5629 4653//5623
f 4653//5623 4659//5629 4660//5630 4654//5624
s 2
f 4661//5631 4664//5632 4497//5467 4662//5633
f 4661//5631 4663//5634 4665//5635 4664//5632
f 4662//5633 4497//5467 4490//5460 4485//5459
f 4664//5632 4666//5636 4494//5464 4497//5467
f 4664//5632 4665//5635 4667//5637 4666//5636
f 4666//5636 4668//5638 4495//5465 4494//5464
f 4666//5636 4667//5637 4669//5639 4668//5638
f 4668//5638 4511//5481 4502//5472 4495//5465
f 4668//5638 4669//5639 4670//5640 4511//5481
f 4511//5481 4670//5640 4671//5641 4508//5478
f 4508//5478 4671//5641 4672//5642 4509//5479
f 4509//5479 4672//5642 4528//5498 4515//5485
s 5
f 3901//5643 3939//5644 3984//5645 3903//5646
f 3901//5643 3903//5646 4259//5647 4260//5648
f 3901//5643 4260//5648 4261//5649 3902//5650
f 3901//5643 3902//5650 3940//5651 3939//5644
f 3902//5650 4286//5652 3941//5653 3940//5651
f 3902//5650 4261//5649 4151//5654 4286//5652
f 3903//5646 3984//5645 4215//5655 4214//5656
f 3903//5646 4214//5656 4284//5657 4259//5647
s 6
f 3904//5658 4046//5659 4049//5660 3905//5661
f 3904//5658 3905//5661 4277//5662 4278//5663
f 3904//5658 4278//5663 4279//5664 4042//5665
f 3904//5658 4042//5665 4043//5666 4046//5659
f 3905//5661 4049//5660 4052//5667 3906//5668
f 3905//5661 3906//5668 4276//5669 4277//5662
f 3906//5668 4052//5667 4055//5670 3907//5671
f 3906//5668 3907//5671 4275//5672 4276//5669
f 3907//5671 4055//5670 3909//5673 3908//5674
f 3907//5671 3908//5674 4274//5675 4275//5672
f 3908//5674 3909//5673 3911//5676 3910//5677
f 3908//5674 3910//5677 4273//5678 4274//5675
f 3909//5673 4058//5679 4060//5680 3911//5676
f 3909//5673 4055//5670 4056//5681 4058//5679
f 3910//5677 3911//5676 3913//5682 3912//5683
f 3910//5677 3912//5683 4272//5684 4273//5678
f 3911//5676 4060//5680 4062//5685 3913//5682
f 3912//5683 3913//5682 3915//5686 3914//5687
f 3912//5683 3914//5687 4271//5688 4272//5684
f 3913//5682 4062//5685 4064//5689 3915//5686
f 3914//5687 3915//5686 3917//5690 3916//5691
f 3914//5687 3916//5691 4270//5692 4271//5688
f 3915//5686 4064//5689 3918//5693 3917//5690
f 3916//5691 3917//5690 3920//5694 3919//5695
f 3916//5691 3919//5695 4269//5696 4270//5692
f 3917//5690 3918//5693 3921//5697 3920//5694
f 3918//5693 4066//5698 4067//5699 3921//5697
f 3918//5693 4064//5689 4065//5700 4066//5698
f 3919//5695 3920//5694 3923//5701 3922//5702
f 3919//5695 3922//5702 4268//5703 4269//5696
f 3920//5694 3921//5697 3924//5704 3923//5701
f 3921//5697 4067//5699 4068//5705 3924//5704
f 3922//5702 3923//5701 3926//5706 3925//5707
f 3922//5702 3925//5707 4267//5708 4268//5703
f 3923//5701 3924//5704 3927//5709 3926//5706
f 3924//5704 4068//5705 4069//5710 3927//5709
f 3925//5707 3926//5706 3929//5711 3928//5712
f 3925//5707 3928//5712 4266//5713 4267//5708
f 3926//5706 3927//5709 3930//5714 3929//5711
f 3927//5709 4069//5710 3931//5715 3930//5714
f 3928//5712 3929//5711 3933//5716 3932//5717
f 3928//5712 3932//5717 4265//5718 4266//5713
f 3929//5711 3930//5714 3934//5719 3933//5716
f 3930//5714 3931//5715 3935//5720 3934//5719
f 3931//5715 4211//5721 4212//5722 3935//5720
f 3931//5715 4069//5710 4210//5723 4211//5721
f 3932//5717 3933//5716 3936//5724 4283//5725
f 3932//5717 4283//5725 4264//5726 4265//5718
f 3933//5716 3934//5719 3937//5727 3936//5724
f 3934//5719 3935//5720 3938//5728 3937//5727
f 3935//5720 4212//5722 4213//5729 3938//5728
f 3936//5724 3937//5727 4262//5730 4263//5731
f 3936//5724 4263//5731 4264//5726 4283//5725
f 3937//5727 3938//5728 4258//5732 4262//5730
f 3938//5728 4213//5729 4285//5733 4258//5732
s 5
f 3939//5644 3940//5651 3943//5734 3942//5735
f 3939//5644 3942//5735 3985//5736 3984//5645
f 3940//5651 3941//5653 3944//5737 3943//5734
f 3941//5653 4286//5652 4151//5654 4152//5738
f 3941//5653 4152//5738 4153//5739 3944//5737
f 3942//5735 3943//5734 3946//5740 3945//5741
f 3942//5735 3945//5741 3986//5742 3985//5736
f 3943//5734 3944//5737 3947//5743 3946//5740
f 3944//5737 4153//5739 4154//5744 3947//5743
f 3945//5741 3946//5740 3949//5745 3948//5746
f 3945//5741 3948//5746 3987//5747 3986//5742
f 3946//5740 3947//5743 3950//5748 3949//5745
f 3947//5743 4154//5744 4155//5749 3950//5748
f 3948//5746 3951//5750 3988//5751 3987//5747
f 3948//5746 3949//5745 3952//5752 3951//5750
f 3949//5745 3950//5748 3953//5753 3952//5752
f 3950//5748 4155//5749 4156//5754 3953//5753
f 3951//5750 3954//5755 4070//5756 3988//5751
f 3951//5750 3952//5752 3955//5757 3954//5755
f 3952//5752 3953//5753 3956//5758 3955//5757
f 3953//5753 4156//5754 4157//5759 3956//5758
f 3954//5755 3957//5760 4071//5761 4070//5756
f 3954//5755 3955//5757 3958//5762 3957//5760
f 3955//5757 3956//5758 3959//5763 3958//5762
f 3956//5758 4157//5759 4158//5764 3959//5763
f 3957//5760 3989//5765 4072//5766 4071//5761
f 3957//5760 3958//5762 3960//5767 3989//5765
f 3958//5762 3959//5763 3961//5768 3960//5767
f 3959//5763 4158//5764 4159//5769 3961//5768
f 3960//5767 3961//5768 3963//5770 3962//5771
f 3960//5767 3962//5771 3990//5772 3989//5765
f 3961//5768 4159//5769 4160//5773 3963//5770
f 3962//5771 3963//5770 3965//5774 3964//5775
f 3962//5771 3964//5775 3991//5776 3990//5772
f 3963//5770 4160//5773 4161//5777 3965//5774
f 3964//5775 3965//5774 3967//5778 3966//5779
f 3964//5775 3966//5779 3992//5780 3991//5776
f 3965//5774 4161//5777 4162//5781 3967//5778
f 3966//5779 3967//5778 3969//5782 3968//5783
f 3966//5779 3968//5783 4077//5784 3992//5780
f 3967//5778 4162//5781 4163//5785 3969//5782
f 3968//5783 3970//5786 4079//5787 4077//5784
f 3968//5783 3969//5782 3971//5788 3970//5786
f 3969//5782 4163//5785 4164//5789 3971//5788
f 3970//5786 3972//5790 4081//5791 4079//5787
f 3970//5786 3971//5788 3973//5792 3972//5790
f 3971//5788 4164//5789 4165//5793 3973//5792
f 3972//5790 3974//5794 4083//5795 4081//5791
f 3972//5790 3973//5792 3975//5796 3974//5794
f 3973//5792 4165//5793 4166//5797 3975//5796
f 3974//5794 3993//5798 4085//5799 4083//5795
f 3974//5794 3975//5796 3976//5800 3993//5798
f 3975//5796 4166//5797 4167//5801 3976//5800
f 3976//5800 4167//5801 4168//5802 3977//5803
f 3976//5800 3977//5803 3994//5804 3993//5798
f 3977//5803 4168//5802 4169//5805 3978//5806
f 3977//5803 3978//5806 3995//5807 3994//5804
f 3978//5806 4169//5805 4170//5808 3979//5809
f 3978//5806 3979//5809 4092//5810 3995//5807
f 3979//5809 4170//5808 4171//5811 3980//5812
f 3979//5809 3980//5812 4095//5813 4092//5810
f 3980//5812 3981//5814 4098//5815 4095//5813
f 3980//5812 4171//5811 4172//5816 3981//5814
f 3981//5814 3982//5817 4101//5818 4098//5815
f 3981//5814 4172//5816 4173//5819 3982//5817
f 3982//5817 3983//5820 4104//5821 4101//5818
f 3982//5817 4173//5819 4174//5822 3983//5820
f 3983//5820 3996//5823 4107//5824 4104//5821
f 3983//5820 4174//5822 4175//5825 3996//5823
f 3984//5645 3985//5736 4216//5826 4215//5655
f 3985//5736 3986//5742 4217//5827 4216//5826
f 3986//5742 3987//5747 4218//5828 4217//5827
f 3987//5747 3988//5751 4219//5829 4218//5828
f 3988//5751 4070//5756 4220//5830 4219//5829
f 3989//5765 3990//5772 4073//5831 4072//5766
f 3990//5772 3991//5776 4074//5832 4073//5831
f 3991//5776 3992//5780 4075//5833 4074//5832
f 3992//5780 4077//5784 4076//5834 4075//5833
f 3993//5798 3994//5804 4087//5835 4085//5799
f 3994//5804 3995//5807 4089//5836 4087//5835
f 3995//5807 4092//5810 4091//5837 4089//5836
f 3996//5823 4111//5838 4110//5839 4107//5824
f 3996//5823 4175//5825 4176//5840 4111//5838
s 6
f 3997//5841 4183//5842 4184//5843 3998//5844
f 3997//5841 3998//5844 4141//5845 4138//5846
f 3998//5844 4184//5843 4185//5847 4000//5848
f 3998//5844 4000//5848 3999//5849 4141//5845
f 3999//5849 4001//5850 4145//5851 4143//5852
f 3999//5849 4143//5852 4140//5853 4141//5845
f 3999//5849 4000//5848 4002//5854 4001//5850
f 4000//5848 4185//5847 4186//5855 4002//5854
f 4001//5850 4002//5854 4004//5856 4003//5857
f 4001//5850 4003//5857 4147//5858 4145//5851
f 4002//5854 4186//5855 4187//5859 4004//5856
f 4003//5857 4004//5856 4007//5860 4006//5861
f 4003//5857 4006//5861 4005//5862 4147//5858
f 4004//5856 4187//5859 4188//5863 4007//5860
f 4005//5862 4008//5864 4149//5865 4148//5866
f 4005//5862 4148//5866 4146//5867 4147//5858
f 4005//5862 4006//5861 4009//5868 4008//5864
f 4006//5861 4007//5860 4010//5869 4009//5868
f 4007//5860 4188//5863 4189//5870 4010//5869
f 4008//5864 4011//5871 4150//5872 4149//5865
f 4008//5864 4009//5868 4012//5873 4011//5871
f 4009//5868 4010//5869 4013//5874 4012//5873
f 4010//5869 4189//5870 4190//5875 4013//5874
f 4011//5871 4012//5873 4016//5876 4015//5877
f 4011//5871 4015//5877 4014//5878 4150//5872
f 4012//5873 4013//5874 4017//5879 4016//5876
f 4013//5874 4190//5875 4191//5880 4017//5879
f 4014//5878 4018//5881 4255//5882 4254//5883
f 4014//5878 4254//5883 4253//5884 4150//5872
f 4014//5878 4015//5877 4019//5885 4018//5881
f 4015//5877 4016//5876 4020//5886 4019//5885
f 4016//5876 4017//5879 4021//5887 4020//5886
f 4017//5879 4191//5880 4192//5888 4021//5887
f 4018//5881 4022//5889 4256//5890 4255//5882
f 4018//5881 4019//5885 4023//5891 4022//5889
f 4019//5885 4020//5886 4024//5892 4023//5891
f 4020//5886 4021//5887 4025//5893 4024//5892
f 4021//5887 4192//5888 4193//5894 4025//5893
f 4022//5889 4023//5891 4027//5895 4026//5896
f 4022//5889 4026//5896 4257//5897 4256//5890
f 4023//5891 4024//5892 4028//5898 4027//5895
f 4024//5892 4025//5893 4029//5899 4028//5898
f 4025//5893 4193//5894 4194//5900 4029//5899
f 4026//5896 4027//5895 4031//5901 4030//5902
f 4026//5896 4030//5902 4282//5903 4257//5897
f 4027//5895 4028//5898 4032//5904 4031//5901
f 4028//5898 4029//5899 4033//5905 4032//5904
f 4029//5899 4194//5900 4195//5906 4033//5905
f 4030//5902 4031//5901 4035//5907 4034//5908
f 4030//5902 4034//5908 4281//5909 4282//5903
f 4031//5901 4032//5904 4036//5910 4035//5907
f 4032//5904 4033//5905 4037//5911 4036//5910
f 4033//5905 4195//5906 4196//5912 4037//5911
f 4034//5908 4035//5907 4039//5913 4038//5914
f 4034//5908 4038//5914 4280//5915 4281//5909
f 4035//5907 4036//5910 4040//5916 4039//5913
f 4036//5910 4037//5911 4041//5917 4040//5916
f 4037//5911 4196//5912 4197//5918 4041//5917
f 4038//5914 4039//5913 4043//5666 4042//5665
f 4038//5914 4042//5665 4279//5664 4280//5915
f 4039//5913 4040//5916 4044//5919 4043//5666
f 4040//5916 4041//5917 4045//5920 4044//5919
f 4041//5917 4197//5918 4198//5921 4045//5920
f 4043//5666 4044//5919 4047//5922 4046//5659
f 4044//5919 4045//5920 4048//5923 4047//5922
f 4045//5920 4198//5921 4199//5924 4048//5923
f 4046//5659 4047//5922 4050//5925 4049//5660
f 4047//5922 4048//5923 4051//5926 4050//5925
f 4048//5923 4199//5924 4200//5927 4051//5926
f 4049//5660 4050//5925 4053//5928 4052//5667
f 4050//5925 4051//5926 4054//5929 4053//5928
f 4051//5926 4200//5927 4201//5930 4054//5929
f 4052//5667 4053//5928 4056//5681 4055//5670
f 4053//5928 4054//5929 4057//5931 4056//5681
f 4054//5929 4201//5930 4202//5932 4057//5931
f 4056//5681 4057//5931 4059//5933 4058//5679
f 4057//5931 4202//5932 4203//5934 4059//5933
f 4058//5679 4059//5933 4061//5935 4060//5680
f 4059//5933 4203//5934 4204//5936 4061//5935
f 4060//5680 4061//5935 4063//5937 4062//5685
f 4061//5935 4204//5936 4205//5938 4063//5937
f 4062//5685 4063//5937 4065//5700 4064//5689
f 4063//5937 4205//5938 4206//5939 4065//5700
f 4065//5700 4206//5939 4207//5940 4066//5698
f 4066//5698 4207//5940 4208//5941 4067//5699
f 4067//5699 4208//5941 4209//5942 4068//5705
f 4068//5705 4209//5942 4210//5723 4069//5710
s 5
f 4070//5756 4071//5761 4221//5943 4220//5830
f 4071//5761 4072//5766 4222//5944 4221//5943
f 4072//5766 4073//5831 4223//5945 4222//5944
f 4073//5831 4074//5832 4224//5946 4223//5945
f 4074//5832 4075//5833 4225//5947 4224//5946
f 4075//5833 4076//5834 4226//5948 4225//5947
f 4076//5834 4077//5784 4079//5787 4078//5949
f 4076//5834 4078//5949 4227//5950 4226//5948
f 4078//5949 4079//5787 4081//5791 4080//5951
f 4078//5949 4080//5951 4228//5952 4227//5950
f 4080//5951 4081//5791 4083//5795 4082//5953
f 4080//5951 4082//5953 4229//5954 4228//5952
f 4082//5953 4083//5795 4085//5799 4084//5955
f 4082//5953 4084//5955 4230//5956 4229//5954
f 4084//5955 4085//5799 4087//5835 4086//5957
f 4084//5955 4086//5957 4231//5958 4230//5956
f 4086//5957 4087//5835 4089//5836 4088//5959
f 4086//5957 4088//5959 4232//5960 4231//5958
f 4088//5959 4089//5836 4091//5837 4090//5961
f 4088//5959 4090//5961 4233//5962 4232//5960
f 4090//5961 4091//5837 4094//5963 4093//5964
f 4090//5961 4093//5964 4234//5965 4233//5962
f 4091//5837 4092//5810 4095//5813 4094//5963
f 4093//5964 4094//5963 4097//5966 4096//5967
f 4093//5964 4096//5967 4235//5968 4234//5965
f 4094//5963 4095//5813 4098//5815 4097//5966
f 4096//5967 4097//5966 4100//5969 4099//5970
f 4096//5967 4099//5970 4236//5971 4235//5968
f 4097//5966 4098//5815 4101//5818 4100//5969
f 4099//5970 4100//5969 4103//5972 4102//5973
f 4099//5970 4102//5973 4237//5974 4236//5971
f 4100//5969 4101//5818 4104//5821 4103//5972
f 4102//5973 4103//5972 4106//5975 4105//5976
f 4102//5973 4105//5976 4238//5977 4237//5974
f 4103//5972 4104//5821 4107//5824 4106//5975
f 4105//5976 4106//5975 4109//5978 4108//5979
f 4105//5976 4108//5979 4239//5980 4238//5977
f 4106//5975 4107//5824 4110//5839 4109//5978
f 4108//5979 4109//5978 4113//5981 4112//5982
f 4108//5979 4112//5982 4240//5983 4239//5980
f 4109//5978 4110//5839 4114//5984 4113//5981
f 4110//5839 4111//5838 4115//5985 4114//5984
f 4111//5838 4176//5840 4177//5986 4115//5985
f 4112//5982 4113//5981 4117//5987 4116//5988
f 4112//5982 4116//5988 4241//5989 4240//5983
f 4113//5981 4114//5984 4118//5990 4117//5987
f 4114//5984 4115//5985 4119//5991 4118//5990
f 4115//5985 4177//5986 4178//5992 4119//5991
f 4116//5988 4117//5987 4121//5993 4120//5994
f 4116//5988 4120//5994 4242//5995 4241//5989
f 4117//5987 4118//5990 4122//5996 4121//5993
f 4118//5990 4119//5991 4123//5997 4122//5996
f 4119//5991 4178//5992 4179//5998 4123//5997
f 4120//5994 4121//5993 4125//5999 4124//6000
f 4120//5994 4124//6000 4243//6001 4242//5995
f 4121//5993 4122//5996 4126//6002 4125//5999
f 4122//5996 4123//5997 4127//6003 4126//6002
f 4123//5997 4179//5998 4180//6004 4127//6003
f 4124//6000 4125//5999 4129//6005 4128//6006
f 4124//6000 4128//6006 4244//6007 4243//6001
f 4125//5999 4126//6002 4130//6008 4129//6005
f 4126//6002 4127//6003 4131//6009 4130//6008
f 4127//6003 4180//6004 4181//6010 4131//6009
f 4128//6006 4129//6005 4133//6011 4132//6012
f 4128//6006 4132//6012 4245//6013 4244//6007
f 4129//6005 4130//6008 4134//6014 4133//6011
f 4130//6008 4131//6009 4135//6015 4134//6014
f 4131//6009 4181//6010 4182//6016 4135//6015
s 6
f 4136//6017 4137//6018 4140//5853 4139//6019
f 4136//6017 4139//6019 4247//6020 4246//6021
f 4137//6018 4138//5846 4141//5845 4140//5853
f 4139//6019 4140//5853 4143//5852 4142//6022
f 4139//6019 4142//6022 4248//6023 4247//6020
f 4142//6022 4143//5852 4145//5851 4144//6024
f 4142//6022 4144//6024 4249//6025 4248//6023
f 4144//6024 4145//5851 4147//5858 4146//5867
f 4144//6024 4146//5867 4250//6026 4249//6025
f 4146//5867 4148//5866 4251//6027 4250//6026
f 4148//5866 4149//5865 4252//6028 4251//6027
f 4149//5865 4150//5872 4253//5884 4252//6028
s 8
f 4260//6029 4259//6030 4292//6031 4291//6032
f 4261//6033 4260//6029 4291//6032 4294//6034
f 4151//6035 4261//6033 4294//6034 4298//6036
s 9
f 4214//6037 4215//6038 4300//6039 4299//6040
s 8
f 4259//6030 4284//6041 4301//6042 4292//6031
s 9
f 4284//6043 4214//6037 4299//6040 4301//6044
s 10
f 4278//6045 4277//6046 4307//6047 4306//6048
f 4279//6049 4278//6045 4306//6048 4309//6050
f 4277//6046 4276//6051 4313//6052 4307//6047
f 4276//6051 4275//6053 4316//6054 4313//6052
f 4275//6053 4274//6055 4319//6056 4316//6054
f 4274//6055 4273//6057 4322//6058 4319//6056
f 4273//6057 4272//6059 4328//6060 4322//6058
f 4272//6059 4271//6061 4332//6062 4328//6060
f 4271//6061 4270//6063 4336//6064 4332//6062
f 4270//6063 4269//6065 4340//6066 4336//6064
f 4269//6065 4268//6067 4347//6068 4340//6066
f 4268//6067 4267//6069 4352//6070 4347//6068
f 4267//6069 4266//6071 4357//6072 4352//6070
f 4266//6071 4265//6073 4362//6074 4357//6072
s 11
f 4212//6075 4211//6076 4366//6077 4365//6078
f 4211//6076 4210//6079 4367//6080 4366//6077
s 10
f 4265//6073 4264//6081 4370//6082 4362//6074
s 11
f 4213//6083 4212//6075 4365//6078 4373//6084
s 10
f 4263//6085 4262//6086 4375//6087 4374//6088
f 4264//6081 4263//6085 4374//6088 4370//6082
f 4262//6086 4258//6089 4376//6090 4375//6087
f 4258//6089 4285//6091 4377//6092 4376//6090
s 11
f 4285//6093 4213//6083 4373//6084 4377//6094
s 13
f 4152//6095 4151//6096 4298//6097 4382//6098
f 4153//6099 4152//6095 4382//6098 4383//6100
f 4154//6101 4153//6099 4383//6100 4388//6102
f 4155//6103 4154//6101 4388//6102 4393//6104
f 4156//6105 4155//6103 4393//6104 4398//6106
f 4157//6107 4156//6105 4398//6106 4403//6108
f 4158//6109 4157//6107 4403//6108 4408//6110
f 4159//6111 4158//6109 4408//6110 4413//6112
f 4160//6113 4159//6111 4413//6112 4417//6114
f 4161//6115 4160//6113 4417//6114 4421//6116
f 4162//6117 4161//6115 4421//6116 4425//6118
f 4163//6119 4162//6117 4425//6118 4429//6120
f 4164//6121 4163//6119 4429//6120 4433//6122
f 4165//6123 4164//6121 4433//6122 4437//6124
f 4166//6125 4165//6123 4437//6124 4441//6126
f 4167//6127 4166//6125 4441//6126 4445//6128
f 4168//6129 4167//6127 4445//6128 4447//6130
f 4169//6131 4168//6129 4447//6130 4450//6132
f 4170//6133 4169//6131 4450//6132 4453//6134
f 4171//6135 4170//6133 4453//6134 4456//6136
f 4172//6137 4171//6135 4456//6136 4460//6138
f 4173//6139 4172//6137 4460//6138 4463//6140
f 4174//6141 4173//6139 4463//6140 4466//6142
f 4175//6143 4174//6141 4466//6142 4469//6144
s 9
f 4215//6038 4216//6145 4470//6146 4300//6039
f 4216//6145 4217//6147 4471//6148 4470//6146
f 4217//6147 4218//6149 4472//6150 4471//6148
f 4218//6149 4219//6151 4473//6152 4472//6150
f 4219//6151 4220//6153 4474//6154 4473//6152
s 13
f 4176//6155 4175//6143 4469//6144 4484//6156
s 11
f 4184//6157 4183//6158 4487//6159 4489//6160
f 4185//6161 4184//6157 4489//6160 4492//6162
f 4186//6163 4185//6161 4492//6162 4499//6164
f 4187//6165 4186//6163 4499//6164 4503//6166
f 4188//6167 4187//6165 4503//6166 4507//6168
f 4189//6169 4188//6167 4507//6168 4514//6170
f 4190//6171 4189//6169 4514//6170 4519//6172
f 4191//6173 4190//6171 4519//6172 4524//6174
s 10
f 4254//6175 4255//6176 4526//6177 4525//6178
f 4253//6179 4254//6175 4525//6178 4528//6180
s 11
f 4192//6181 4191//6173 4524//6174 4532//6182
s 10
f 4255//6176 4256//6183 4533//6184 4526//6177
s 11
f 4193//6185 4192//6181 4532//6182 4538//6186
s 10
f 4256//6183 4257//6187 4541//6188 4533//6184
s 11
f 4194//6189 4193//6185 4538//6186 4544//6190
s 10
f 4257//6187 4282//6191 4547//6192 4541//6188
s 11
f 4195//6193 4194//6189 4544//6190 4550//6194
s 10
f 4282//6191 4281//6195 4553//6196 4547//6192
s 11
f 4196//6197 4195//6193 4550//6194 4556//6198
s 10
f 4281//6195 4280//6199 4559//6200 4553//6196
s 11
f 4197//6201 4196//6197 4556//6198 4562//6202
s 10
f 4280//6199 4279//6049 4309//6050 4559//6200
s 11
f 4198//6203 4197//6201 4562//6202 4565//6204
f 4199//6205 4198//6203 4565//6204 4568//6206
f 4200//6207 4199//6205 4568//6206 4571//6208
f 4201//6209 4200//6207 4571//6208 4574//6210
f 4202//6211 4201//6209 4574//6210 4576//6212
f 4203//6213 4202//6211 4576//6212 4578//6214
f 4204//6215 4203//6213 4578//6214 4580//6216
f 4205//6217 4204//6215 4580//6216 4582//6218
f 4206//6219 4205//6217 4582//6218 4583//6220
f 4207//6221 4206//6219 4583//6220 4584//6222
f 4208//6223 4207//6221 4584//6222 4585//6224
f 4209//6225 4208//6223 4585//6224 4586//6226
f 4210//6079 4209//6225 4586//6226 4367//6080
s 9
f 4220//6153 4221//6227 4587//6228 4474//6154
f 4221//6227 4222//6229 4588//6230 4587//6228
f 4222//6229 4223//6231 4589//6232 4588//6230
f 4223//6231 4224//6233 4590//6234 4589//6232
f 4224//6233 4225//6235 4591//6236 4590//6234
f 4225//6235 4226//6237 4592//6238 4591//6236
f 4226//6237 4227//6239 4594//6240 4592//6238
f 4227//6239 4228//6241 4596//6242 4594//6240
f 4228//6241 4229//6243 4598//6244 4596//6242
f 4229//6243 4230//6245 4600//6246 4598//6244
f 4230//6245 4231//6247 4602//6248 4600//6246
f 4231//6247 4232//6249 4604//6250 4602//6248
f 4232//6249 4233//6251 4606//6252 4604//6250
f 4233//6251 4234//6253 4609//6254 4606//6252
f 4234//6253 4235//6255 4612//6256 4609//6254
f 4235//6255 4236//6257 4615//6258 4612//6256
f 4236//6257 4237//6259 4618//6260 4615//6258
f 4237//6259 4238//6261 4621//6262 4618//6260
f 4238//6261 4239//6263 4624//6264 4621//6262
f 4239//6263 4240//6265 4627//6266 4624//6264
s 13
f 4177//6267 4176//6155 4484//6156 4630//6268
s 9
f 4240//6265 4241//6269 4633//6270 4627//6266
s 13
f 4178//6271 4177//6267 4630//6268 4636//6272
s 9
f 4241//6269 4242//6273 4639//6274 4633//6270
s 13
f 4179//6275 4178//6271 4636//6272 4642//6276
s 9
f 4242//6273 4243//6277 4645//6278 4639//6274
s 13
f 4180//6279 4179//6275 4642//6276 4648//6280
s 9
f 4243//6277 4244//6281 4651//6282 4645//6278
s 13
f 4181//6283 4180//6279 4648//6280 4654//6284
s 9
f 4244//6281 4245//6285 4657//6286 4651//6282
s 13
f 4182//6287 4181//6283 4654//6284 4660//6288
s 10
f 4246//6289 4247//6290 4665//6291 4663//6292
f 4247//6290 4248//6293 4667//6294 4665//6291
f 4248//6293 4249//6295 4669//6296 4667//6294
f 4249//6295 4250//6297 4670//6298 4669//6296
f 4250//6297 4251//6299 4671//6300 4670//6298
f 4251//6299 4252//6301 4672//6302 4671//6300
f 4252//6301 4253//6179 4528//6180 4672//6302
s off
f 3997//6303 4138//6304 4137//6305 4136//6306 4246//6307 4663//6308 4661//6309 4662//6310 4485//6311 4486//6312 4487//6313 4183//6314
f 4133//6315 4134//6316 4135//6317 4182//6318 4660//6319 4659//6320 4658//6321 4656//6322 4655//6323 4657//6324 4245//6325 4132//6326
g default
v 0.548514 -1.145797 -0.203994
v 0.596586 -1.184138 -0.203994
v 0.643373 -1.224092 -0.203994
v 0.690757 -1.266068 -0.203994
v 0.739128 -1.308767 -0.203994
v 0.788773 -1.351298 -0.203994
v 0.840282 -1.393069 -0.203994
v 0.893351 -1.433545 -0.203994
v 0.947749 -1.472311 -0.203994
v 1.003372 -1.509361 -0.203994
v 1.060141 -1.544660 -0.203994
v 1.118087 -1.578211 -0.203994
v 1.177181 -1.609586 -0.203994
v 1.237564 -1.638705 -0.203994
v 1.299218 -1.665211 -0.203994
v 1.362120 -1.688815 -0.203994
v 1.698339 -1.689243 -0.203994
v 1.762260 -1.697104 -0.203994
v 1.825748 -1.702501 -0.203994
v 1.889232 -1.705475 -0.203994
v 1.953054 -1.705971 -0.203994
v 2.016996 -1.704056 -0.203994
v 2.081037 -1.699866 -0.203994
v 2.145214 -1.693412 -0.203994
v 2.209478 -1.684647 -0.203994
v 2.273580 -1.673379 -0.203994
v 2.336895 -1.659958 -0.203994
v 2.399304 -1.644159 -0.203994
v 2.460585 -1.625804 -0.203994
v 3.059894 -1.175502 -0.203994
v 3.102495 -1.132015 -0.203994
v 3.143349 -1.086961 -0.203994
v 3.182496 -1.039990 -0.203994
v 3.219963 -0.991442 -0.203994
v 3.255885 -0.941420 -0.203994
v 0.582112 -1.091444 -0.203994
v 0.611348 -1.026194 -0.203994
v 0.637437 -1.124505 -0.203994
v 0.676646 -1.056668 -0.203994
v 0.688422 -1.163377 -0.203994
v 0.733229 -1.100877 -0.203994
v 0.737753 -1.205537 -0.203994
v 0.784388 -1.146813 -0.203994
v 0.786228 -1.248566 -0.203994
v 0.832519 -1.191615 -0.203994
v 0.834761 -1.291017 -0.203994
v 0.879564 -1.234395 -0.203994
v 0.884595 -1.332376 -0.203994
v 0.927460 -1.275303 -0.203994
v 0.935689 -1.372065 -0.203994
v 0.976477 -1.313784 -0.203994
v 0.987971 -1.409708 -0.203994
v 1.026671 -1.350006 -0.203994
v 1.041542 -1.445496 -0.203994
v 1.078352 -1.384058 -0.203994
v 1.096276 -1.479379 -0.203994
v 1.131203 -1.416165 -0.203994
v 1.152207 -1.511276 -0.203994
v 1.185300 -1.446194 -0.203994
v 1.209137 -1.540969 -0.203994
v 1.240112 -1.474137 -0.203994
v 1.267030 -1.568486 -0.203994
v 1.295550 -1.500006 -0.203994
v 1.325872 -1.593459 -0.203994
v 1.351954 -1.523233 -0.203994
v 1.385543 -1.615861 -0.203994
v 1.409010 -1.544182 -0.203994
v 1.446227 -1.635641 -0.203994
v 1.466508 -1.563472 -0.203994
v 1.508186 -1.652590 -0.203994
v 1.525153 -1.580137 -0.203994
v 1.571083 -1.666890 -0.203994
v 1.585220 -1.593391 -0.203994
v 1.634466 -1.679086 -0.203994
v 1.645975 -1.605003 -0.203994
v 1.707175 -1.614959 -0.203994
v 1.768467 -1.621832 -0.203994
v 1.829345 -1.626472 -0.203994
v 1.890137 -1.629454 -0.203994
v 1.951313 -1.630032 -0.203994
v 2.012704 -1.628396 -0.203994
v 2.074197 -1.625210 -0.203994
v 2.135815 -1.619993 -0.203994
v 2.197231 -1.612376 -0.203994
v 2.258452 -1.602033 -0.203994
v 2.318842 -1.589283 -0.203994
v 2.378297 -1.574032 -0.203994
v 2.436538 -1.556243 -0.203994
v 2.494042 -1.535600 -0.203994
v 2.551173 -1.512338 -0.203994
v 2.607667 -1.487433 -0.203994
v 2.663429 -1.461498 -0.203994
v 2.718373 -1.434308 -0.203994
v 2.771967 -1.404699 -0.203994
v 2.823709 -1.371821 -0.203994
v 2.873446 -1.336038 -0.203994
v 2.921931 -1.298220 -0.203994
v 2.969289 -1.258667 -0.203994
v 3.015307 -1.217709 -0.203994
v 0.521242 -1.059712 -0.203994
v 0.494180 -1.109134 -0.203994
v 3.437163 0.577510 -0.203994
v 3.413014 0.633942 -0.203994
v 3.244557 1.045908 -0.203994
v 3.202912 1.094780 -0.203994
v 3.159596 1.141861 -0.203994
v 3.114447 1.187508 -0.203994
v 3.067397 1.231494 -0.203994
v 2.905396 1.450098 -0.203994
v 2.848767 1.485946 -0.203994
v 2.790714 1.519780 -0.203994
v 2.731282 1.551271 -0.203994
v 2.670355 1.580068 -0.203994
v 2.608219 1.606241 -0.203994
v 2.545229 1.629777 -0.203994
v 2.437095 1.739140 -0.203994
v 2.370284 1.756042 -0.203994
v 2.303006 1.771061 -0.203994
v 2.235117 1.784608 -0.203994
v 2.166513 1.796732 -0.203994
v 2.097856 1.807538 -0.203994
v 2.030142 1.816742 -0.203994
v 1.206863 -1.708115 -0.203994
v 1.271582 -1.736313 -0.203994
v 1.338031 -1.761058 -0.203994
v 1.405834 -1.781861 -0.203994
v 1.474166 -1.798912 -0.203994
v 1.542398 -1.813037 -0.203994
v 1.610437 -1.825702 -0.203994
v 1.678623 -1.837762 -0.203994
v 1.747312 -1.848663 -0.203994
v 1.816936 -1.856379 -0.203994
v 1.887131 -1.859765 -0.203994
v 1.957402 -1.858877 -0.203994
v 2.027344 -1.854484 -0.203994
v 2.096703 -1.847243 -0.203994
v 2.165376 -1.837466 -0.203994
v 2.155005 -1.765981 -0.203994
v 2.233548 -1.826047 -0.203994
v 2.221565 -1.755919 -0.203994
v 2.301694 -1.813686 -0.203994
v 2.287987 -1.743985 -0.203994
v 2.369829 -1.800230 -0.203994
v 2.353975 -1.730242 -0.203994
v 2.437998 -1.784563 -0.203994
v 2.419192 -1.714260 -0.203994
v 2.505528 -1.765249 -0.203994
v 2.483328 -1.695441 -0.203994
v 2.571976 -1.742411 -0.203994
v 2.546767 -1.673647 -0.203994
v 2.637217 -1.716901 -0.203994
v 2.609258 -1.649186 -0.203994
v 2.701206 -1.689245 -0.203994
v 2.670614 -1.622588 -0.203994
v 2.763999 -1.659376 -0.203994
v 2.730811 -1.593874 -0.203994
v 2.825778 -1.626897 -0.203994
v 2.790100 -1.562770 -0.203994
v 2.886467 -1.591753 -0.203994
v 2.848381 -1.529139 -0.203994
v 2.945821 -1.554245 -0.203994
v 2.905352 -1.493036 -0.203994
v 3.003698 -1.514727 -0.203994
v 2.960867 -1.454685 -0.203994
v 2.917892 -1.395060 -0.203994
v 3.060025 -1.473512 -0.203994
v 3.014803 -1.414443 -0.203994
v 2.969194 -1.356032 -0.203994
v 3.114746 -1.430559 -0.203994
v 3.067012 -1.372556 -0.203994
v 3.018887 -1.315273 -0.203994
v 3.167927 -1.385545 -0.203994
v 3.117568 -1.328946 -0.203994
v 3.066995 -1.273037 -0.203994
v 3.219442 -1.338140 -0.203994
v 3.166437 -1.283370 -0.203994
v 3.113520 -1.229231 -0.203994
v 3.268754 -1.288077 -0.203994
v 3.213355 -1.235742 -0.203994
v 3.158277 -1.183729 -0.203994
v 3.315386 -1.235176 -0.203994
v 3.258104 -1.185832 -0.203994
v 3.201069 -1.136280 -0.203994
v 3.359356 -1.180005 -0.203994
v 3.300539 -1.133721 -0.203994
v 3.241757 -1.086900 -0.203994
v 3.400971 -1.123588 -0.203994
v 3.340756 -1.080006 -0.203994
v 3.280495 -1.035875 -0.203994
v 3.440288 -1.066250 -0.203994
v 3.378973 -1.025066 -0.203994
v 3.317490 -0.983394 -0.203994
v 3.477625 -1.007940 -0.203994
v 3.415418 -0.968963 -0.203994
v 3.352806 -0.929576 -0.203994
v 3.513578 -0.948457 -0.203994
v 3.450243 -0.911557 -0.203994
v 3.386387 -0.874505 -0.203994
v 3.547466 -0.887657 -0.203994
v 3.483030 -0.852891 -0.203994
v 3.417966 -0.818139 -0.203994
v 3.579617 -0.826033 -0.203994
v 3.513841 -0.793274 -0.203994
v 3.447385 -0.760615 -0.203994
v 3.380789 -0.728071 -0.203994
v 3.610212 -0.763661 -0.203994
v 3.542682 -0.732920 -0.203994
v 3.474830 -0.702388 -0.203994
v 3.406857 -0.672046 -0.203994
v 3.638570 -0.700010 -0.203994
v 3.569311 -0.671623 -0.203994
v 3.500063 -0.643416 -0.203994
v 3.430543 -0.615448 -0.203994
v 3.664223 -0.634758 -0.203994
v 3.593428 -0.609230 -0.203994
v 3.522931 -0.583684 -0.203994
v 3.452094 -0.558112 -0.203994
v 3.686627 -0.568540 -0.203994
v 3.614922 -0.546017 -0.203994
v 3.543565 -0.523223 -0.203994
v 3.471811 -0.500145 -0.203994
v 3.705955 -0.501837 -0.203994
v 3.633942 -0.482109 -0.203994
v 3.562125 -0.461837 -0.203994
v 3.489865 -0.441251 -0.203994
v 3.722677 -0.434519 -0.203994
v 3.650775 -0.417340 -0.203994
v 3.578655 -0.399526 -0.203994
v 3.505891 -0.381464 -0.203994
v 3.737482 -0.366898 -0.203994
v 3.665574 -0.351759 -0.203994
v 3.593087 -0.336510 -0.203994
v 3.520035 -0.321318 -0.203994
v 3.751169 -0.299092 -0.203994
v 3.678647 -0.285588 -0.203994
v 3.605473 -0.272736 -0.203994
v 3.532107 -0.260272 -0.203994
v 3.763854 -0.230951 -0.203994
v 3.689885 -0.219162 -0.203994
v 3.615682 -0.208643 -0.203994
v 3.541184 -0.198868 -0.203994
v 3.774983 -0.162182 -0.203994
v 3.699092 -0.152530 -0.203994
v 3.623553 -0.144484 -0.203994
v 3.548066 -0.137691 -0.203994
v 3.783817 -0.092689 -0.203994
v 3.705926 -0.085739 -0.203994
v 3.628897 -0.080469 -0.203994
v 3.552348 -0.076581 -0.203994
v 3.789324 -0.022374 -0.203994
v 3.709891 -0.018922 -0.203994
v 3.631517 -0.017036 -0.203994
v 3.553813 -0.016363 -0.203994
v 3.790663 0.048973 -0.203994
v 3.710509 0.048193 -0.203994
v 3.631371 0.046347 -0.203994
v 3.553177 0.043660 -0.203994
v 3.787472 0.120596 -0.203994
v 3.707384 0.115350 -0.203994
v 3.628247 0.109929 -0.203994
v 3.549708 0.104035 -0.203994
v 3.780105 0.191627 -0.203994
v 3.700789 0.182219 -0.203994
v 3.622146 0.173265 -0.203994
v 3.543776 0.164058 -0.203994
v 3.768946 0.261795 -0.203994
v 3.690981 0.248708 -0.203994
v 3.613168 0.236361 -0.203994
v 3.535716 0.224025 -0.203994
v 3.754387 0.331002 -0.203994
v 3.678188 0.314704 -0.203994
v 3.601463 0.299294 -0.203994
v 3.524749 0.284002 -0.203994
v 3.737019 0.399170 -0.203994
v 3.662681 0.380088 -0.203994
v 3.587300 0.361821 -0.203994
v 3.511722 0.343790 -0.203994
v 3.717395 0.466400 -0.203994
v 3.644744 0.444837 -0.203994
v 3.570788 0.423908 -0.203994
v 3.496312 0.403228 -0.203994
v 3.695787 0.532861 -0.203994
v 3.624481 0.508964 -0.203994
v 3.551985 0.485484 -0.203994
v 3.478871 0.462165 -0.203994
v 3.672295 0.598636 -0.203994
v 3.601955 0.572457 -0.203994
v 3.530895 0.546402 -0.203994
v 3.459135 0.520353 -0.203994
v 3.646811 0.663638 -0.203994
v 3.577310 0.635019 -0.203994
v 3.507512 0.606297 -0.203994
v 3.619023 0.727770 -0.203994
v 3.550490 0.696502 -0.203994
v 3.481911 0.665238 -0.203994
v 3.588532 0.790729 -0.203994
v 3.521370 0.756848 -0.203994
v 3.454162 0.723075 -0.203994
v 3.555220 0.852115 -0.203994
v 3.489903 0.815962 -0.203994
v 3.424251 0.779880 -0.203994
v 3.519743 0.912056 -0.203994
v 3.456336 0.873920 -0.203994
v 3.392298 0.835579 -0.203994
v 3.482712 0.971019 -0.203994
v 3.420820 0.930819 -0.203994
v 3.358332 0.890245 -0.203994
v 3.443937 1.028997 -0.203994
v 3.383273 0.986596 -0.203994
v 3.322228 0.943786 -0.203994
v 3.403341 1.085754 -0.203994
v 3.343840 1.040928 -0.203994
v 3.284320 0.995577 -0.203994
v 3.360496 1.140949 -0.203994
v 3.302435 1.093693 -0.203994
v 3.315410 1.194482 -0.203994
v 3.259087 1.144764 -0.203994
v 3.268018 1.246064 -0.203994
v 3.213754 1.193984 -0.203994
v 3.218529 1.295629 -0.203994
v 3.166502 1.241504 -0.203994
v 3.167336 1.343244 -0.203994
v 3.117460 1.287147 -0.203994
v 3.114359 1.388623 -0.203994
v 3.066738 1.330807 -0.203994
v 3.059611 1.431847 -0.203994
v 3.014369 1.372552 -0.203994
v 3.003379 1.472901 -0.203994
v 2.960535 1.412324 -0.203994
v 2.945900 1.511965 -0.203994
v 2.886902 1.549173 -0.203994
v 2.826246 1.584296 -0.203994
v 2.764038 1.616989 -0.203994
v 2.700385 1.647098 -0.203994
v 2.635424 1.674293 -0.203994
v 2.569689 1.698725 -0.203994
v 2.503566 1.720281 -0.203994
v 0.509215 -1.193971 -0.203994
v 0.551423 -1.236834 -0.203994
v 0.595762 -1.280284 -0.203994
v 0.642037 -1.324625 -0.203994
v 0.690520 -1.368795 -0.203994
v 0.741513 -1.412181 -0.203994
v 0.794976 -1.454484 -0.203994
v 0.850203 -1.495515 -0.203994
v 0.906754 -1.535019 -0.203994
v 0.964384 -1.572835 -0.203994
v 1.022959 -1.609130 -0.203994
v 1.082691 -1.644048 -0.203994
v 1.143908 -1.677203 -0.203994
v 1.426147 -1.709120 -0.203994
v 1.491150 -1.726197 -0.203994
v 1.556820 -1.740805 -0.203994
v 1.622860 -1.753482 -0.203994
v 1.689229 -1.764380 -0.203994
v 1.755623 -1.773218 -0.203994
v 1.821928 -1.779347 -0.203994
v 1.888373 -1.782437 -0.203994
v 1.955042 -1.782428 -0.203994
v 2.021793 -1.779520 -0.203994
v 2.088448 -1.773964 -0.203994
v 2.521193 -1.604692 -0.203994
v 2.581071 -1.581073 -0.203994
v 2.639893 -1.555421 -0.203994
v 2.697625 -1.528026 -0.203994
v 2.754544 -1.498559 -0.203994
v 2.810497 -1.466575 -0.203994
v 2.865009 -1.431988 -0.203994
v 3.290051 -0.889966 -0.203994
v 3.322450 -0.837317 -0.203994
v 3.352783 -0.783423 -0.203994
v 3.386717 0.689297 -0.203994
v 3.358296 0.743792 -0.203994
v 3.327662 0.797017 -0.203994
v 3.295429 0.849414 -0.203994
v 3.260915 0.900689 -0.203994
v 3.224564 0.949985 -0.203994
v 3.186705 0.998356 -0.203994
v 3.146679 1.045232 -0.203994
v 3.105248 1.090212 -0.203994
v 3.062302 1.134132 -0.203994
v 3.017164 1.176170 -0.203994
v 3.018840 1.273497 -0.203994
v 2.970851 1.216364 -0.203994
v 2.968855 1.313693 -0.203994
v 2.923225 1.255158 -0.203994
v 2.917462 1.352080 -0.203994
v 2.874099 1.292119 -0.203994
v 2.864617 1.388537 -0.203994
v 2.823620 1.327391 -0.203994
v 2.810327 1.423175 -0.203994
v 2.771704 1.360833 -0.203994
v 2.754898 1.455724 -0.203994
v 2.718815 1.391871 -0.203994
v 2.698354 1.485905 -0.203994
v 2.665158 1.420566 -0.203994
v 2.640334 1.513405 -0.203994
v 2.610189 1.446411 -0.203994
v 2.581075 1.538348 -0.203994
v 2.553920 1.469843 -0.203994
v 2.520780 1.560680 -0.203994
v 2.496213 1.490790 -0.203994
v 2.481789 1.650752 -0.203994
v 2.459772 1.580948 -0.203994
v 2.437395 1.510107 -0.203994
v 2.417911 1.669471 -0.203994
v 2.398200 1.599401 -0.203994
v 2.377874 1.527983 -0.203994
v 2.353363 1.686238 -0.203994
v 2.336035 1.616067 -0.203994
v 2.317952 1.544377 -0.203994
v 2.288057 1.701133 -0.203994
v 2.273215 1.630965 -0.203994
v 2.257680 1.559358 -0.203994
v 2.222023 1.714284 -0.203994
v 2.209768 1.643941 -0.203994
v 2.197371 1.572581 -0.203994
v 2.155054 1.725459 -0.203994
v 2.145450 1.654513 -0.203994
v 2.136785 1.582888 -0.203994
v 2.087578 1.734427 -0.203994
v 2.080359 1.661867 -0.203994
v 2.076107 1.589561 -0.203994
v 2.019863 1.741545 -0.203994
v 2.013390 1.665576 -0.203994
v 2.014892 1.592367 -0.203994
v 1.961396 1.827110 -0.203994
v 0.527211 -0.967448 -0.203994
v 0.624566 -0.950103 -0.203994
v 0.722419 -0.992277 -0.203994
v 0.781053 -1.045753 -0.203994
v 0.832255 -1.095316 -0.203994
v 0.879188 -1.141204 -0.203994
v 0.923477 -1.183623 -0.203994
v 0.969654 -1.223915 -0.203994
v 1.015595 -1.260019 -0.203994
v 1.064030 -1.295641 -0.203994
v 1.113325 -1.326528 -0.203994
v 1.163502 -1.356701 -0.203994
v 1.216975 -1.384789 -0.203994
v 1.269620 -1.411030 -0.203994
v 1.323436 -1.435909 -0.203994
v 1.376207 -1.456323 -0.203994
v 1.432395 -1.475916 -0.203994
v 1.488307 -1.495414 -0.203994
v 1.540358 -1.511721 -0.203994
v 1.598665 -1.522893 -0.203994
v 1.658454 -1.534349 -0.203994
v 1.717442 -1.545651 -0.203994
v 1.773760 -1.549543 -0.203994
v 1.833556 -1.553368 -0.203994
v 1.892862 -1.557163 -0.203994
v 1.949513 -1.557147 -0.203994
v 2.009594 -1.554920 -0.203994
v 2.069837 -1.552686 -0.203994
v 2.127715 -1.548970 -0.203994
v 2.187192 -1.541739 -0.203994
v 2.244316 -1.532770 -0.203994
v 2.302709 -1.520342 -0.203994
v 2.357852 -1.506121 -0.203994
v 2.413671 -1.488458 -0.203994
v 2.466397 -1.469003 -0.203994
v 2.521263 -1.445067 -0.203994
v 2.576215 -1.420326 -0.203994
v 2.631835 -1.395027 -0.203994
v 2.685255 -1.370642 -0.203994
v 2.734957 -1.345088 -0.203994
v 2.781938 -1.315172 -0.203994
v 2.828429 -1.278859 -0.203994
v 2.874381 -1.241953 -0.203994
v 2.920382 -1.202804 -0.203994
v 2.963918 -1.163250 -0.203994
v 3.007429 -1.122394 -0.203994
v 3.047208 -1.080606 -0.203994
v 3.085912 -1.038517 -0.203994
v 3.124048 -0.993192 -0.203994
v 3.159647 -0.947334 -0.203994
v 3.194463 -0.900396 -0.203994
v 3.227551 -0.850131 -0.203994
v 3.258379 -0.800508 -0.203994
v 3.288201 -0.748806 -0.203994
v 3.314367 -0.696279 -0.203994
v 3.338633 -0.643265 -0.203994
v 3.360796 -0.588215 -0.203994
v 3.380517 -0.533232 -0.203994
v 3.399545 -0.477182 -0.203994
v 3.417649 -0.419971 -0.203994
v 3.432362 -0.363269 -0.203994
v 3.446404 -0.304979 -0.203994
v 3.459265 -0.249568 -0.203994
v 3.466064 -0.189911 -0.203994
v 3.472797 -0.130837 -0.203994
v 3.476325 -0.074642 -0.203994
v 3.476173 -0.016468 -0.203994
v 3.476021 0.041611 -0.203994
v 0.459348 -1.233603 -0.203994
v 0.501643 -1.284133 -0.203994
v 0.544778 -1.330960 -0.203994
v 0.590586 -1.378716 -0.203994
v 0.640131 -1.426826 -0.203994
v 0.692394 -1.471601 -0.203994
v 0.749460 -1.515266 -0.203994
v 0.807132 -1.557058 -0.203994
v 0.865715 -1.597514 -0.203994
v 0.924711 -1.635389 -0.203994
v 0.984946 -1.672704 -0.203994
v 1.046329 -1.709257 -0.203994
v 1.108748 -1.743601 -0.203994
v 1.175108 -1.776765 -0.203994
v 1.243654 -1.807900 -0.203994
v 1.312850 -1.833256 -0.203994
v 1.386622 -1.854861 -0.203994
v 1.459111 -1.872273 -0.203994
v 1.529422 -1.884648 -0.203994
v 1.597752 -1.896380 -0.203994
v 1.665141 -1.909428 -0.203994
v 1.735497 -1.923373 -0.203994
v 1.811603 -1.934610 -0.203994
v 1.887333 -1.938572 -0.203994
v 1.960346 -1.936066 -0.203994
v 2.034285 -1.929727 -0.203994
v 2.106783 -1.920500 -0.203994
v 2.177527 -1.908647 -0.203994
v 2.246353 -1.895701 -0.203994
v 2.314399 -1.883153 -0.203994
v 2.384338 -1.870618 -0.203994
v 2.454963 -1.856035 -0.203994
v 2.527627 -1.835139 -0.203994
v 2.598083 -1.811173 -0.203994
v 2.664977 -1.785147 -0.203994
v 2.731170 -1.756056 -0.203994
v 2.796862 -1.725273 -0.203994
v 2.861648 -1.691411 -0.203994
v 2.924931 -1.654636 -0.203994
v 2.986518 -1.615736 -0.203994
v 3.046614 -1.575191 -0.203994
v 3.105446 -1.533129 -0.203994
v 3.161867 -1.489799 -0.203994
v 3.217677 -1.443539 -0.203994
v 3.272396 -1.394187 -0.203994
v 3.325009 -1.340882 -0.203994
v 3.373734 -1.283736 -0.203994
v 3.419017 -1.224778 -0.203994
v 3.461685 -1.166241 -0.203994
v 3.501995 -1.106406 -0.203994
v 3.539497 -1.046148 -0.203994
v 3.576416 -0.985723 -0.203994
v 3.611428 -0.921758 -0.203994
v 3.644222 -0.859178 -0.203994
v 3.677007 -0.796208 -0.203994
v 3.707514 -0.729970 -0.203994
v 3.735384 -0.660466 -0.203994
v 3.759429 -0.590256 -0.203994
v 3.778533 -0.521323 -0.203994
v 3.794714 -0.450478 -0.203994
v 3.809165 -0.381702 -0.203994
v 3.823061 -0.313669 -0.203994
v 3.837645 -0.245313 -0.203994
v 3.851330 -0.174958 -0.203994
v 3.862467 -0.102285 -0.203994
v 3.869731 -0.027316 -0.203994
v 3.871778 0.049166 -0.203994
v 3.868294 0.127311 -0.203994
v 3.859806 0.202797 -0.203994
v 3.846685 0.277112 -0.203994
v 3.829778 0.349544 -0.203994
v 3.810182 0.420024 -0.203994
v 3.788796 0.488919 -0.203994
v 3.766253 0.557135 -0.203994
v 3.742334 0.625138 -0.203994
v 3.716626 0.691709 -0.203994
v 3.688076 0.758809 -0.203994
v 3.655936 0.825323 -0.203994
v 3.619921 0.889438 -0.203994
v 3.582243 0.950627 -0.203994
v 3.544307 1.010612 -0.203994
v 3.504593 1.070547 -0.203994
v 3.463132 1.130831 -0.203994
v 3.419022 1.187444 -0.203994
v 3.371426 1.244019 -0.203994
v 3.322214 1.299037 -0.203994
v 3.270983 1.349471 -0.203994
v 3.217200 1.399686 -0.203994
v 3.161586 1.447437 -0.203994
v 3.104986 1.491366 -0.203994
v 3.046041 1.533662 -0.203994
v 2.986276 1.574037 -0.203994
v 2.924833 1.613102 -0.203994
v 2.862514 1.648886 -0.203994
v 2.796760 1.683357 -0.203994
v 2.731546 1.714937 -0.203994
v 2.662648 1.742708 -0.203994
v 2.593363 1.768141 -0.203994
v 2.525338 1.790317 -0.203994
v 2.455513 1.809021 -0.203994
v 2.386444 1.826477 -0.203994
v 2.318103 1.841225 -0.203994
v 2.248983 1.855481 -0.203994
v 2.179845 1.868803 -0.203994
v 2.110920 1.881969 -0.203994
v 2.041890 1.895095 -0.203994
v 0.425878 -1.158672 -0.203994
v 0.433092 -1.083729 -0.203994
v 0.464385 -1.022661 -0.203994
v 3.471529 0.097056 -0.203994
v 3.465207 0.154951 -0.203994
v 3.458840 0.213262 -0.203994
v 3.447817 0.268835 -0.203994
v 3.436290 0.326955 -0.203994
v 3.421634 0.382464 -0.203994
v 3.405457 0.439783 -0.203994
v 3.387087 0.494088 -0.203994
v 3.366277 0.549612 -0.203994
v 3.344134 0.602476 -0.203994
v 3.318604 0.655963 -0.203994
v 3.292786 0.706895 -0.203994
v 3.262180 0.758119 -0.203994
v 3.231674 0.809175 -0.203994
v 3.199975 0.856805 -0.203994
v 3.164378 0.904550 -0.203994
v 3.128741 0.952344 -0.203994
v 3.091243 0.995351 -0.203994
v 3.050887 1.038936 -0.203994
v 3.010318 1.082752 -0.203994
v 2.967376 1.120409 -0.203994
v 2.922412 1.159460 -0.203994
v 2.878298 1.196988 -0.203994
v 2.830266 1.232573 -0.203994
v 2.782681 1.266110 -0.203994
v 2.732649 1.298878 -0.203994
v 2.683181 1.327691 -0.203994
v 2.631714 1.356069 -0.203994
v 2.580355 1.378667 -0.203994
v 2.528221 1.400591 -0.203994
v 2.472020 1.420026 -0.203994
v 2.415345 1.438025 -0.203994
v 2.357568 1.455180 -0.203994
v 2.298816 1.470827 -0.203994
v 2.240394 1.485573 -0.203994
v 2.183892 1.499127 -0.203994
v 2.128461 1.508589 -0.203994
v 2.070920 1.513891 -0.203994
v 2.012168 1.519512 -0.203994
v 1.950022 1.750109 -0.203994
v 1.939796 1.668755 -0.203994
v 1.948653 1.582825 -0.203994
v 0.474714 -1.153416 -0.203994
v 0.550586 -1.015683 -0.203994
v 1.963639 1.527108 -0.203994
v 1.975070 1.891044 -0.203994
v 0.548514 -1.145797 0.216243
v 0.596586 -1.184138 0.216243
v 0.637437 -1.124505 0.216243
v 0.582112 -1.091444 0.216243
v 0.509215 -1.193970 0.216243
v 0.551423 -1.236834 0.216243
v 0.494180 -1.109133 0.216243
v 0.474714 -1.153416 0.216243
v 0.521242 -1.059711 0.216243
v 0.643373 -1.224092 0.216243
v 0.688422 -1.163377 0.216243
v 0.595762 -1.280284 0.216243
v 0.690757 -1.266068 0.216243
v 0.737753 -1.205536 0.216243
v 0.642037 -1.324625 0.216243
v 0.739128 -1.308767 0.216243
v 0.786228 -1.248567 0.216243
v 0.690520 -1.368795 0.216243
v 0.788773 -1.351298 0.216243
v 0.834761 -1.291018 0.216243
v 0.741513 -1.412181 0.216243
v 0.840282 -1.393068 0.216243
v 0.884595 -1.332376 0.216243
v 0.794976 -1.454484 0.216243
v 0.893351 -1.433545 0.216243
v 0.935689 -1.372065 0.216243
v 0.850203 -1.495515 0.216243
v 0.947749 -1.472311 0.216243
v 0.987971 -1.409708 0.216243
v 0.906754 -1.535019 0.216243
v 0.964384 -1.572835 0.216243
v 1.003372 -1.509361 0.216243
v 1.041542 -1.445497 0.216243
v 1.022959 -1.609129 0.216243
v 1.060141 -1.544660 0.216243
v 1.096276 -1.479379 0.216243
v 1.082691 -1.644048 0.216243
v 1.118087 -1.578211 0.216243
v 1.152207 -1.511275 0.216243
v 1.143908 -1.677204 0.216243
v 1.177181 -1.609585 0.216243
v 1.209137 -1.540968 0.216243
v 1.206863 -1.708115 0.216243
v 1.237564 -1.638705 0.216243
v 1.267030 -1.568486 0.216243
v 1.271582 -1.736313 0.216243
v 1.299218 -1.665211 0.216243
v 1.325872 -1.593459 0.216243
v 1.338031 -1.761058 0.216243
v 1.362120 -1.688815 0.216243
v 1.385543 -1.615861 0.216243
v 1.405834 -1.781861 0.216243
v 1.426147 -1.709120 0.216243
v 1.446227 -1.635641 0.216243
v 1.698339 -1.689243 0.216243
v 1.707175 -1.614959 0.216243
v 1.645975 -1.605003 0.216243
v 1.634466 -1.679086 0.216243
v 1.762260 -1.697103 0.216243
v 1.768467 -1.621832 0.216243
v 1.689229 -1.764380 0.216243
v 1.755623 -1.773218 0.216243
v 1.622860 -1.753482 0.216243
v 1.825748 -1.702501 0.216243
v 1.829345 -1.626472 0.216243
v 1.821928 -1.779347 0.216243
v 1.889233 -1.705475 0.216243
v 1.890138 -1.629454 0.216243
v 1.888373 -1.782436 0.216243
v 1.953054 -1.705971 0.216243
v 1.951313 -1.630032 0.216243
v 1.955042 -1.782428 0.216243
v 2.016995 -1.704056 0.216243
v 2.012704 -1.628396 0.216243
v 2.021793 -1.779520 0.216243
v 2.088448 -1.773964 0.216243
v 2.081037 -1.699866 0.216243
v 2.074197 -1.625209 0.216243
v 2.155005 -1.765980 0.216243
v 2.145214 -1.693412 0.216243
v 2.135815 -1.619992 0.216243
v 2.221565 -1.755919 0.216243
v 2.209478 -1.684647 0.216243
v 2.197231 -1.612376 0.216243
v 2.287987 -1.743985 0.216243
v 2.273580 -1.673378 0.216243
v 2.258452 -1.602034 0.216243
v 2.353975 -1.730241 0.216243
v 2.336895 -1.659958 0.216243
v 2.318842 -1.589283 0.216243
v 2.419192 -1.714260 0.216243
v 2.399304 -1.644159 0.216243
v 2.378297 -1.574032 0.216243
v 2.483328 -1.695441 0.216243
v 2.460585 -1.625804 0.216243
v 2.436538 -1.556243 0.216243
v 2.546767 -1.673647 0.216243
v 2.521193 -1.604692 0.216243
v 2.494042 -1.535601 0.216243
v 3.059894 -1.175503 0.216243
v 3.113520 -1.229231 0.216243
v 3.158277 -1.183729 0.216243
v 3.102495 -1.132015 0.216243
v 3.015307 -1.217710 0.216243
v 3.066995 -1.273037 0.216243
v 3.007429 -1.122394 0.216243
v 2.963918 -1.163251 0.216243
v 3.047208 -1.080606 0.216243
v 3.201069 -1.136279 0.216243
v 3.143349 -1.086961 0.216243
v 3.085912 -1.038518 0.216243
v 3.241757 -1.086900 0.216243
v 3.182496 -1.039990 0.216243
v 3.124048 -0.993192 0.216243
v 3.280495 -1.035876 0.216243
v 3.219963 -0.991442 0.216243
v 3.159647 -0.947334 0.216243
v 3.317490 -0.983394 0.216243
v 3.255885 -0.941420 0.216243
v 3.194463 -0.900396 0.216243
v 3.352806 -0.929576 0.216243
v 3.290051 -0.889966 0.216243
v 3.227551 -0.850131 0.216243
v 0.676646 -1.056668 0.216243
v 0.611348 -1.026193 0.216243
v 0.550586 -1.015683 0.216243
v 0.722419 -0.992277 0.216243
v 0.624566 -0.950103 0.216243
v 0.527211 -0.967447 0.216243
v 0.733229 -1.100877 0.216243
v 0.781053 -1.045753 0.216243
v 0.784388 -1.146813 0.216243
v 0.832255 -1.095316 0.216243
v 0.832519 -1.191615 0.216243
v 0.879188 -1.141204 0.216243
v 0.879564 -1.234395 0.216243
v 0.923477 -1.183623 0.216243
v 0.927460 -1.275303 0.216243
v 0.969654 -1.223915 0.216243
v 0.976477 -1.313784 0.216243
v 1.015595 -1.260019 0.216243
v 1.026671 -1.350007 0.216243
v 1.064030 -1.295641 0.216243
v 1.078352 -1.384058 0.216243
v 1.113325 -1.326528 0.216243
v 1.131203 -1.416165 0.216243
v 1.163502 -1.356701 0.216243
v 1.185300 -1.446194 0.216243
v 1.216975 -1.384788 0.216243
v 1.240112 -1.474137 0.216243
v 1.269620 -1.411030 0.216243
v 1.295550 -1.500006 0.216243
v 1.323436 -1.435909 0.216243
v 1.351954 -1.523233 0.216243
v 1.376207 -1.456323 0.216243
v 1.409010 -1.544182 0.216243
v 1.432395 -1.475916 0.216243
v 1.466508 -1.563472 0.216243
v 1.488307 -1.495414 0.216243
v 1.508186 -1.652590 0.216243
v 1.525153 -1.580137 0.216243
v 1.491150 -1.726197 0.216243
v 1.540358 -1.511721 0.216243
v 1.571083 -1.666890 0.216243
v 1.585221 -1.593391 0.216243
v 1.556820 -1.740805 0.216243
v 1.598665 -1.522893 0.216243
v 1.658454 -1.534348 0.216243
v 1.717442 -1.545650 0.216243
v 1.773760 -1.549543 0.216243
v 1.833556 -1.553368 0.216243
v 1.892862 -1.557163 0.216243
v 1.949513 -1.557146 0.216243
v 2.009594 -1.554919 0.216243
v 2.069837 -1.552686 0.216243
v 2.127715 -1.548970 0.216243
v 2.187192 -1.541739 0.216243
v 2.244316 -1.532770 0.216243
v 2.302709 -1.520343 0.216243
v 2.357852 -1.506121 0.216243
v 2.413671 -1.488458 0.216243
v 2.466397 -1.469003 0.216243
v 2.551173 -1.512338 0.216243
v 2.521263 -1.445067 0.216243
v 2.581071 -1.581073 0.216243
v 2.607667 -1.487433 0.216243
v 2.576215 -1.420326 0.216243
v 2.639893 -1.555421 0.216243
v 2.663429 -1.461498 0.216243
v 2.631835 -1.395028 0.216243
v 2.697625 -1.528026 0.216243
v 2.718373 -1.434309 0.216243
v 2.685255 -1.370642 0.216243
v 2.754544 -1.498559 0.216243
v 2.771967 -1.404699 0.216243
v 2.734957 -1.345088 0.216243
v 2.810497 -1.466575 0.216243
v 2.823709 -1.371821 0.216243
v 2.781938 -1.315172 0.216243
v 2.865009 -1.431988 0.216243
v 2.873446 -1.336038 0.216243
v 2.828429 -1.278859 0.216243
v 2.917892 -1.395060 0.216243
v 2.921931 -1.298220 0.216243
v 2.874381 -1.241953 0.216243
v 2.969194 -1.356032 0.216243
v 2.969289 -1.258667 0.216243
v 2.920382 -1.202804 0.216243
v 3.018887 -1.315273 0.216243
v 0.464385 -1.022660 0.216243
v 0.433092 -1.083729 0.216243
v 0.425878 -1.158672 0.216243
v 3.437163 0.577510 0.216243
v 3.507512 0.606297 0.216243
v 3.481911 0.665238 0.216243
v 3.413014 0.633942 0.216243
v 3.459135 0.520353 0.216243
v 3.530895 0.546402 0.216243
v 3.366277 0.549611 0.216243
v 3.387087 0.494089 0.216243
v 3.344134 0.602475 0.216243
v 3.454162 0.723075 0.216243
v 3.386717 0.689297 0.216243
v 3.318604 0.655963 0.216243
v 3.244557 1.045908 0.216243
v 3.302435 1.093693 0.216243
v 3.259087 1.144764 0.216243
v 3.202912 1.094780 0.216243
v 3.284320 0.995577 0.216243
v 3.343840 1.040928 0.216243
v 3.186705 0.998356 0.216243
v 3.224564 0.949986 0.216243
v 3.146679 1.045232 0.216243
v 3.213754 1.193984 0.216243
v 3.159596 1.141861 0.216243
v 3.105248 1.090212 0.216243
v 3.166502 1.241505 0.216243
v 3.114447 1.187508 0.216243
v 3.062302 1.134132 0.216243
v 3.117460 1.287147 0.216243
v 3.067397 1.231494 0.216243
v 3.017164 1.176170 0.216243
v 3.018840 1.273497 0.216243
v 2.970851 1.216364 0.216243
v 3.066738 1.330807 0.216243
v 2.905396 1.450097 0.216243
v 2.945900 1.511965 0.216243
v 2.886902 1.549173 0.216243
v 2.848767 1.485945 0.216243
v 2.960535 1.412324 0.216243
v 3.003379 1.472901 0.216243
v 2.864617 1.388536 0.216243
v 2.917462 1.352080 0.216243
v 2.810327 1.423175 0.216243
v 2.826246 1.584296 0.216243
v 2.790713 1.519780 0.216243
v 2.754898 1.455724 0.216243
v 2.764038 1.616989 0.216243
v 2.731282 1.551270 0.216243
v 2.698354 1.485905 0.216243
v 2.700385 1.647098 0.216243
v 2.670355 1.580068 0.216243
v 2.640334 1.513405 0.216243
v 2.608219 1.606241 0.216243
v 2.581074 1.538348 0.216243
v 2.635424 1.674293 0.216243
v 2.545229 1.629777 0.216243
v 2.520780 1.560680 0.216243
v 2.569689 1.698725 0.216243
v 2.481789 1.650752 0.216243
v 2.459772 1.580948 0.216243
v 2.503566 1.720281 0.216243
v 2.437095 1.739140 0.216243
v 2.455513 1.809021 0.216243
v 2.386444 1.826477 0.216243
v 2.370284 1.756042 0.216243
v 2.525338 1.790316 0.216243
v 2.417911 1.669472 0.216243
v 2.353363 1.686238 0.216243
v 2.318103 1.841225 0.216243
v 2.303006 1.771060 0.216243
v 2.288057 1.701133 0.216243
v 2.248983 1.855481 0.216243
v 2.235117 1.784608 0.216243
v 2.222023 1.714284 0.216243
v 2.179845 1.868803 0.216243
v 2.166513 1.796732 0.216243
v 2.155054 1.725459 0.216243
v 2.097856 1.807538 0.216243
v 2.087578 1.734427 0.216243
v 2.110920 1.881969 0.216243
v 2.030142 1.816742 0.216243
v 2.019863 1.741545 0.216243
v 2.041890 1.895095 0.216243
v 1.961396 1.827110 0.216243
v 1.950022 1.750109 0.216243
v 1.975070 1.891044 0.216243
v 1.175108 -1.776766 0.216243
v 1.243654 -1.807900 0.216244
v 1.108748 -1.743601 0.216243
v 1.312850 -1.833257 0.216243
v 1.386622 -1.854861 0.216243
v 1.474166 -1.798913 0.216243
v 1.459111 -1.872273 0.216243
v 1.542398 -1.813037 0.216243
v 1.529422 -1.884648 0.216243
v 1.610437 -1.825702 0.216243
v 1.597752 -1.896378 0.216243
v 1.678623 -1.837761 0.216243
v 1.665141 -1.909428 0.216243
v 1.747312 -1.848663 0.216243
v 1.735497 -1.923373 0.216243
v 1.816936 -1.856379 0.216243
v 1.811603 -1.934610 0.216243
v 1.887131 -1.859765 0.216243
v 1.887333 -1.938573 0.216243
v 1.957402 -1.858877 0.216243
v 1.960346 -1.936066 0.216243
v 2.027344 -1.854484 0.216243
v 2.034285 -1.929727 0.216243
v 2.096703 -1.847243 0.216243
v 2.106783 -1.920501 0.216243
v 2.165376 -1.837466 0.216243
v 2.177527 -1.908648 0.216243
v 2.233548 -1.826047 0.216243
v 2.246353 -1.895701 0.216243
v 2.301694 -1.813686 0.216243
v 2.314399 -1.883153 0.216243
v 2.369829 -1.800231 0.216243
v 2.384338 -1.870620 0.216243
v 2.437998 -1.784563 0.216243
v 2.454963 -1.856036 0.216243
v 2.505528 -1.765249 0.216243
v 2.527627 -1.835140 0.216243
v 2.571976 -1.742412 0.216243
v 2.598083 -1.811174 0.216243
v 2.637217 -1.716902 0.216243
v 2.609258 -1.649186 0.216243
v 2.664977 -1.785148 0.216243
v 2.701206 -1.689245 0.216243
v 2.670614 -1.622588 0.216243
v 2.731170 -1.756056 0.216243
v 2.763999 -1.659376 0.216243
v 2.730811 -1.593874 0.216243
v 2.796862 -1.725273 0.216243
v 2.825778 -1.626897 0.216243
v 2.790100 -1.562770 0.216243
v 2.861648 -1.691411 0.216243
v 2.886467 -1.591753 0.216243
v 2.848381 -1.529139 0.216243
v 2.924931 -1.654635 0.216243
v 2.945821 -1.554245 0.216243
v 2.905352 -1.493037 0.216243
v 2.986518 -1.615736 0.216243
v 3.003698 -1.514727 0.216243
v 2.960867 -1.454685 0.216243
v 3.046614 -1.575191 0.216243
v 3.060025 -1.473512 0.216243
v 3.014803 -1.414443 0.216243
v 3.105446 -1.533130 0.216243
v 3.114746 -1.430559 0.216243
v 3.067012 -1.372556 0.216243
v 3.161867 -1.489799 0.216243
v 3.167927 -1.385545 0.216243
v 3.117568 -1.328946 0.216243
v 3.217677 -1.443539 0.216243
v 3.219442 -1.338140 0.216243
v 3.166437 -1.283370 0.216243
v 3.272396 -1.394187 0.216243
v 3.268754 -1.288077 0.216243
v 3.213355 -1.235743 0.216243
v 3.325009 -1.340882 0.216243
v 3.315386 -1.235176 0.216243
v 3.258104 -1.185832 0.216243
v 3.373734 -1.283736 0.216243
v 3.359356 -1.180006 0.216243
v 3.300539 -1.133721 0.216243
v 3.419017 -1.224779 0.216243
v 3.400971 -1.123588 0.216243
v 3.340756 -1.080007 0.216243
v 3.461685 -1.166241 0.216243
v 3.440288 -1.066250 0.216243
v 3.378973 -1.025066 0.216243
v 3.501995 -1.106406 0.216243
v 3.477625 -1.007940 0.216243
v 3.415418 -0.968963 0.216243
v 3.539497 -1.046148 0.216243
v 3.513578 -0.948457 0.216243
v 3.450243 -0.911557 0.216243
v 3.576416 -0.985723 0.216243
v 3.386387 -0.874505 0.216243
v 3.322450 -0.837318 0.216243
v 3.547466 -0.887657 0.216243
v 3.483030 -0.852891 0.216243
v 3.611428 -0.921758 0.216243
v 3.417966 -0.818139 0.216243
v 3.352783 -0.783423 0.216243
v 3.579617 -0.826033 0.216243
v 3.513841 -0.793274 0.216243
v 3.644221 -0.859178 0.216243
v 3.447385 -0.760615 0.216243
v 3.380789 -0.728070 0.216243
v 3.610212 -0.763661 0.216243
v 3.542682 -0.732920 0.216243
v 3.677007 -0.796208 0.216243
v 3.474830 -0.702388 0.216243
v 3.406857 -0.672046 0.216243
v 3.314367 -0.696278 0.216243
v 3.288201 -0.748807 0.216243
v 3.338633 -0.643265 0.216243
v 3.638570 -0.700010 0.216243
v 3.569311 -0.671623 0.216243
v 3.707514 -0.729970 0.216243
v 3.500063 -0.643416 0.216243
v 3.430543 -0.615448 0.216243
v 3.360796 -0.588215 0.216243
v 3.664222 -0.634757 0.216243
v 3.593428 -0.609230 0.216243
v 3.735384 -0.660467 0.216243
v 3.522931 -0.583683 0.216243
v 3.452094 -0.558110 0.216243
v 3.380517 -0.533230 0.216243
v 3.686627 -0.568539 0.216243
v 3.614922 -0.546017 0.216243
v 3.759429 -0.590255 0.216243
v 3.543565 -0.523223 0.216243
v 3.471811 -0.500144 0.216243
v 3.399546 -0.477181 0.216243
v 3.705955 -0.501837 0.216243
v 3.633942 -0.482109 0.216243
v 3.778533 -0.521322 0.216243
v 3.562125 -0.461837 0.216243
v 3.489865 -0.441250 0.216243
v 3.417650 -0.419970 0.216243
v 3.722677 -0.434520 0.216243
v 3.650775 -0.417341 0.216243
v 3.794714 -0.450478 0.216243
v 3.578655 -0.399526 0.216243
v 3.505891 -0.381463 0.216243
v 3.432362 -0.363268 0.216243
v 3.737482 -0.366898 0.216243
v 3.665574 -0.351759 0.216243
v 3.809165 -0.381702 0.216243
v 3.593087 -0.336511 0.216243
v 3.520035 -0.321318 0.216243
v 3.446404 -0.304979 0.216243
v 3.751169 -0.299092 0.216243
v 3.678647 -0.285588 0.216243
v 3.823061 -0.313669 0.216243
v 3.605473 -0.272737 0.216243
v 3.532107 -0.260272 0.216243
v 3.459265 -0.249568 0.216243
v 3.763854 -0.230951 0.216243
v 3.689885 -0.219162 0.216243
v 3.837645 -0.245313 0.216243
v 3.615682 -0.208642 0.216243
v 3.541184 -0.198868 0.216243
v 3.466064 -0.189912 0.216243
v 3.774983 -0.162182 0.216243
v 3.699092 -0.152530 0.216243
v 3.851330 -0.174958 0.216243
v 3.623553 -0.144484 0.216243
v 3.548066 -0.137691 0.216243
v 3.472797 -0.130838 0.216243
v 3.783817 -0.092689 0.216243
v 3.705926 -0.085739 0.216243
v 3.862467 -0.102285 0.216243
v 3.628897 -0.080469 0.216243
v 3.552348 -0.076580 0.216243
v 3.476325 -0.074641 0.216243
v 3.789324 -0.022374 0.216243
v 3.709891 -0.018922 0.216243
v 3.869731 -0.027315 0.216243
v 3.631517 -0.017036 0.216243
v 3.553813 -0.016363 0.216243
v 3.476173 -0.016467 0.216243
v 3.790663 0.048973 0.216243
v 3.710509 0.048193 0.216243
v 3.871778 0.049166 0.216243
v 3.631371 0.046347 0.216243
v 3.553177 0.043659 0.216243
v 3.476021 0.041612 0.216243
v 3.787472 0.120596 0.216243
v 3.707384 0.115350 0.216243
v 3.868294 0.127311 0.216243
v 3.628247 0.109929 0.216243
v 3.549708 0.104035 0.216243
v 3.471529 0.097057 0.216243
v 3.780105 0.191627 0.216243
v 3.700789 0.182219 0.216243
v 3.859806 0.202797 0.216243
v 3.622146 0.173265 0.216243
v 3.543776 0.164059 0.216243
v 3.465207 0.154952 0.216243
v 3.768946 0.261795 0.216243
v 3.690981 0.248708 0.216243
v 3.846685 0.277111 0.216243
v 3.613168 0.236361 0.216243
v 3.535716 0.224025 0.216243
v 3.458839 0.213262 0.216243
v 3.754387 0.331001 0.216243
v 3.678188 0.314703 0.216243
v 3.829778 0.349544 0.216243
v 3.601463 0.299294 0.216243
v 3.524748 0.284002 0.216243
v 3.447817 0.268834 0.216243
v 3.737019 0.399171 0.216243
v 3.662681 0.380088 0.216243
v 3.810182 0.420024 0.216243
v 3.587300 0.361821 0.216243
v 3.511722 0.343790 0.216243
v 3.436290 0.326956 0.216243
v 3.717395 0.466400 0.216243
v 3.644744 0.444837 0.216243
v 3.788796 0.488919 0.216243
v 3.570788 0.423908 0.216243
v 3.496312 0.403228 0.216243
v 3.421634 0.382464 0.216243
v 3.695787 0.532861 0.216243
v 3.624481 0.508964 0.216243
v 3.766253 0.557135 0.216243
v 3.551985 0.485484 0.216243
v 3.478871 0.462165 0.216243
v 3.405457 0.439783 0.216243
v 3.672295 0.598636 0.216243
v 3.601955 0.572457 0.216243
v 3.742333 0.625138 0.216243
v 3.646811 0.663637 0.216243
v 3.577311 0.635018 0.216243
v 3.716626 0.691709 0.216243
v 3.619023 0.727770 0.216243
v 3.550490 0.696502 0.216243
v 3.688076 0.758809 0.216243
v 3.588532 0.790729 0.216243
v 3.521370 0.756848 0.216243
v 3.655936 0.825323 0.216243
v 3.555220 0.852114 0.216243
v 3.489903 0.815962 0.216243
v 3.619921 0.889438 0.216243
v 3.424251 0.779881 0.216243
v 3.358296 0.743792 0.216243
v 3.519743 0.912056 0.216243
v 3.456336 0.873920 0.216243
v 3.582243 0.950627 0.216243
v 3.392298 0.835579 0.216243
v 3.327662 0.797017 0.216243
v 3.482712 0.971019 0.216243
v 3.420820 0.930819 0.216243
v 3.544307 1.010612 0.216243
v 3.358332 0.890245 0.216243
v 3.295429 0.849414 0.216243
v 3.443937 1.028997 0.216243
v 3.383273 0.986596 0.216243
v 3.504593 1.070547 0.216243
v 3.322228 0.943786 0.216243
v 3.260915 0.900689 0.216243
v 3.403342 1.085754 0.216243
v 3.463132 1.130831 0.216243
v 3.360496 1.140949 0.216243
v 3.419022 1.187444 0.216243
v 3.315410 1.194482 0.216243
v 3.371426 1.244019 0.216243
v 3.268018 1.246064 0.216243
v 3.322214 1.299037 0.216243
v 3.218529 1.295630 0.216243
v 3.270983 1.349471 0.216243
v 3.167336 1.343244 0.216243
v 3.217200 1.399686 0.216243
v 3.114359 1.388624 0.216243
v 3.161586 1.447437 0.216243
v 3.059611 1.431847 0.216243
v 3.014369 1.372552 0.216243
v 3.104986 1.491366 0.216243
v 2.968855 1.313693 0.216243
v 3.046041 1.533662 0.216243
v 2.986276 1.574037 0.216243
v 2.924833 1.613102 0.216243
v 2.862514 1.648886 0.216243
v 2.796760 1.683357 0.216243
v 2.731546 1.714938 0.216243
v 2.662648 1.742708 0.216243
v 2.593363 1.768141 0.216243
v 0.459348 -1.233603 0.216243
v 0.501643 -1.284133 0.216243
v 0.544778 -1.330960 0.216243
v 0.590586 -1.378716 0.216243
v 0.640131 -1.426826 0.216244
v 0.692394 -1.471601 0.216243
v 0.749460 -1.515266 0.216243
v 0.807132 -1.557058 0.216243
v 0.865715 -1.597514 0.216243
v 0.924711 -1.635389 0.216243
v 0.984946 -1.672704 0.216243
v 1.046329 -1.709257 0.216243
v 3.258379 -0.800508 0.216243
v 3.292786 0.706895 0.216243
v 3.262180 0.758118 0.216243
v 3.231674 0.809175 0.216243
v 3.199975 0.856805 0.216243
v 3.164378 0.904549 0.216243
v 3.128741 0.952344 0.216243
v 3.091243 0.995352 0.216243
v 3.050887 1.038936 0.216243
v 3.010318 1.082753 0.216243
v 2.967376 1.120409 0.216243
v 2.922412 1.159460 0.216243
v 2.923225 1.255159 0.216243
v 2.878298 1.196988 0.216243
v 2.874099 1.292119 0.216243
v 2.830266 1.232574 0.216243
v 2.823620 1.327391 0.216243
v 2.782681 1.266111 0.216243
v 2.771704 1.360833 0.216243
v 2.732649 1.298878 0.216243
v 2.718815 1.391871 0.216243
v 2.683181 1.327691 0.216243
v 2.665158 1.420566 0.216243
v 2.631714 1.356069 0.216243
v 2.610189 1.446411 0.216243
v 2.580355 1.378667 0.216243
v 2.553919 1.469843 0.216243
v 2.528221 1.400592 0.216243
v 2.496212 1.490791 0.216243
v 2.472019 1.420026 0.216243
v 2.437395 1.510106 0.216243
v 2.415345 1.438024 0.216243
v 2.398200 1.599401 0.216243
v 2.377874 1.527983 0.216243
v 2.357568 1.455179 0.216243
v 2.336035 1.616067 0.216243
v 2.317952 1.544377 0.216243
v 2.298816 1.470827 0.216243
v 2.273215 1.630965 0.216243
v 2.257680 1.559358 0.216243
v 2.240394 1.485573 0.216243
v 2.209768 1.643941 0.216243
v 2.197371 1.572581 0.216243
v 2.183892 1.499127 0.216243
v 2.145450 1.654512 0.216243
v 2.136785 1.582888 0.216243
v 2.128461 1.508590 0.216243
v 2.080359 1.661866 0.216243
v 2.076107 1.589561 0.216243
v 2.070920 1.513891 0.216243
v 2.013390 1.665576 0.216243
v 2.014892 1.592366 0.216243
v 2.012168 1.519512 0.216243
v 1.939796 1.668755 0.216243
v 1.948653 1.582825 0.216243
v 1.963639 1.527107 0.216243
vn 0.000000 -0.000000 1.000000
vn 0.000000 0.000000 1.000000
vn 0.000000 0.000000 1.000000
vn 0.000000 -0.000000 1.000000
vn -0.000002 -0.000002 1.000000
vn -0.000002 -0.000002 1.000000
vn -0.000002 0.000001 1.000000
vn -0.000003 -0.000001 1.000000
vn -0.000002 0.000001 1.000000
vn 0.000000 -0.000000 1.000000
vn 0.000000 -0.000000 1.000000
vn -0.000001 -0.000001 1.000000
vn 0.000000 -0.000000 1.000000
vn 0.000000 -0.000001 1.000000
vn -0.000002 0.000000 1.000000
vn 0.000000 -0.000001 1.000000
vn 0.000000 -0.000001 1.000000
vn -0.000000 0.000001 1.000000
vn 0.000000 0.000000 1.000000
vn 0.000000 -0.000000 1.000000
vn 0.000001 -0.000001 1.000000
vn 0.000000 0.000000 1.000000
vn 0.000000 0.000000 1.000000
vn -0.000000 -0.000001 1.000000
vn 0.000000 -0.000000 1.000000
vn 0.000000 -0.000000 1.000000
vn -0.000001 -0.000002 1.000000
vn 0.000000 -0.000000 1.000000
vn 0.000000 -0.000001 1.000000
vn -0.000001 -0.000002 1.000000
vn -0.000001 -0.000001 1.000000
vn 0.000000 0.000000 1.000000
vn 0.000000 -0.000000 1.000000
vn -0.000001 -0.000001 1.000000
vn 0.000000 0.000000 1.000000
vn 0.000000 -0.000000 1.000000
vn -0.000001 -0.000002 1.000000
vn 0.000000 0.000000 1.000000
vn 0.000000 -0.000000 1.000000
vn -0.000001 -0.000002 1.000000
vn 0.000000 0.000000 1.000000
vn 0.000000 0.000000 1.000000
vn -0.000001 -0.000000 1.000000
vn 0.000000 0.000001 1.000000
vn 0.000000 0.000000 1.000000
vn -0.000000 0.000001 1.000000
vn 0.000000 0.000001 1.000000
vn 0.000000 -0.000000 1.000000
vn 0.000001 -0.000000 1.000000
vn 0.000000 0.000000 1.000000
vn 0.000000 0.000000 1.000000
vn 0.000000 -0.000002 1.000000
vn 0.000000 0.000000 1.000000
vn 0.000000 0.000000 1.000000
vn -0.000001 0.000000 1.000000
vn -0.000000 0.000002 1.000000
vn 0.000000 0.000001 1.000000
vn 0.000000 -0.000000 1.000000
vn 0.000000 0.000000 1.000000
vn 0.000000 0.000002 1.000000
vn -0.000000 0.000001 1.000000
vn 0.000000 0.000000 1.000000
vn 0.000000 0.000001 1.000000
vn 0.000000 0.000000 1.000000
vn 0.000000 0.000002 1.000000
vn 0.000000 -0.000000 1.000000
vn 0.000001 0.000000 1.000000
vn 0.000001 0.000001 1.000000
vn 0.000001 0.000000 1.000000
vn 0.000000 0.000000 1.000000
vn -0.000000 0.000001 1.000000
vn -0.000000 0.000000 1.000000
vn -0.000001 0.000000 1.000000
vn -0.000001 0.000002 1.000000
vn -0.000001 -0.000000 1.000000
vn 0.000000 -0.000000 1.000000
vn 0.000000 0.000000 1.000000
vn -0.000000 0.000003 1.000000
vn 0.000000 0.000000 1.000000
vn 0.000000 -0.000000 1.000000
vn -0.000000 0.000002 1.000000
vn 0.000000 -0.000000 1.000000
vn 0.000000 -0.000000 1.000000
vn -0.000000 0.000002 1.000000
vn 0.000000 0.000000 1.000000
vn 0.000000 -0.000000 1.000000
vn -0.000000 0.000002 1.000000
vn 0.000000 0.000000 1.000000
vn 0.000000 0.000000 1.000000
vn -0.000000 0.000002 1.000000
vn 0.000000 -0.000000 1.000000
vn 0.000000 0.000000 1.000000
vn -0.000001 0.000002 1.000000
vn 0.000000 -0.000000 1.000000
vn 0.000000 -0.000000 1.000000
vn -0.000001 0.000002 1.000000
vn 0.000000 0.000000 1.000000
vn 0.000000 0.000000 1.000000
vn -0.000001 0.000002 1.000000
vn -0.000001 0.000002 1.000000
vn 0.000000 0.000000 1.000000
vn 0.000000 0.000000 1.000000
vn -0.000001 0.000002 1.000000
vn -0.000001 0.000002 1.000000
vn 0.000000 0.000000 1.000000
vn -0.000003 0.000003 1.000000
vn -0.000003 0.000003 1.000000
vn -0.000003 0.000003 1.000000
vn 0.000000 0.000000 1.000000
vn -0.000001 0.000002 1.000000
vn -0.000003 0.000003 1.000000
vn 0.000000 -0.000000 1.000000
vn -0.000001 0.000001 1.000000
vn -0.000003 0.000001 1.000000
vn 0.000000 -0.000000 1.000000
vn -0.000001 0.000000 1.000000
vn -0.000002 0.000001 1.000000
vn 0.000000 0.000000 1.000000
vn -0.000001 0.000002 1.000000
vn -0.000002 0.000004 1.000000
vn 0.000000 0.000000 1.000000
vn -0.000002 0.000001 1.000000
vn -0.000003 0.000003 1.000000
vn 0.000001 0.000002 1.000000
vn 0.000001 0.000003 1.000000
vn -0.000001 0.000003 1.000000
vn 0.000002 0.000003 1.000000
vn 0.000001 0.000004 1.000000
vn -0.000002 0.000004 1.000000
vn 0.000001 0.000001 1.000000
vn 0.000003 0.000003 1.000000
vn 0.000001 0.000002 1.000000
vn 0.000003 0.000004 1.000000
vn 0.000001 0.000002 1.000000
vn 0.000003 0.000004 1.000000
vn 0.000001 0.000002 1.000000
vn 0.000003 0.000003 1.000000
vn 0.000001 0.000001 1.000000
vn 0.000003 0.000003 1.000000
vn 0.000001 0.000001 1.000000
vn 0.000003 0.000003 1.000000
vn 0.000001 0.000001 1.000000
vn 0.000003 0.000004 1.000000
vn 0.000001 0.000001 1.000000
vn 0.000002 0.000004 1.000000
vn 0.000001 0.000001 1.000000
vn 0.000002 0.000003 1.000000
vn 0.000001 0.000002 1.000000
vn 0.000002 0.000003 1.000000
vn 0.000001 0.000001 1.000000
vn 0.000002 0.000003 1.000000
vn 0.000001 0.000001 1.000000
vn 0.000002 0.000004 1.000000
vn 0.000001 0.000001 1.000000
vn 0.000001 0.000004 1.000000
vn 0.000001 0.000002 1.000000
vn 0.000001 0.000004 1.000000
vn 0.000001 0.000002 1.000000
vn 0.000001 0.000004 1.000000
vn 0.000000 -0.000000 1.000000
vn 0.000000 0.000002 1.000000
vn 0.000000 -0.000000 1.000000
vn 0.000001 0.000004 1.000000
vn 0.000001 -0.000001 1.000000
vn 0.000001 0.000001 1.000000
vn 0.000001 -0.000000 1.000000
vn 0.000001 0.000004 1.000000
vn 0.000001 0.000004 1.000000
vn 0.000001 0.000005 1.000000
vn 0.000000 0.000004 1.000000
vn 0.000000 0.000004 1.000000
vn 0.000000 0.000004 1.000000
vn -0.000000 0.000004 1.000000
vn -0.000000 0.000004 1.000000
vn -0.000000 0.000004 1.000000
vn -0.000000 0.000005 1.000000
vn -0.000001 0.000005 1.000000
vn -0.000001 0.000004 1.000000
vn -0.000001 0.000004 1.000000
vn -0.000001 0.000003 1.000000
vn -0.000001 0.000004 1.000000
vn -0.000002 0.000003 1.000000
vn -0.000001 0.000002 1.000000
vn -0.000002 0.000004 1.000000
vn 0.000000 0.000000 1.000000
vn -0.000001 0.000002 1.000000
vn -0.000002 0.000004 1.000000
vn 0.000000 0.000000 1.000000
vn -0.000001 0.000002 1.000000
vn -0.000002 0.000004 1.000000
vn 0.000000 0.000000 1.000000
vn -0.000001 0.000002 1.000000
vn -0.000002 0.000004 1.000000
vn 0.000000 0.000000 1.000000
vn -0.000001 0.000002 1.000000
vn -0.000002 0.000004 1.000000
vn 0.000000 -0.000000 1.000000
vn -0.000001 0.000002 1.000000
vn -0.000002 0.000003 1.000000
vn 0.000000 0.000000 1.000000
vn -0.000001 0.000002 1.000000
vn -0.000003 0.000003 1.000000
vn 0.000000 0.000001 1.000000
vn -0.000001 0.000002 1.000000
vn -0.000003 0.000003 1.000000
vn 0.000000 0.000000 1.000000
vn -0.000001 0.000002 1.000000
vn -0.000003 0.000003 1.000000
vn 0.000000 0.000000 1.000000
vn -0.000004 0.000003 1.000000
vn -0.000004 0.000002 1.000000
vn -0.000005 -0.000001 1.000000
vn -0.000002 -0.000001 1.000000
vn 0.000000 0.000000 1.000000
vn 0.000000 0.000000 1.000000
vn -0.000002 -0.000001 1.000000
vn -0.000002 -0.000001 1.000000
vn 0.000000 0.000000 1.000000
vn -0.000004 -0.000001 1.000000
vn -0.000004 -0.000001 1.000000
vn -0.000004 -0.000002 1.000000
vn 0.000000 0.000000 1.000000
vn -0.000002 -0.000001 1.000000
vn -0.000004 -0.000003 1.000000
vn 0.000000 0.000000 1.000000
vn 0.000000 0.000000 1.000000
vn 0.000000 -0.000000 1.000000
vn 0.000000 -0.000000 1.000000
vn 0.000000 0.000000 1.000000
vn 0.000000 0.000001 1.000000
vn -0.000001 -0.000002 1.000000
vn -0.000002 -0.000002 1.000000
vn -0.000001 -0.000002 1.000000
vn 0.000000 -0.000000 1.000000
vn 0.000000 0.000001 1.000000
vn -0.000001 -0.000001 1.000000
vn 0.000000 -0.000000 1.000000
vn 0.000000 0.000001 1.000000
vn -0.000001 -0.000001 1.000000
vn 0.000000 0.000000 1.000000
vn 0.000000 0.000000 1.000000
vn -0.000001 -0.000001 1.000000
vn 0.000000 -0.000000 1.000000
vn -0.000001 -0.000002 1.000000
vn 0.000000 0.000000 1.000000
vn 0.000000 0.000000 1.000000
vn 0.000001 0.000001 1.000000
vn 0.000001 0.000001 1.000000
vn 0.000000 -0.000000 1.000000
vn 0.000000 0.000001 1.000000
vn 0.000001 0.000001 1.000000
vn 0.000000 0.000000 1.000000
vn 0.000000 0.000000 1.000000
vn 0.000000 -0.000000 1.000000
vn -0.000000 0.000001 1.000000
vn -0.000001 -0.000000 1.000000
vn -0.000000 0.000000 1.000000
vn 0.000000 -0.000000 1.000000
vn -0.000000 -0.000000 1.000000
vn 0.000000 0.000001 1.000000
vn 0.000001 0.000000 1.000000
vn 0.000001 -0.000000 1.000000
vn 0.000001 0.000000 1.000000
vn 0.000000 -0.000000 1.000000
vn -0.000001 -0.000000 1.000000
vn 0.000000 0.000002 1.000000
vn 0.000000 0.000000 1.000000
vn -0.000000 -0.000001 1.000000
vn 0.000001 0.000002 1.000000
vn 0.000000 0.000000 1.000000
vn 0.000000 -0.000001 1.000000
vn 0.000001 0.000002 1.000000
vn 0.000001 0.000002 1.000000
vn 0.000001 0.000004 1.000000
vn 0.000001 0.000004 1.000000
vn 0.000000 0.000002 1.000000
vn 0.000001 0.000004 1.000000
vn 0.000000 -0.000000 1.000000
vn 0.000000 0.000000 1.000000
vn 0.000001 0.000004 1.000000
vn 0.000000 0.000002 1.000000
vn 0.000000 -0.000000 1.000000
vn 0.000001 0.000003 1.000000
vn 0.000000 0.000002 1.000000
vn 0.000000 0.000000 1.000000
vn 0.000001 0.000003 1.000000
vn 0.000000 0.000002 1.000000
vn 0.000000 0.000000 1.000000
vn 0.000000 0.000002 1.000000
vn 0.000000 0.000001 1.000000
vn 0.000001 0.000003 1.000000
vn -0.000001 0.000002 1.000000
vn -0.000002 0.000001 1.000000
vn -0.000001 0.000002 1.000000
vn -0.000003 0.000001 1.000000
vn -0.000004 0.000001 1.000000
vn -0.000002 0.000001 1.000000
vn -0.000003 -0.000001 1.000000
vn -0.000001 0.000002 1.000000
vn -0.000002 -0.000004 1.000000
vn 0.000002 -0.000000 1.000000
vn 0.000000 -0.000004 1.000000
vn -0.000000 -0.000002 1.000000
vn -0.000001 -0.000004 1.000000
vn -0.000000 -0.000002 1.000000
vn -0.000001 -0.000004 1.000000
vn -0.000000 -0.000002 1.000000
vn -0.000001 -0.000004 1.000000
vn -0.000001 -0.000001 1.000000
vn -0.000002 -0.000002 1.000000
vn -0.000000 -0.000001 1.000000
vn -0.000000 -0.000001 1.000000
vn 0.000000 -0.000002 1.000000
vn 0.000001 -0.000003 1.000000
vn -0.000000 -0.000003 1.000000
vn -0.000000 -0.000004 1.000000
vn 0.000000 -0.000002 1.000000
vn 0.000000 -0.000004 1.000000
vn 0.000000 -0.000002 1.000000
vn 0.000000 -0.000003 1.000000
vn 0.000000 -0.000002 1.000000
vn 0.000001 -0.000004 1.000000
vn 0.000000 -0.000002 1.000000
vn 0.000001 -0.000004 1.000000
vn 0.000000 -0.000002 1.000000
vn 0.000001 -0.000004 1.000000
vn -0.000000 -0.000001 1.000000
vn -0.000000 -0.000004 1.000000
vn 0.000000 -0.000001 1.000000
vn 0.000000 -0.000002 1.000000
vn 0.000001 -0.000002 1.000000
vn 0.000002 -0.000003 1.000000
vn 0.000001 -0.000002 1.000000
vn 0.000001 -0.000004 1.000000
vn 0.000001 -0.000002 1.000000
vn 0.000001 -0.000004 1.000000
vn 0.000001 -0.000002 1.000000
vn 0.000000 -0.000000 1.000000
vn 0.000002 -0.000004 1.000000
vn 0.000001 -0.000002 1.000000
vn 0.000000 -0.000000 1.000000
vn 0.000002 -0.000004 1.000000
vn 0.000001 -0.000002 1.000000
vn 0.000000 -0.000000 1.000000
vn 0.000002 -0.000004 1.000000
vn 0.000001 -0.000002 1.000000
vn 0.000000 0.000000 1.000000
vn 0.000002 -0.000003 1.000000
vn 0.000001 -0.000002 1.000000
vn 0.000000 -0.000000 1.000000
vn 0.000002 -0.000004 1.000000
vn 0.000001 -0.000002 1.000000
vn 0.000000 -0.000000 1.000000
vn 0.000002 -0.000003 1.000000
vn 0.000000 -0.000002 1.000000
vn 0.000000 -0.000000 1.000000
vn 0.000001 -0.000003 1.000000
vn 0.000001 -0.000001 1.000000
vn 0.000000 0.000000 1.000000
vn 0.000001 -0.000001 1.000000
vn 0.000001 -0.000001 1.000000
vn 0.000000 0.000000 1.000000
vn 0.000003 -0.000002 1.000000
vn 0.000001 -0.000002 1.000000
vn 0.000000 -0.000000 1.000000
vn 0.000003 -0.000003 1.000000
vn 0.000001 -0.000001 1.000000
vn 0.000000 0.000000 1.000000
vn 0.000001 -0.000003 1.000000
vn 0.000001 -0.000000 1.000000
vn 0.000000 0.000000 1.000000
vn 0.000001 -0.000001 1.000000
vn 0.000002 -0.000000 1.000000
vn 0.000000 0.000000 1.000000
vn 0.000003 -0.000001 1.000000
vn 0.000002 -0.000002 1.000000
vn 0.000000 -0.000001 1.000000
vn 0.000003 -0.000003 1.000000
vn 0.000002 -0.000001 1.000000
vn 0.000000 -0.000000 1.000000
vn 0.000003 -0.000003 1.000000
vn 0.000001 -0.000001 1.000000
vn 0.000000 0.000001 1.000000
vn 0.000002 -0.000003 1.000000
vn 0.000001 -0.000000 1.000000
vn 0.000000 0.000000 1.000000
vn 0.000002 -0.000001 1.000000
vn 0.000002 0.000001 1.000000
vn 0.000001 0.000000 1.000000
vn 0.000003 0.000001 1.000000
vn 0.000000 0.000000 1.000000
vn -0.000002 0.000001 1.000000
vn 0.000002 -0.000001 1.000000
vn 0.000001 -0.000001 1.000000
vn 0.000002 -0.000001 1.000000
vn 0.000000 -0.000000 1.000000
vn -0.000002 0.000001 1.000000
vn 0.000001 -0.000002 1.000000
vn 0.000000 -0.000001 1.000000
vn 0.000001 -0.000003 1.000000
vn 0.000000 -0.000000 1.000000
vn -0.000002 0.000001 1.000000
vn 0.000001 -0.000001 1.000000
vn 0.000000 -0.000000 1.000000
vn 0.000002 -0.000001 1.000000
vn 0.000000 0.000000 1.000000
vn -0.000002 0.000001 1.000000
vn -0.000004 0.000002 1.000000
vn -0.000004 0.000002 1.000000
vn -0.000004 0.000001 1.000000
vn 0.000001 -0.000000 1.000000
vn 0.000000 0.000001 1.000000
vn 0.000003 -0.000001 1.000000
vn 0.000001 0.000001 1.000000
vn -0.000002 0.000000 1.000000
vn -0.000004 0.000001 1.000000
vn 0.000001 0.000000 1.000000
vn -0.000000 0.000000 1.000000
vn 0.000004 -0.000001 1.000000
vn 0.000001 -0.000000 1.000000
vn -0.000002 0.000001 1.000000
vn -0.000004 0.000001 1.000000
vn 0.000001 -0.000000 1.000000
vn -0.000000 -0.000001 1.000000
vn 0.000004 -0.000000 1.000000
vn 0.000000 -0.000000 1.000000
vn -0.000002 0.000002 1.000000
vn -0.000002 0.000002 1.000000
vn 0.000002 -0.000001 1.000000
vn 0.000000 -0.000000 1.000000
vn 0.000004 -0.000001 1.000000
vn -0.000001 -0.000000 1.000000
vn -0.000002 0.000001 1.000000
vn -0.000002 0.000001 1.000000
vn 0.000002 -0.000000 1.000000
vn 0.000000 0.000000 1.000000
vn 0.000004 -0.000001 1.000000
vn -0.000001 -0.000001 1.000000
vn -0.000002 -0.000001 1.000000
vn -0.000003 -0.000001 1.000000
vn 0.000002 -0.000000 1.000000
vn 0.000000 0.000001 1.000000
vn 0.000004 -0.000001 1.000000
vn 0.000000 0.000000 1.000000
vn -0.000002 0.000000 1.000000
vn -0.000004 0.000001 1.000000
vn 0.000001 -0.000001 1.000000
vn 0.000000 -0.000000 1.000000
vn 0.000003 -0.000002 1.000000
vn 0.000000 0.000000 1.000000
vn -0.000001 -0.000000 1.000000
vn -0.000003 -0.000001 1.000000
vn 0.000001 -0.000001 1.000000
vn 0.000000 -0.000000 1.000000
vn 0.000002 -0.000001 1.000000
vn 0.000000 0.000000 1.000000
vn -0.000001 0.000000 1.000000
vn -0.000002 0.000000 1.000000
vn 0.000001 -0.000000 1.000000
vn 0.000000 0.000000 1.000000
vn 0.000002 -0.000000 1.000000
vn 0.000000 0.000000 1.000000
vn -0.000001 0.000001 1.000000
vn -0.000003 0.000002 1.000000
vn 0.000001 0.000000 1.000000
vn 0.000000 0.000001 1.000000
vn 0.000002 0.000000 1.000000
vn 0.000000 0.000000 1.000000
vn -0.000002 -0.000000 1.000000
vn -0.000004 0.000001 1.000000
vn 0.000002 0.000001 1.000000
vn 0.000000 -0.000000 1.000000
vn 0.000003 0.000001 1.000000
vn 0.000000 -0.000000 1.000000
vn -0.000002 -0.000000 1.000000
vn -0.000004 -0.000000 1.000000
vn 0.000002 -0.000000 1.000000
vn 0.000000 -0.000000 1.000000
vn 0.000004 0.000000 1.000000
vn 0.000000 0.000000 1.000000
vn -0.000002 -0.000000 1.000000
vn -0.000004 -0.000000 1.000000
vn 0.000002 -0.000000 1.000000
vn 0.000000 0.000000 1.000000
vn 0.000003 -0.000001 1.000000
vn 0.000000 0.000000 1.000000
vn -0.000002 -0.000000 1.000000
vn -0.000004 -0.000000 1.000000
vn 0.000001 0.000000 1.000000
vn 0.000000 -0.000000 1.000000
vn 0.000002 0.000000 1.000000
vn 0.000000 -0.000000 1.000000
vn -0.000002 0.000000 1.000000
vn -0.000004 -0.000001 1.000000
vn 0.000001 0.000001 1.000000
vn 0.000000 -0.000000 1.000000
vn 0.000003 0.000001 1.000000
vn 0.000000 0.000000 1.000000
vn -0.000002 0.000000 1.000000
vn -0.000004 -0.000001 1.000000
vn 0.000002 0.000000 1.000000
vn 0.000000 0.000000 1.000000
vn 0.000004 0.000001 1.000000
vn 0.000000 0.000001 1.000000
vn -0.000002 0.000000 1.000000
vn -0.000004 -0.000000 1.000000
vn 0.000002 -0.000000 1.000000
vn 0.000000 0.000000 1.000000
vn 0.000003 -0.000001 1.000000
vn 0.000000 0.000000 1.000000
vn -0.000002 0.000000 1.000000
vn -0.000004 -0.000001 1.000000
vn 0.000001 0.000000 1.000000
vn 0.000000 0.000000 1.000000
vn 0.000002 0.000001 1.000000
vn 0.000000 0.000000 1.000000
vn -0.000002 -0.000001 1.000000
vn -0.000004 -0.000001 1.000000
vn 0.000001 0.000001 1.000000
vn 0.000000 0.000000 1.000000
vn 0.000003 0.000002 1.000000
vn 0.000000 0.000000 1.000000
vn -0.000002 -0.000000 1.000000
vn -0.000004 -0.000001 1.000000
vn 0.000002 0.000002 1.000000
vn 0.000000 0.000001 1.000000
vn 0.000002 0.000002 1.000000
vn 0.000002 0.000001 1.000000
vn 0.000001 0.000001 1.000000
vn 0.000002 0.000001 1.000000
vn 0.000002 0.000000 1.000000
vn 0.000001 0.000000 1.000000
vn 0.000003 0.000000 1.000000
vn 0.000002 0.000001 1.000000
vn 0.000000 -0.000000 1.000000
vn 0.000004 0.000002 1.000000
vn 0.000002 0.000001 1.000000
vn 0.000000 -0.000000 1.000000
vn 0.000003 0.000002 1.000000
vn 0.000000 0.000000 1.000000
vn -0.000002 -0.000001 1.000000
vn 0.000002 0.000000 1.000000
vn 0.000000 -0.000000 1.000000
vn 0.000003 0.000001 1.000000
vn 0.000000 0.000000 1.000000
vn -0.000002 -0.000001 1.000000
vn 0.000001 0.000000 1.000000
vn 0.000000 -0.000000 1.000000
vn 0.000002 0.000001 1.000000
vn 0.000000 -0.000000 1.000000
vn -0.000002 -0.000001 1.000000
vn 0.000001 0.000002 1.000000
vn 0.000000 0.000000 1.000000
vn 0.000002 0.000002 1.000000
vn 0.000000 -0.000001 1.000000
vn -0.000002 -0.000002 1.000000
vn 0.000002 0.000001 1.000000
vn 0.000003 0.000002 1.000000
vn 0.000002 0.000001 1.000000
vn 0.000003 0.000002 1.000000
vn 0.000002 0.000001 1.000000
vn 0.000003 0.000002 1.000000
vn 0.000001 0.000000 1.000000
vn 0.000001 0.000002 1.000000
vn 0.000001 0.000001 1.000000
vn 0.000001 0.000003 1.000000
vn 0.000001 0.000002 1.000000
vn 0.000003 0.000003 1.000000
vn 0.000001 0.000002 1.000000
vn 0.000003 0.000003 1.000000
vn 0.000001 0.000002 1.000000
vn 0.000000 0.000001 1.000000
vn 0.000002 0.000003 1.000000
vn 0.000000 -0.000000 1.000000
vn 0.000003 0.000002 1.000000
vn 0.000001 0.000001 1.000000
vn 0.000001 0.000002 1.000000
vn 0.000001 0.000002 1.000000
vn 0.000001 0.000001 1.000000
vn 0.000001 0.000002 1.000000
vn 0.000000 0.000004 1.000000
vn 0.000001 0.000004 1.000000
vn -0.000004 -0.000003 1.000000
vn -0.000003 -0.000003 1.000000
vn -0.000003 -0.000003 1.000000
vn -0.000003 0.000001 1.000000
vn -0.000000 0.000001 1.000000
vn 0.000002 -0.000002 1.000000
vn -0.000001 -0.000003 1.000000
vn -0.000002 -0.000003 1.000000
vn -0.000002 -0.000003 1.000000
vn -0.000002 -0.000003 1.000000
vn -0.000002 -0.000003 1.000000
vn -0.000002 -0.000004 1.000000
vn -0.000003 0.000001 1.000000
vn -0.000003 -0.000003 1.000000
vn -0.000003 -0.000002 1.000000
vn -0.000003 -0.000002 1.000000
vn -0.000003 -0.000003 1.000000
vn -0.000003 -0.000003 1.000000
vn -0.000003 -0.000003 1.000000
vn -0.000003 -0.000003 1.000000
vn -0.000003 -0.000003 1.000000
vn -0.000003 -0.000003 1.000000
vn -0.000003 -0.000003 1.000000
vn -0.000003 -0.000003 1.000000
vn -0.000001 -0.000001 1.000000
vn -0.000003 -0.000002 1.000000
vn -0.000001 -0.000001 1.000000
vn -0.000002 -0.000003 1.000000
vn -0.000001 -0.000001 1.000000
vn -0.000002 -0.000003 1.000000
vn -0.000001 -0.000001 1.000000
vn -0.000002 -0.000002 1.000000
vn -0.000001 -0.000001 1.000000
vn -0.000002 -0.000003 1.000000
vn -0.000001 -0.000001 1.000000
vn -0.000002 -0.000003 1.000000
vn -0.000001 -0.000001 1.000000
vn -0.000002 -0.000003 1.000000
vn -0.000002 -0.000001 1.000000
vn -0.000002 -0.000002 1.000000
vn -0.000001 -0.000002 1.000000
vn -0.000001 -0.000002 1.000000
vn 0.000001 -0.000003 1.000000
vn 0.000000 -0.000004 1.000000
vn 0.000000 -0.000000 1.000000
vn -0.000001 -0.000002 1.000000
vn -0.000001 -0.000004 1.000000
vn 0.000000 -0.000001 1.000000
vn -0.000000 -0.000002 1.000000
vn -0.000001 -0.000003 1.000000
vn 0.000000 -0.000001 1.000000
vn -0.000000 -0.000002 1.000000
vn -0.000001 -0.000004 1.000000
vn 0.000000 -0.000000 1.000000
vn -0.000000 -0.000002 1.000000
vn -0.000001 -0.000004 1.000000
vn 0.000000 0.000000 1.000000
vn -0.000000 -0.000002 1.000000
vn -0.000001 -0.000004 1.000000
vn 0.000000 0.000000 1.000000
vn -0.000000 -0.000002 1.000000
vn -0.000000 -0.000004 1.000000
vn -0.000002 0.000000 1.000000
vn -0.000001 -0.000001 1.000000
vn -0.000000 -0.000003 1.000000
vn -0.000003 0.000001 1.000000
vn -0.000001 -0.000001 1.000000
vn 0.000000 -0.000004 1.000000
vn 0.000000 -0.000000 -1.000000
vn 0.000000 -0.000000 -1.000000
vn 0.000000 0.000000 -1.000000
vn 0.000000 -0.000000 -1.000000
vn 0.000000 0.000000 -1.000000
vn 0.000000 -0.000000 -1.000000
vn 0.000000 -0.000000 -1.000000
vn 0.000000 0.000000 -1.000000
vn 0.000000 -0.000000 -1.000000
vn 0.000000 -0.000000 -1.000000
vn 0.000000 -0.000000 -1.000000
vn 0.000000 0.000000 -1.000000
vn 0.000000 0.000000 -1.000000
vn 0.000000 -0.000000 -1.000000
vn 0.000000 -0.000000 -1.000000
vn 0.000000 -0.000000 -1.000000
vn 0.000000 -0.000000 -1.000000
vn 0.000000 -0.000000 -1.000000
vn 0.000000 -0.000001 -1.000000
vn 0.000000 -0.000000 -1.000000
vn 0.000000 0.000000 -1.000000
vn 0.000000 -0.000000 -1.000000
vn 0.000000 -0.000000 -1.000000
vn 0.000000 -0.000000 -1.000000
vn 0.000000 0.000000 -1.000000
vn 0.000000 -0.000000 -1.000000
vn 0.000000 -0.000000 -1.000000
vn 0.000000 0.000000 -1.000000
vn 0.000000 0.000000 -1.000000
vn 0.000000 0.000000 -1.000000
vn 0.000000 0.000001 -1.000000
vn 0.000000 0.000000 -1.000000
vn 0.000000 0.000000 -1.000000
vn 0.000000 0.000000 -1.000000
vn 0.000000 -0.000000 -1.000000
vn 0.000000 0.000000 -1.000000
vn 0.000000 -0.000000 -1.000000
vn 0.000000 -0.000000 -1.000000
vn 0.000000 -0.000000 -1.000000
vn 0.000000 0.000000 -1.000000
vn -0.000000 0.000000 -1.000000
vn 0.000000 -0.000000 -1.000000
vn 0.000000 0.000000 -1.000000
vn 0.000000 0.000001 -1.000000
vn 0.000000 -0.000000 -1.000000
vn 0.000000 0.000000 -1.000000
vn 0.000000 0.000000 -1.000000
vn 0.000000 -0.000000 -1.000000
vn 0.000000 -0.000000 -1.000000
vn 0.000000 -0.000000 -1.000000
vn 0.000000 -0.000000 -1.000000
vn 0.000000 -0.000000 -1.000000
vn 0.000000 -0.000000 -1.000000
vn 0.000000 0.000000 -1.000000
vn 0.000001 -0.000000 -1.000000
vn -0.000000 0.000000 -1.000000
vn 0.000000 0.000001 -1.000000
vn 0.000000 0.000000 -1.000000
vn 0.000000 0.000000 -1.000000
vn 0.000000 0.000000 -1.000000
vn 0.000000 0.000000 -1.000000
vn 0.000000 -0.000000 -1.000000
vn -0.000000 -0.000000 -1.000000
vn 0.000000 0.000000 -1.000000
vn 0.000000 -0.000000 -1.000000
vn 0.000000 0.000000 -1.000000
vn -0.000000 0.000000 -1.000000
vn -0.000001 -0.000000 -1.000000
vn -0.000000 -0.000000 -1.000000
vn -0.000000 0.000001 -1.000000
vn -0.000000 0.000000 -1.000000
vn 0.000000 -0.000000 -1.000000
vn 0.000000 0.000000 -1.000000
vn 0.000001 0.000000 -1.000000
vn 0.000000 -0.000000 -1.000000
vn 0.000000 0.000000 -1.000000
vn 0.000000 -0.000000 -1.000000
vn 0.000000 -0.000000 -1.000000
vn 0.000000 -0.000000 -1.000000
vn 0.000000 -0.000000 -1.000000
vn 0.000000 0.000000 -1.000000
vn 0.000000 -0.000000 -1.000000
vn 0.000000 0.000000 -1.000000
vn 0.000000 -0.000000 -1.000000
vn 0.000000 0.000000 -1.000000
vn 0.000000 0.000000 -1.000000
vn 0.000000 0.000000 -1.000000
vn 0.000000 -0.000000 -1.000000
vn 0.000000 -0.000000 -1.000000
vn 0.000000 0.000000 -1.000000
vn 0.000000 -0.000000 -1.000000
vn 0.000000 -0.000000 -1.000000
vn 0.000000 0.000000 -1.000000
vn 0.000000 0.000000 -1.000000
vn 0.000000 0.000000 -1.000000
vn -0.000000 -0.000000 -1.000000
vn 0.000000 0.000000 -1.000000
vn 0.000000 0.000000 -1.000000
vn 0.000000 -0.000000 -1.000000
vn -0.000000 -0.000000 -1.000000
vn 0.000000 -0.000000 -1.000000
vn 0.000000 0.000000 -1.000000
vn 0.000000 0.000000 -1.000000
vn 0.000000 0.000000 -1.000000
vn 0.000000 -0.000000 -1.000000
vn 0.000000 -0.000000 -1.000000
vn -0.000000 -0.000001 -1.000000
vn 0.000001 -0.000001 -1.000000
vn 0.000000 0.000000 -1.000000
vn 0.000000 0.000000 -1.000000
vn 0.000001 0.000000 -1.000000
vn 0.000000 0.000000 -1.000000
vn 0.000000 -0.000000 -1.000000
vn 0.000000 0.000000 -1.000000
vn 0.000000 -0.000000 -1.000000
vn 0.000000 -0.000000 -1.000000
vn 0.000000 -0.000000 -1.000000
vn 0.000000 -0.000000 -1.000000
vn 0.000000 -0.000000 -1.000000
vn 0.000000 -0.000000 -1.000000
vn 0.000000 0.000000 -1.000000
vn 0.000000 -0.000000 -1.000000
vn 0.000000 0.000000 -1.000000
vn 0.000000 0.000000 -1.000000
vn 0.000000 0.000000 -1.000000
vn 0.000000 -0.000000 -1.000000
vn 0.000000 0.000000 -1.000000
vn 0.000000 -0.000000 -1.000000
vn 0.000000 0.000000 -1.000000
vn 0.000000 -0.000000 -1.000000
vn 0.000000 -0.000000 -1.000000
vn 0.000000 -0.000000 -1.000000
vn 0.000000 -0.000000 -1.000000
vn 0.000000 -0.000000 -1.000000
vn 0.000000 -0.000000 -1.000000
vn 0.000000 -0.000000 -1.000000
vn 0.000000 0.000000 -1.000000
vn 0.000000 -0.000000 -1.000000
vn 0.000000 0.000000 -1.000000
vn 0.000000 -0.000000 -1.000000
vn 0.000000 -0.000001 -1.000000
vn 0.000000 -0.000000 -1.000000
vn 0.000000 -0.000001 -1.000000
vn 0.000000 0.000000 -1.000000
vn 0.000000 -0.000000 -1.000000
vn 0.000000 0.000000 -1.000000
vn 0.000000 0.000000 -1.000000
vn 0.000000 0.000000 -1.000000
vn 0.000000 0.000000 -1.000000
vn 0.000000 -0.000000 -1.000000
vn 0.000000 0.000000 -1.000000
vn 0.000000 -0.000000 -1.000000
vn 0.000000 0.000000 -1.000000
vn 0.000000 -0.000000 -1.000000
vn 0.000000 0.000000 -1.000000
vn 0.000000 -0.000000 -1.000000
vn 0.000000 0.000000 -1.000000
vn 0.000000 0.000000 -1.000000
vn 0.000000 0.000000 -1.000000
vn 0.000000 -0.000000 -1.000000
vn 0.000000 0.000000 -1.000000
vn 0.000000 -0.000000 -1.000000
vn 0.000000 -0.000000 -1.000000
vn -0.000000 0.000000 -1.000000
vn -0.000001 0.000000 -1.000000
vn -0.000000 -0.000000 -1.000000
vn 0.000000 -0.000000 -1.000000
vn 0.000000 0.000000 -1.000000
vn 0.000000 0.000000 -1.000000
vn 0.000000 0.000000 -1.000000
vn 0.000000 0.000001 -1.000000
vn 0.000000 0.000000 -1.000000
vn 0.000000 0.000000 -1.000000
vn 0.000000 -0.000000 -1.000000
vn 0.000000 -0.000000 -1.000000
vn 0.000000 0.000001 -1.000000
vn 0.000000 0.000000 -1.000000
vn 0.000000 0.000000 -1.000000
vn 0.000000 -0.000000 -1.000000
vn 0.000000 -0.000000 -1.000000
vn -0.000000 -0.000001 -1.000000
vn 0.000000 -0.000001 -1.000000
vn 0.000001 -0.000000 -1.000000
vn 0.000000 -0.000000 -1.000000
vn 0.000000 -0.000000 -1.000000
vn 0.000000 0.000000 -1.000000
vn 0.000000 0.000000 -1.000000
vn 0.000000 0.000000 -1.000000
vn 0.000000 0.000000 -1.000000
vn 0.000000 0.000000 -1.000000
vn 0.000000 0.000000 -1.000000
vn 0.000000 -0.000000 -1.000000
vn 0.000000 -0.000000 -1.000000
vn 0.000000 -0.000000 -1.000000
vn 0.000000 -0.000000 -1.000000
vn 0.000000 0.000000 -1.000000
vn 0.000000 0.000000 -1.000000
vn 0.000000 0.000000 -1.000000
vn 0.000000 0.000000 -1.000000
vn 0.000000 0.000000 -1.000000
vn 0.000000 0.000000 -1.000000
vn 0.000000 0.000000 -1.000000
vn 0.000000 -0.000000 -1.000000
vn 0.000000 0.000000 -1.000000
vn 0.000000 -0.000000 -1.000000
vn 0.000000 -0.000000 -1.000000
vn 0.000000 -0.000000 -1.000000
vn 0.000000 -0.000000 -1.000000
vn 0.000000 0.000000 -1.000000
vn 0.000000 0.000000 -1.000000
vn 0.000000 0.000000 -1.000000
vn 0.000000 0.000000 -1.000000
vn 0.000000 0.000000 -1.000000
vn 0.000000 -0.000000 -1.000000
vn 0.000000 0.000000 -1.000000
vn 0.000000 0.000000 -1.000000
vn 0.000000 -0.000000 -1.000000
vn 0.000000 -0.000000 -1.000000
vn 0.000000 -0.000000 -1.000000
vn 0.000000 0.000000 -1.000000
vn 0.000000 -0.000000 -1.000000
vn 0.000000 0.000000 -1.000000
vn 0.000000 0.000000 -1.000000
vn 0.000000 0.000000 -1.000000
vn 0.000000 -0.000000 -1.000000
vn 0.000000 -0.000000 -1.000000
vn 0.000000 -0.000000 -1.000000
vn 0.000000 -0.000000 -1.000000
vn 0.000000 -0.000000 -1.000000
vn 0.000000 -0.000000 -1.000000
vn 0.000000 -0.000000 -1.000000
vn 0.000000 0.000000 -1.000000
vn 0.000000 0.000000 -1.000000
vn 0.000000 -0.000000 -1.000000
vn 0.000000 0.000000 -1.000000
vn 0.000000 -0.000000 -1.000000
vn 0.000000 -0.000000 -1.000000
vn 0.000000 0.000000 -1.000000
vn 0.000000 -0.000000 -1.000000
vn 0.000000 -0.000000 -1.000000
vn 0.000000 -0.000000 -1.000000
vn 0.000000 -0.000000 -1.000000
vn 0.000000 0.000000 -1.000000
vn 0.000000 0.000000 -1.000000
vn 0.000000 -0.000000 -1.000000
vn 0.000000 0.000000 -1.000000
vn 0.000000 -0.000000 -1.000000
vn 0.000000 0.000000 -1.000000
vn 0.000000 0.000000 -1.000000
vn 0.000000 0.000000 -1.000000
vn 0.000000 0.000000 -1.000000
vn 0.000000 0.000000 -1.000000
vn 0.000000 -0.000000 -1.000000
vn 0.000000 -0.000000 -1.000000
vn 0.000000 -0.000000 -1.000000
vn 0.000000 -0.000000 -1.000000
vn 0.000000 -0.000000 -1.000000
vn 0.000000 0.000000 -1.000000
vn 0.000000 0.000000 -1.000000
vn -0.000000 -0.000000 -1.000000
vn -0.000000 0.000000 -1.000000
vn -0.000000 0.000000 -1.000000
vn -0.000000 -0.000000 -1.000000
vn 0.000000 0.000000 -1.000000
vn 0.000000 0.000000 -1.000000
vn 0.000000 0.000000 -1.000000
vn 0.000000 0.000000 -1.000000
vn 0.000000 0.000000 -1.000000
vn 0.000000 -0.000000 -1.000000
vn -0.000000 0.000000 -1.000000
vn 0.000000 0.000000 -1.000000
vn 0.000000 -0.000000 -1.000000
vn 0.000000 -0.000000 -1.000000
vn 0.000000 -0.000000 -1.000000
vn 0.000000 -0.000000 -1.000000
vn 0.000000 -0.000000 -1.000000
vn 0.000000 -0.000001 -1.000000
vn 0.000000 0.000000 -1.000000
vn 0.000000 0.000000 -1.000000
vn 0.000000 0.000000 -1.000000
vn 0.000000 0.000000 -1.000000
vn 0.000000 0.000000 -1.000000
vn 0.000000 0.000000 -1.000000
vn 0.000000 0.000000 -1.000000
vn 0.000000 -0.000000 -1.000000
vn 0.000000 -0.000000 -1.000000
vn 0.000000 -0.000000 -1.000000
vn 0.000000 0.000000 -1.000000
vn 0.000000 0.000000 -1.000000
vn 0.000000 0.000000 -1.000000
vn 0.000000 -0.000000 -1.000000
vn 0.000000 -0.000000 -1.000000
vn 0.000000 0.000000 -1.000000
vn 0.000000 -0.000000 -1.000000
vn 0.000000 -0.000000 -1.000000
vn 0.000000 0.000000 -1.000000
vn 0.000000 0.000000 -1.000000
vn 0.000001 -0.000000 -1.000000
vn 0.000000 0.000001 -1.000000
vn -0.000000 0.000001 -1.000000
vn 0.000000 -0.000000 -1.000000
vn 0.000000 0.000000 -1.000000
vn 0.000000 -0.000000 -1.000000
vn 0.000000 0.000000 -1.000000
vn 0.000000 -0.000000 -1.000000
vn 0.000000 -0.000000 -1.000000
vn 0.000000 -0.000000 -1.000000
vn 0.000000 0.000000 -1.000000
vn 0.000000 0.000000 -1.000000
vn 0.000000 0.000000 -1.000000
vn 0.000000 0.000000 -1.000000
vn 0.000000 0.000000 -1.000000
vn 0.000000 0.000000 -1.000000
vn 0.000000 -0.000000 -1.000000
vn 0.000000 -0.000000 -1.000000
vn 0.000000 -0.000000 -1.000000
vn 0.000000 -0.000000 -1.000000
vn 0.000000 -0.000000 -1.000000
vn 0.000000 -0.000000 -1.000000
vn 0.000000 -0.000000 -1.000000
vn 0.000000 -0.000000 -1.000000
vn 0.000000 -0.000000 -1.000000
vn 0.000000 -0.000000 -1.000000
vn 0.000000 0.000000 -1.000000
vn 0.000000 0.000000 -1.000000
vn 0.000000 0.000000 -1.000000
vn 0.000000 0.000000 -1.000000
vn 0.000000 0.000000 -1.000000
vn 0.000000 0.000000 -1.000000
vn 0.000000 0.000000 -1.000000
vn 0.000000 0.000000 -1.000000
vn 0.000000 0.000000 -1.000000
vn 0.000000 -0.000000 -1.000000
vn 0.000000 -0.000000 -1.000000
vn 0.000000 0.000000 -1.000000
vn 0.000000 0.000000 -1.000000
vn 0.000000 0.000000 -1.000000
vn -0.000000 0.000000 -1.000000
vn -0.000001 0.000000 -1.000000
vn 0.000000 -0.000000 -1.000000
vn -0.000000 0.000000 -1.000000
vn -0.000000 0.000001 -1.000000
vn 0.000000 -0.000000 -1.000000
vn 0.000000 0.000000 -1.000000
vn 0.000000 0.000001 -1.000000
vn 0.000000 -0.000000 -1.000000
vn 0.000000 0.000000 -1.000000
vn 0.000000 0.000000 -1.000000
vn 0.000000 0.000000 -1.000000
vn 0.000000 0.000000 -1.000000
vn 0.000000 -0.000000 -1.000000
vn 0.000000 0.000000 -1.000000
vn 0.000000 0.000000 -1.000000
vn 0.000000 -0.000000 -1.000000
vn 0.000000 0.000000 -1.000000
vn 0.000000 0.000000 -1.000000
vn 0.000000 0.000000 -1.000000
vn 0.000000 0.000000 -1.000000
vn 0.000000 0.000000 -1.000000
vn 0.000000 0.000000 -1.000000
vn 0.000000 0.000000 -1.000000
vn 0.000000 -0.000000 -1.000000
vn 0.000000 -0.000000 -1.000000
vn 0.000000 0.000000 -1.000000
vn 0.000000 -0.000000 -1.000000
vn 0.000000 -0.000000 -1.000000
vn 0.000000 0.000000 -1.000000
vn 0.000000 -0.000000 -1.000000
vn 0.000000 -0.000000 -1.000000
vn 0.000000 -0.000000 -1.000000
vn 0.000000 -0.000000 -1.000000
vn 0.000000 -0.000000 -1.000000
vn 0.000000 -0.000000 -1.000000
vn 0.000000 0.000000 -1.000000
vn 0.000000 0.000000 -1.000000
vn 0.000000 -0.000000 -1.000000
vn 0.000000 0.000000 -1.000000
vn 0.000000 0.000000 -1.000000
vn 0.000000 0.000000 -1.000000
vn 0.000000 -0.000000 -1.000000
vn 0.000000 -0.000000 -1.000000
vn 0.000000 0.000000 -1.000000
vn 0.000000 0.000000 -1.000000
vn 0.000000 0.000000 -1.000000
vn 0.000000 0.000000 -1.000000
vn 0.000000 0.000000 -1.000000
vn 0.000000 0.000001 -1.000000
vn -0.000000 -0.000000 -1.000000
vn -0.000000 -0.000000 -1.000000
vn 0.000000 -0.000001 -1.000000
vn 0.000000 0.000000 -1.000000
vn 0.000000 0.000000 -1.000000
vn -0.000000 0.000000 -1.000000
vn 0.000000 -0.000000 -1.000000
vn 0.000001 -0.000000 -1.000000
vn 0.000000 0.000000 -1.000000
vn 0.000000 0.000000 -1.000000
vn -0.000000 0.000000 -1.000000
vn 0.000000 0.000001 -1.000000
vn 0.000001 0.000000 -1.000000
vn 0.000000 -0.000000 -1.000000
vn 0.000000 0.000000 -1.000000
vn 0.000000 0.000000 -1.000000
vn 0.000000 0.000000 -1.000000
vn 0.000000 0.000000 -1.000000
vn 0.000000 -0.000000 -1.000000
vn 0.000000 -0.000000 -1.000000
vn 0.000000 0.000000 -1.000000
vn 0.000000 0.000001 -1.000000
vn 0.000000 -0.000000 -1.000000
vn -0.000000 -0.000001 -1.000000
vn 0.000000 -0.000000 -1.000000
vn 0.000000 -0.000000 -1.000000
vn -0.000000 -0.000000 -1.000000
vn 0.000000 0.000000 -1.000000
vn 0.000000 0.000000 -1.000000
vn 0.000000 -0.000000 -1.000000
vn 0.000000 -0.000000 -1.000000
vn 0.000000 -0.000001 -1.000000
vn -0.000000 0.000000 -1.000000
vn 0.000000 0.000000 -1.000000
vn 0.000000 0.000000 -1.000000
vn 0.000000 0.000001 -1.000000
vn 0.000000 0.000000 -1.000000
vn 0.000000 0.000000 -1.000000
vn -0.000000 0.000000 -1.000000
vn -0.000000 -0.000000 -1.000000
vn -0.000001 -0.000000 -1.000000
vn 0.000000 -0.000000 -1.000000
vn 0.000000 -0.000000 -1.000000
vn 0.000000 -0.000000 -1.000000
vn 0.000000 -0.000000 -1.000000
vn 0.000000 0.000000 -1.000000
vn -0.000001 0.000000 -1.000000
vn 0.000000 -0.000000 -1.000000
vn 0.000000 -0.000000 -1.000000
vn 0.000000 -0.000000 -1.000000
vn 0.000000 0.000000 -1.000000
vn 0.000000 0.000001 -1.000000
vn -0.000000 0.000000 -1.000000
vn 0.000000 0.000000 -1.000000
vn 0.000000 0.000000 -1.000000
vn 0.000000 -0.000000 -1.000000
vn 0.000000 -0.000000 -1.000000
vn 0.000000 -0.000000 -1.000000
vn 0.000000 -0.000000 -1.000000
vn 0.000000 0.000000 -1.000000
vn 0.000000 -0.000000 -1.000000
vn 0.000000 -0.000000 -1.000000
vn 0.000000 0.000000 -1.000000
vn 0.000000 -0.000000 -1.000000
vn 0.000000 -0.000000 -1.000000
vn 0.000000 -0.000000 -1.000000
vn 0.000000 -0.000000 -1.000000
vn 0.000000 0.000000 -1.000000
vn 0.000000 0.000000 -1.000000
vn 0.000000 0.000000 -1.000000
vn 0.000000 0.000000 -1.000000
vn 0.000000 0.000000 -1.000000
vn 0.000000 0.000000 -1.000000
vn 0.000000 0.000000 -1.000000
vn 0.000000 0.000000 -1.000000
vn 0.000000 0.000000 -1.000000
vn 0.000000 -0.000000 -1.000000
vn 0.000000 -0.000000 -1.000000
vn 0.000000 -0.000000 -1.000000
vn 0.000000 -0.000000 -1.000000
vn 0.000000 0.000000 -1.000000
vn 0.000000 -0.000000 -1.000000
vn 0.000000 -0.000000 -1.000000
vn 0.000000 -0.000000 -1.000000
vn 0.000000 -0.000000 -1.000000
vn 0.000000 -0.000000 -1.000000
vn 0.000000 -0.000000 -1.000000
vn 0.000000 -0.000000 -1.000000
vn 0.000000 -0.000000 -1.000000
vn 0.000000 0.000000 -1.000000
vn 0.000000 0.000000 -1.000000
vn 0.000000 0.000000 -1.000000
vn 0.000000 0.000000 -1.000000
vn 0.000000 0.000000 -1.000000
vn 0.000000 0.000000 -1.000000
vn 0.000000 0.000000 -1.000000
vn 0.000000 0.000000 -1.000000
vn 0.000000 0.000000 -1.000000
vn 0.000000 -0.000000 -1.000000
vn 0.000000 0.000000 -1.000000
vn 0.000000 0.000000 -1.000000
vn 0.000000 0.000000 -1.000000
vn 0.000000 0.000000 -1.000000
vn 0.000000 0.000000 -1.000000
vn 0.000000 -0.000000 -1.000000
vn 0.000000 -0.000000 -1.000000
vn 0.000000 -0.000000 -1.000000
vn 0.000000 0.000000 -1.000000
vn 0.000000 -0.000000 -1.000000
vn 0.000000 -0.000000 -1.000000
vn 0.000000 0.000000 -1.000000
vn 0.000000 -0.000000 -1.000000
vn 0.000001 -0.000001 -1.000000
vn 0.000000 0.000000 -1.000000
vn 0.000000 -0.000000 -1.000000
vn 0.000000 -0.000000 -1.000000
vn 0.000000 0.000000 -1.000000
vn 0.000000 0.000000 -1.000000
vn 0.000001 0.000000 -1.000000
vn 0.000000 0.000000 -1.000000
vn 0.000000 0.000000 -1.000000
vn 0.000000 0.000000 -1.000000
vn 0.000000 0.000000 -1.000000
vn 0.000000 0.000000 -1.000000
vn 0.000000 0.000001 -1.000000
vn 0.000000 -0.000000 -1.000000
vn 0.000000 -0.000000 -1.000000
vn 0.000000 -0.000000 -1.000000
vn 0.000000 0.000000 -1.000000
vn 0.000000 0.000000 -1.000000
vn 0.000000 0.000000 -1.000000
vn 0.000000 -0.000000 -1.000000
vn 0.000000 -0.000000 -1.000000
vn 0.000000 0.000000 -1.000000
vn 0.000000 0.000000 -1.000000
vn 0.000000 -0.000000 -1.000000
vn 0.000000 -0.000001 -1.000000
vn -0.000000 -0.000001 -1.000000
vn 0.000000 -0.000000 -1.000000
vn 0.000001 -0.000000 -1.000000
vn -0.000000 -0.000000 -1.000000
vn 0.000000 -0.000000 -1.000000
vn 0.000001 0.000000 -1.000000
vn -0.000000 0.000000 -1.000000
vn -0.000000 0.000001 -1.000000
vn 0.000000 0.000001 -1.000000
vn 0.000000 -0.000000 -1.000000
vn 0.000000 -0.000000 -1.000000
vn 0.000000 0.000000 -1.000000
vn 0.000000 -0.000000 -1.000000
vn 0.000000 -0.000000 -1.000000
vn 0.000000 -0.000000 -1.000000
vn 0.000000 0.000000 -1.000000
vn 0.000000 -0.000000 -1.000000
vn 0.000000 -0.000000 -1.000000
vn 0.000000 0.000000 -1.000000
vn 0.000000 0.000000 -1.000000
vn 0.000000 -0.000000 -1.000000
vn 0.000000 -0.000000 -1.000000
vn 0.000000 0.000000 -1.000000
vn -0.000000 -0.000000 -1.000000
vn -0.000000 -0.000001 -1.000000
vn 0.000000 0.000000 -1.000000
vn 0.000000 0.000000 -1.000000
vn 0.000000 0.000000 -1.000000
vn -0.000000 -0.000000 -1.000000
vn -0.000001 -0.000000 -1.000000
vn 0.000000 0.000000 -1.000000
vn 0.000000 -0.000000 -1.000000
vn -0.000000 0.000000 -1.000000
vn -0.000001 0.000000 -1.000000
vn 0.000000 0.000000 -1.000000
vn 0.000000 0.000000 -1.000000
vn 0.000000 0.000000 -1.000000
vn 0.000000 0.000000 -1.000000
vn 0.000000 0.000000 -1.000000
vn 0.000000 0.000000 -1.000000
vn 0.000000 -0.000000 -1.000000
vn 0.000000 0.000000 -1.000000
vn 0.000000 -0.000000 -1.000000
vn 0.000000 0.000000 -1.000000
vn 0.000000 -0.000000 -1.000000
vn 0.000000 0.000000 -1.000000
vn 0.000000 0.000000 -1.000000
vn 0.000000 0.000000 -1.000000
vn 0.000000 0.000000 -1.000000
vn 0.000000 0.000000 -1.000000
vn 0.000000 0.000000 -1.000000
vn 0.000000 0.000000 -1.000000
vn 0.000000 0.000000 -1.000000
vn 0.000000 -0.000000 -1.000000
vn 0.000000 0.000000 -1.000000
vn 0.000000 0.000000 -1.000000
vn 0.000000 0.000000 -1.000000
vn 0.000000 -0.000000 -1.000000
vn 0.000000 0.000000 -1.000000
vn 0.000000 -0.000000 -1.000000
vn 0.000000 0.000000 -1.000000
vn 0.000000 0.000000 -1.000000
vn 0.000000 0.000000 -1.000000
vn 0.000000 0.000000 -1.000000
vn 0.000000 0.000000 -1.000000
vn 0.000000 0.000000 -1.000000
vn 0.000000 -0.000000 -1.000000
vn 0.000000 -0.000000 -1.000000
vn 0.000000 0.000000 -1.000000
vn 0.000000 0.000000 -1.000000
vn 0.000000 0.000000 -1.000000
vn 0.000000 0.000000 -1.000000
vn 0.000000 -0.000000 -1.000000
vn 0.000000 0.000000 -1.000000
vn 0.000000 0.000000 -1.000000
vn 0.000000 0.000000 -1.000000
vn 0.000000 0.000000 -1.000000
vn 0.000000 0.000000 -1.000000
vn 0.000000 0.000000 -1.000000
vn 0.000000 -0.000000 -1.000000
vn 0.000000 0.000000 -1.000000
vn 0.000000 0.000000 -1.000000
vn 0.000000 0.000000 -1.000000
vn 0.000000 0.000000 -1.000000
vn 0.000000 0.000000 -1.000000
vn 0.000000 0.000000 -1.000000
vn 0.000000 -0.000000 -1.000000
vn 0.000000 0.000000 -1.000000
vn 0.000000 -0.000000 -1.000000
vn 0.000000 0.000000 -1.000000
vn 0.000000 0.000000 -1.000000
vn 0.000000 0.000000 -1.000000
vn 0.000000 0.000000 -1.000000
vn 0.000000 0.000001 -1.000000
vn 0.000000 0.000000 -1.000000
vn 0.000000 0.000001 -1.000000
vn 0.000001 -0.000000 -1.000000
vn 0.000000 -0.000000 -1.000000
vn 0.000000 -0.000000 -1.000000
vn 0.000000 -0.000001 -1.000000
vn -0.000000 0.000000 -1.000000
vn -0.000000 -0.000000 -1.000000
vn 0.000000 0.000000 -1.000000
vn -0.000000 -0.000000 -1.000000
vn -0.000000 0.000001 -1.000000
vn 0.000000 0.000000 -1.000000
vn 0.000000 -0.000000 -1.000000
vn 0.000000 0.000000 -1.000000
vn 0.000000 0.000000 -1.000000
vn 0.000000 0.000000 -1.000000
vn 0.000000 0.000000 -1.000000
vn 0.000000 0.000000 -1.000000
vn 0.000000 0.000000 -1.000000
vn 0.000000 0.000000 -1.000000
vn 0.000000 0.000000 -1.000000
vn 0.000000 -0.000000 -1.000000
vn 0.000000 -0.000000 -1.000000
vn 0.000000 -0.000000 -1.000000
vn 0.000000 0.000000 -1.000000
vn 0.000000 -0.000000 -1.000000
vn 0.000000 -0.000000 -1.000000
vn 0.000000 0.000000 -1.000000
vn 0.000000 -0.000000 -1.000000
vn 0.000000 -0.000000 -1.000000
vn 0.000000 -0.000000 -1.000000
vn 0.000000 -0.000001 -1.000000
vn -0.704348 0.709855 -0.000000
vn -0.678550 0.734554 0.000001
vn -0.678550 0.734554 0.000001
vn -0.704348 0.709855 -0.000000
vn -0.730192 0.683242 -0.000001
vn -0.730192 0.683242 -0.000001
vn -0.751073 0.660219 -0.000000
vn -0.751073 0.660219 -0.000000
vn -0.777579 0.628785 0.000000
vn -0.777579 0.628785 0.000000
vn -0.796616 0.604486 0.000000
vn -0.796616 0.604486 0.000000
vn -0.819782 0.572675 0.000001
vn -0.819782 0.572675 0.000001
vn -0.842319 0.538979 0.000000
vn -0.842319 0.538979 0.000000
vn 0.521525 0.853236 0.000000
vn 0.395798 0.918338 0.000000
vn 0.395798 0.918338 0.000000
vn 0.521525 0.853236 0.000000
vn -0.175395 0.984498 -0.000001
vn -0.175395 0.984498 -0.000001
vn -0.175395 0.984498 -0.000001
vn -0.175395 0.984498 -0.000001
vn 0.684179 0.729314 0.000000
vn 0.684179 0.729314 0.000000
vn 0.697237 0.716841 0.000000
vn 0.697237 0.716841 0.000000
vn 0.695536 0.718491 -0.000000
vn 0.695536 0.718491 -0.000000
vn 0.674765 0.738033 -0.000000
vn 0.674765 0.738033 -0.000000
vn 0.638358 0.769739 0.000000
vn 0.638358 0.769739 0.000000
vn 0.605084 0.796161 0.000000
vn 0.605084 0.796161 0.000000
vn 0.562618 0.826717 0.000000
vn 0.562618 0.826717 0.000000
vn 0.523144 0.852244 0.000000
vn 0.523144 0.852244 0.000000
vn 0.489986 0.871730 0.000000
vn 0.489986 0.871730 0.000000
vn 0.455713 0.890127 -0.000001
vn 0.455713 0.890127 -0.000001
vn 0.432863 0.901460 -0.000001
vn 0.432863 0.901460 -0.000001
vn 0.391096 0.920350 -0.000000
vn 0.391096 0.920350 -0.000000
vn 0.344674 0.938722 -0.000000
vn 0.344674 0.938722 -0.000000
vn 0.329266 0.944237 -0.000001
vn 0.329266 0.944237 -0.000001
vn 0.314786 0.949163 -0.000000
vn 0.314786 0.949163 -0.000000
vn 0.241624 0.970370 -0.000000
vn 0.241624 0.970370 -0.000000
vn 0.188176 0.982135 -0.000001
vn 0.188176 0.982135 -0.000001
vn 0.188177 0.982135 -0.000001
vn 0.188177 0.982135 -0.000001
vn 0.130643 0.991429 -0.000001
vn 0.130643 0.991429 -0.000001
vn 0.066321 0.997798 -0.000000
vn 0.066321 0.997798 -0.000000
vn 0.063855 0.997959 -0.000000
vn 0.063855 0.997959 -0.000000
vn 0.032569 0.999469 -0.000001
vn 0.032569 0.999469 -0.000001
vn -0.019214 0.999815 -0.000002
vn -0.019214 0.999815 -0.000002
vn -0.037050 0.999313 -0.000001
vn -0.037050 0.999313 -0.000001
vn -0.050308 0.998734 -0.000001
vn -0.050308 0.998734 -0.000001
vn -0.092876 0.995678 -0.000000
vn -0.092876 0.995678 -0.000000
vn -0.137612 0.990486 0.000000
vn -0.137612 0.990486 0.000000
vn -0.182128 0.983275 0.000001
vn -0.182128 0.983275 0.000001
vn -0.228509 0.973542 0.000001
vn -0.228509 0.973542 0.000001
vn -0.276170 0.961109 0.000000
vn -0.276170 0.961109 0.000000
vn -0.323560 0.946208 0.000000
vn -0.323560 0.946208 0.000000
vn -0.374023 0.927420 0.000000
vn -0.374023 0.927420 0.000000
vn -0.405234 0.914213 0.000000
vn -0.405234 0.914213 0.000000
vn -0.412295 0.911050 0.000000
vn -0.412295 0.911050 0.000000
vn -0.414634 0.909988 0.000000
vn -0.414634 0.909988 0.000000
vn -0.435860 0.900014 0.000000
vn -0.435860 0.900014 0.000000
vn -0.497638 0.867385 0.000000
vn -0.497638 0.867385 0.000000
vn -0.578129 0.815946 0.000000
vn -0.578129 0.815946 0.000000
vn -0.620889 0.783898 0.000000
vn -0.620889 0.783898 0.000000
vn -0.637347 0.770577 0.000000
vn -0.637347 0.770577 0.000000
vn -0.660203 0.751087 0.000000
vn -0.660203 0.751087 0.000000
vn -0.777292 0.629140 -0.000001
vn -0.962181 0.272411 -0.000000
vn -0.962181 0.272411 -0.000000
vn -0.777292 0.629141 -0.000001
vn -0.660131 0.751151 -0.000001
vn -0.660131 0.751151 -0.000001
vn -0.985000 -0.172557 -0.000000
vn -0.984999 -0.172558 -0.000000
vn -0.929658 -0.368423 -0.000000
vn -0.941864 -0.335994 0.000000
vn -0.941864 -0.335994 0.000000
vn -0.929658 -0.368423 -0.000000
vn -0.912515 -0.409044 -0.000001
vn -0.912515 -0.409044 -0.000001
vn -0.897373 -0.441272 0.000000
vn -0.897373 -0.441272 0.000000
vn 0.251946 0.967741 0.000000
vn 0.228185 0.973618 0.000000
vn 0.228185 0.973618 0.000000
vn 0.251946 0.967741 0.000000
vn 0.284316 0.958731 0.000001
vn 0.284316 0.958731 0.000001
vn 0.206451 0.978457 0.000000
vn 0.206451 0.978457 0.000000
vn 0.195613 0.980681 0.000000
vn 0.195613 0.980681 0.000000
vn 0.188423 0.982088 0.000000
vn 0.188423 0.982088 0.000000
vn 0.187214 0.982319 0.000000
vn 0.187214 0.982319 0.000000
vn 0.066652 0.997776 0.000000
vn 0.066652 0.997776 0.000000
vn -0.984571 0.174985 -0.000000
vn -0.990825 0.135148 -0.000000
vn -0.990825 0.135148 -0.000000
vn -0.984571 0.174985 -0.000000
vn -0.060515 0.998167 0.000000
vn -0.060515 0.998167 0.000000
vn -0.977883 0.209153 0.000000
vn -0.977883 0.209153 0.000000
vn -0.430249 -0.902710 -0.000000
vn -0.379448 -0.925213 0.000000
vn -0.379448 -0.925213 0.000000
vn -0.430249 -0.902710 -0.000000
vn -0.464294 -0.885681 -0.000000
vn -0.464294 -0.885681 -0.000000
vn -0.312067 -0.950060 -0.000001
vn -0.312067 -0.950060 -0.000001
vn -0.257747 -0.966212 -0.000001
vn -0.257747 -0.966212 -0.000001
vn -0.204202 -0.978929 -0.000001
vn -0.204202 -0.978929 -0.000001
vn -0.171306 -0.985218 0.000000
vn -0.171306 -0.985218 0.000000
vn -0.179611 -0.983738 0.000002
vn -0.179611 -0.983738 0.000002
vn -0.192315 -0.981333 0.000001
vn -0.192315 -0.981333 0.000001
vn -0.169449 -0.985539 0.000000
vn -0.169449 -0.985539 0.000000
vn -0.099604 -0.995027 -0.000000
vn -0.099604 -0.995027 -0.000000
vn -0.009789 -0.999952 -0.000001
vn -0.009789 -0.999952 -0.000001
vn 0.060083 -0.998193 0.000000
vn 0.060083 -0.998193 0.000000
vn 0.105698 -0.994398 0.000000
vn 0.105698 -0.994398 0.000000
vn 0.145596 -0.989344 -0.000001
vn 0.145596 -0.989344 -0.000001
vn 0.174950 -0.984577 -0.000001
vn 0.174950 -0.984577 -0.000001
vn 0.183113 -0.983092 -0.000001
vn 0.183113 -0.983092 -0.000001
vn 0.178841 -0.983878 -0.000001
vn 0.178841 -0.983878 -0.000001
vn 0.189427 -0.981895 -0.000002
vn 0.189427 -0.981895 -0.000002
vn 0.240347 -0.970687 -0.000002
vn 0.240347 -0.970687 -0.000002
vn 0.299107 -0.954220 -0.000002
vn 0.299107 -0.954220 -0.000002
vn 0.342029 -0.939689 -0.000002
vn 0.342029 -0.939689 -0.000002
vn 0.382626 -0.923904 -0.000001
vn 0.382625 -0.923904 -0.000001
vn 0.413379 -0.910559 -0.000000
vn 0.413379 -0.910559 -0.000000
vn 0.443951 -0.896051 0.000000
vn 0.443951 -0.896051 0.000000
vn 0.482971 -0.875637 0.000001
vn 0.482971 -0.875637 0.000001
vn 0.518283 -0.855209 0.000001
vn 0.518283 -0.855209 0.000001
vn 0.546682 -0.837340 0.000000
vn 0.546682 -0.837340 0.000000
vn 0.570476 -0.821314 -0.000000
vn 0.570476 -0.821314 -0.000000
vn 0.595314 -0.803493 -0.000001
vn 0.595314 -0.803493 -0.000001
vn 0.623872 -0.781526 -0.000000
vn 0.623872 -0.781526 -0.000000
vn 0.654229 -0.756297 0.000000
vn 0.654229 -0.756297 0.000000
vn 0.691192 -0.722671 -0.000000
vn 0.691192 -0.722671 -0.000000
vn 0.736851 -0.676056 -0.000000
vn 0.736851 -0.676056 -0.000000
vn 0.777179 -0.629280 -0.000001
vn 0.777179 -0.629279 -0.000001
vn 0.800557 -0.599256 -0.000001
vn 0.800557 -0.599256 -0.000001
vn 0.818852 -0.574004 0.000000
vn 0.818852 -0.574004 0.000000
vn 0.839237 -0.543766 0.000001
vn 0.839237 -0.543766 0.000001
vn 0.851172 -0.524886 0.000000
vn 0.851172 -0.524887 0.000000
vn 0.865679 -0.500599 0.000000
vn 0.865679 -0.500599 0.000000
vn 0.881440 -0.472296 0.000000
vn 0.881440 -0.472296 0.000000
vn 0.886368 -0.462981 0.000001
vn 0.886368 -0.462981 0.000001
vn 0.898045 -0.439904 0.000000
vn 0.898045 -0.439904 0.000000
vn -0.902282 0.431145 0.000000
vn -0.880950 0.473210 -0.000000
vn -0.880950 0.473210 -0.000000
vn -0.902283 0.431145 0.000000
vn -0.918787 0.394754 0.000000
vn -0.918787 0.394754 0.000000
vn 0.918650 -0.395073 0.000000
vn 0.918650 -0.395073 0.000000
vn -0.934584 0.355743 -0.000000
vn -0.934584 0.355743 -0.000000
vn 0.937378 -0.348313 0.000001
vn 0.937378 -0.348313 0.000001
vn -0.944157 0.329497 -0.000001
vn -0.944157 0.329497 -0.000001
vn 0.955130 -0.296188 0.000001
vn 0.955130 -0.296188 0.000001
vn -0.950235 0.311535 -0.000000
vn -0.950234 0.311535 -0.000000
vn 0.969584 -0.244761 0.000000
vn 0.969584 -0.244761 0.000000
vn -0.960920 0.276825 0.000001
vn -0.960920 0.276825 0.000001
vn 0.976767 -0.214302 0.000000
vn 0.976767 -0.214302 0.000000
vn -0.970129 0.242589 0.000000
vn -0.970129 0.242589 0.000000
vn 0.979202 -0.202888 0.000000
vn 0.979202 -0.202888 0.000000
vn -0.973130 0.230256 0.000000
vn -0.973130 0.230256 0.000000
vn 0.978887 -0.204403 0.000000
vn 0.978887 -0.204403 0.000000
vn -0.985716 0.168419 -0.000000
vn -0.985716 0.168418 -0.000000
vn 0.979858 -0.199696 -0.000000
vn 0.979858 -0.199696 -0.000000
vn -0.993567 0.113242 -0.000000
vn -0.993567 0.113242 -0.000000
vn 0.985272 -0.170993 -0.000000
vn 0.985272 -0.170993 -0.000000
vn -0.996062 0.088666 0.000000
vn -0.996061 0.088666 0.000000
vn 0.992323 -0.123672 0.000001
vn 0.992323 -0.123672 0.000001
vn -0.999565 0.029502 0.000000
vn -0.999565 0.029502 0.000000
vn 0.998116 -0.061361 0.000001
vn 0.998116 -0.061361 0.000001
vn -0.999997 -0.002621 -0.000000
vn -0.999997 -0.002621 -0.000000
vn 0.999957 0.009293 0.000001
vn 0.999957 0.009293 0.000001
vn -0.999164 -0.040871 -0.000000
vn -0.999164 -0.040871 -0.000000
vn 0.996977 0.077696 0.000001
vn 0.996977 0.077696 0.000001
vn -0.995480 -0.094977 0.000000
vn -0.995480 -0.094977 0.000000
vn 0.989756 0.142771 0.000000
vn 0.989756 0.142771 0.000000
vn -0.994090 -0.108555 0.000000
vn -0.994090 -0.108555 0.000000
vn 0.979700 0.200469 -0.000000
vn 0.979700 0.200469 -0.000000
vn -0.988541 -0.150950 -0.000000
vn -0.988541 -0.150950 -0.000000
vn 0.968894 0.247477 -0.000000
vn 0.968894 0.247477 -0.000000
vn -0.980894 -0.194545 -0.000000
vn -0.980894 -0.194545 -0.000000
vn 0.959385 0.282099 -0.000000
vn 0.959385 0.282099 -0.000000
vn -0.974464 -0.224544 0.000001
vn -0.974464 -0.224544 0.000001
vn 0.952315 0.305117 -0.000001
vn 0.952315 0.305117 -0.000001
vn -0.964629 -0.263610 0.000000
vn -0.964629 -0.263610 0.000000
vn 0.946459 0.322824 -0.000000
vn 0.946459 0.322824 -0.000000
vn -0.955296 -0.295651 0.000000
vn -0.955296 -0.295651 0.000000
vn 0.938238 0.345990 0.000001
vn 0.938238 0.345990 0.000001
vn 0.926579 0.376101 0.000001
vn 0.926579 0.376101 0.000001
vn 0.910477 0.413559 0.000000
vn 0.910477 0.413559 0.000000
vn 0.886582 0.462571 -0.000000
vn 0.886582 0.462571 -0.000000
vn 0.861981 0.506941 -0.000000
vn 0.861981 0.506941 -0.000000
vn 0.848375 0.529395 -0.000000
vn 0.848375 0.529395 -0.000000
vn 0.839396 0.543520 0.000000
vn 0.839396 0.543520 0.000000
vn 0.828762 0.559601 0.000000
vn 0.828762 0.559601 0.000000
vn 0.806909 0.590675 0.000000
vn 0.806909 0.590675 0.000000
vn 0.776983 0.629521 0.000000
vn 0.776983 0.629521 0.000000
vn 0.755376 0.655292 0.000000
vn 0.755375 0.655292 0.000000
vn 0.724096 0.689699 0.000000
vn 0.724096 0.689699 0.000000
vn 0.691941 0.721954 0.000000
vn 0.691941 0.721954 0.000000
vn 0.667114 0.744956 -0.000000
vn 0.667114 0.744956 -0.000000
vn 0.632694 0.774402 -0.000000
vn 0.632694 0.774402 -0.000000
vn 0.598072 0.801442 -0.000000
vn 0.598072 0.801442 -0.000000
vn 0.571487 0.820611 0.000000
vn 0.571487 0.820611 0.000000
vn 0.548166 0.836370 -0.000000
vn 0.548165 0.836370 -0.000000
vn 0.517500 0.855683 -0.000000
vn 0.517501 0.855683 -0.000000
vn 0.480942 0.876752 -0.000000
vn 0.480942 0.876752 -0.000000
vn 0.450305 0.892875 -0.000000
vn 0.450305 0.892875 -0.000000
vn 0.404688 0.914455 -0.000001
vn 0.404688 0.914455 -0.000001
vn 0.359307 0.933219 -0.000000
vn 0.359307 0.933219 -0.000000
vn 0.327591 0.944819 0.000000
vn 0.327591 0.944819 0.000000
vn -0.856019 -0.516945 -0.000000
vn -0.751646 -0.659566 0.000000
vn -0.751646 -0.659566 0.000000
vn -0.856019 -0.516945 -0.000000
vn -0.728492 -0.685054 0.000000
vn -0.728492 -0.685054 0.000000
vn -0.709001 -0.705208 0.000001
vn -0.709001 -0.705208 0.000001
vn -0.673994 -0.738737 0.000000
vn -0.673994 -0.738737 0.000000
vn -0.628919 -0.777471 -0.000000
vn -0.628919 -0.777471 -0.000000
vn -0.597327 -0.801998 -0.000000
vn -0.597327 -0.801998 -0.000000
vn -0.577558 -0.816349 -0.000000
vn -0.577558 -0.816349 -0.000000
vn -0.554428 -0.832232 0.000000
vn -0.554428 -0.832232 0.000000
vn -0.533411 -0.845856 0.000000
vn -0.533411 -0.845856 0.000000
vn -0.519125 -0.854698 0.000000
vn -0.519125 -0.854698 0.000000
vn -0.496949 -0.867780 -0.000000
vn -0.496949 -0.867780 -0.000000
vn -0.858030 0.513599 -0.000000
vn -0.858030 0.513599 -0.000000
vn -0.875352 -0.483487 -0.000000
vn -0.875352 -0.483487 -0.000000
vn -0.858437 -0.512918 -0.000001
vn -0.858437 -0.512918 -0.000001
vn -0.845963 -0.533242 -0.000000
vn -0.845963 -0.533242 -0.000000
vn -0.817075 -0.576532 -0.000000
vn -0.817075 -0.576532 -0.000000
vn -0.801694 -0.597735 -0.000000
vn -0.801694 -0.597735 -0.000000
vn -0.778803 -0.627269 0.000000
vn -0.778803 -0.627269 0.000000
vn -0.743631 -0.668590 0.000001
vn -0.743631 -0.668590 0.000001
vn -0.733765 -0.679403 0.000001
vn -0.733765 -0.679403 0.000001
vn -0.698318 -0.715787 0.000001
vn -0.698318 -0.715787 0.000001
vn -0.657486 -0.753467 0.000000
vn -0.657486 -0.753467 0.000000
vn -0.651899 -0.758306 0.000000
vn -0.651899 -0.758306 0.000000
vn -0.621565 -0.783363 0.000001
vn -0.621565 -0.783363 0.000001
vn -0.585858 -0.810413 0.000002
vn -0.585858 -0.810413 0.000002
vn -0.561875 -0.827222 0.000001
vn -0.561875 -0.827222 0.000001
vn -0.526264 -0.850321 -0.000000
vn -0.526264 -0.850321 -0.000000
vn -0.492974 -0.870044 -0.000001
vn -0.492974 -0.870044 -0.000001
vn -0.444165 -0.895945 -0.000001
vn -0.444165 -0.895945 -0.000001
vn -0.395182 -0.918603 -0.000000
vn -0.395182 -0.918603 -0.000000
vn -0.356659 -0.934235 -0.000000
vn -0.356659 -0.934235 -0.000000
vn -0.314771 -0.949167 -0.000001
vn -0.314771 -0.949168 -0.000001
vn -0.293610 -0.955925 -0.000001
vn -0.293610 -0.955925 -0.000001
vn -0.270964 -0.962589 -0.000000
vn -0.270964 -0.962589 -0.000000
vn -0.251081 -0.967966 0.000001
vn -0.251081 -0.967966 0.000001
vn -0.239107 -0.970993 0.000001
vn -0.239107 -0.970993 0.000001
vn -0.201412 -0.979507 0.000001
vn -0.201412 -0.979507 0.000001
vn -0.129588 -0.991568 0.000001
vn -0.129588 -0.991568 0.000001
vn -0.093511 -0.995618 0.000001
vn -0.093511 -0.995618 0.000001
vn -0.122274 -0.992496 -0.000001
vn -0.122274 -0.992496 -0.000001
vn -0.999967 0.008183 0.000000
vn -0.999967 0.008183 0.000000
vn -0.986127 -0.165990 -0.000000
vn -0.986127 -0.165990 -0.000000
vn -0.965682 -0.259726 -0.000001
vn -0.965682 -0.259726 -0.000001
vn -0.154637 -0.987971 -0.000002
vn -0.154637 -0.987971 -0.000002
s 1
g logo nutrition
usemtl blinn4SG
f 5323//6327 5324//6328 5325//6329 5326//6330
f 5323//6327 5327//6331 5328//6332 5324//6328
f 5323//6327 5329//6333 5330//6334 5327//6331
f 5323//6327 5326//6330 5331//6335 5329//6333
f 5324//6328 5332//6336 5333//6337 5325//6329
f 5324//6328 5328//6332 5334//6338 5332//6336
f 5332//6336 5335//6339 5336//6340 5333//6337
f 5332//6336 5334//6338 5337//6341 5335//6339
f 5335//6339 5338//6342 5339//6343 5336//6340
f 5335//6339 5337//6341 5340//6344 5338//6342
f 5338//6342 5341//6345 5342//6346 5339//6343
f 5338//6342 5340//6344 5343//6347 5341//6345
f 5341//6345 5344//6348 5345//6349 5342//6346
f 5341//6345 5343//6347 5346//6350 5344//6348
f 5344//6348 5347//6351 5348//6352 5345//6349
f 5344//6348 5346//6350 5349//6353 5347//6351
f 5347//6351 5350//6354 5351//6355 5348//6352
f 5347//6351 5349//6353 5352//6356 5350//6354
f 5350//6354 5352//6356 5353//6357 5354//6358
f 5350//6354 5354//6358 5355//6359 5351//6355
f 5354//6358 5353//6357 5356//6360 5357//6361
f 5354//6358 5357//6361 5358//6362 5355//6359
f 5357//6361 5356//6360 5359//6363 5360//6364
f 5357//6361 5360//6364 5361//6365 5358//6362
f 5360//6364 5359//6363 5362//6366 5363//6367
f 5360//6364 5363//6367 5364//6368 5361//6365
f 5363//6367 5362//6366 5365//6369 5366//6370
f 5363//6367 5366//6370 5367//6371 5364//6368
f 5366//6370 5365//6369 5368//6372 5369//6373
f 5366//6370 5369//6373 5370//6374 5367//6371
f 5369//6373 5368//6372 5371//6375 5372//6376
f 5369//6373 5372//6376 5373//6377 5370//6374
f 5372//6376 5371//6375 5374//6378 5375//6379
f 5372//6376 5375//6379 5376//6380 5373//6377
f 5377//6381 5378//6382 5379//6383 5380//6384
f 5377//6381 5381//6385 5382//6386 5378//6382
f 5377//6381 5383//6387 5384//6388 5381//6385
f 5377//6381 5380//6384 5385//6389 5383//6387
f 5381//6385 5386//6390 5387//6391 5382//6386
f 5381//6385 5384//6388 5388//6392 5386//6390
f 5386//6390 5389//6393 5390//6394 5387//6391
f 5386//6390 5388//6392 5391//6395 5389//6393
f 5389//6393 5392//6396 5393//6397 5390//6394
f 5389//6393 5391//6395 5394//6398 5392//6396
f 5392//6396 5395//6399 5396//6400 5393//6397
f 5392//6396 5394//6398 5397//6401 5395//6399
f 5395//6399 5397//6401 5398//6402 5399//6403
f 5395//6399 5399//6403 5400//6404 5396//6400
f 5399//6403 5398//6402 5401//6405 5402//6406
f 5399//6403 5402//6406 5403//6407 5400//6404
f 5402//6406 5401//6405 5404//6408 5405//6409
f 5402//6406 5405//6409 5406//6410 5403//6407
f 5405//6409 5404//6408 5407//6411 5408//6412
f 5405//6409 5408//6412 5409//6413 5406//6410
f 5408//6412 5407//6411 5410//6414 5411//6415
f 5408//6412 5411//6415 5412//6416 5409//6413
f 5411//6415 5410//6414 5413//6417 5414//6418
f 5411//6415 5414//6418 5415//6419 5412//6416
f 5414//6418 5413//6417 5416//6420 5417//6421
f 5414//6418 5417//6421 5418//6422 5415//6419
f 5417//6421 5416//6420 5419//6423 5420//6424
f 5417//6421 5420//6424 5421//6425 5418//6422
f 5422//6426 5423//6427 5424//6428 5425//6429
f 5422//6426 5426//6430 5427//6431 5423//6427
f 5422//6426 5428//6432 5429//6433 5426//6430
f 5422//6426 5425//6429 5430//6434 5428//6432
f 5425//6429 5424//6428 5431//6435 5432//6436
f 5425//6429 5432//6436 5433//6437 5430//6434
f 5432//6436 5431//6435 5434//6438 5435//6439
f 5432//6436 5435//6439 5436//6440 5433//6437
f 5435//6439 5434//6438 5437//6441 5438//6442
f 5435//6439 5438//6442 5439//6443 5436//6440
f 5438//6442 5437//6441 5440//6444 5441//6445
f 5438//6442 5441//6445 5442//6446 5439//6443
f 5441//6445 5440//6444 5443//6447 5444//6448
f 5441//6445 5444//6448 5445//6449 5442//6446
f 5326//6330 5325//6329 5446//6450 5447//6451
f 5326//6330 5447//6451 5448//6452 5331//6335
f 5447//6451 5446//6450 5449//6453 5450//6454
f 5447//6451 5450//6454 5451//6455 5448//6452
f 5325//6329 5333//6337 5452//6456 5446//6450
f 5446//6450 5452//6456 5453//6457 5449//6453
f 5333//6337 5336//6340 5454//6458 5452//6456
f 5452//6456 5454//6458 5455//6459 5453//6457
f 5336//6340 5339//6343 5456//6460 5454//6458
f 5454//6458 5456//6460 5457//6461 5455//6459
f 5339//6343 5342//6346 5458//6462 5456//6460
f 5456//6460 5458//6462 5459//6463 5457//6461
f 5342//6346 5345//6349 5460//6464 5458//6462
f 5458//6462 5460//6464 5461//6465 5459//6463
f 5345//6349 5348//6352 5462//6466 5460//6464
f 5460//6464 5462//6466 5463//6467 5461//6465
f 5348//6352 5351//6355 5464//6468 5462//6466
f 5462//6466 5464//6468 5465//6469 5463//6467
f 5351//6355 5355//6359 5466//6470 5464//6468
f 5464//6468 5466//6470 5467//6471 5465//6469
f 5355//6359 5358//6362 5468//6472 5466//6470
f 5466//6470 5468//6472 5469//6473 5467//6471
f 5358//6362 5361//6365 5470//6474 5468//6472
f 5468//6472 5470//6474 5471//6475 5469//6473
f 5361//6365 5364//6368 5472//6476 5470//6474
f 5470//6474 5472//6476 5473//6477 5471//6475
f 5364//6368 5367//6371 5474//6478 5472//6476
f 5472//6476 5474//6478 5475//6479 5473//6477
f 5367//6371 5370//6374 5476//6480 5474//6478
f 5474//6478 5476//6480 5477//6481 5475//6479
f 5370//6374 5373//6377 5478//6482 5476//6480
f 5476//6480 5478//6482 5479//6483 5477//6481
f 5373//6377 5376//6380 5480//6484 5478//6482
f 5478//6482 5480//6484 5481//6485 5479//6483
f 5376//6380 5482//6486 5483//6487 5480//6484
f 5376//6380 5375//6379 5484//6488 5482//6486
f 5480//6484 5483//6487 5485//6489 5481//6485
f 5482//6486 5486//6490 5487//6491 5483//6487
f 5482//6486 5484//6488 5488//6492 5486//6490
f 5483//6487 5487//6491 5489//6493 5485//6489
f 5486//6490 5380//6384 5379//6383 5487//6491
f 5486//6490 5488//6492 5385//6389 5380//6384
f 5487//6491 5379//6383 5490//6494 5489//6493
f 5379//6383 5378//6382 5491//6495 5490//6494
f 5378//6382 5382//6386 5492//6496 5491//6495
f 5382//6386 5387//6391 5493//6497 5492//6496
f 5387//6391 5390//6394 5494//6498 5493//6497
f 5390//6394 5393//6397 5495//6499 5494//6498
f 5393//6397 5396//6400 5496//6500 5495//6499
f 5396//6400 5400//6404 5497//6501 5496//6500
f 5400//6404 5403//6407 5498//6502 5497//6501
f 5403//6407 5406//6410 5499//6503 5498//6502
f 5406//6410 5409//6413 5500//6504 5499//6503
f 5409//6413 5412//6416 5501//6505 5500//6504
f 5412//6416 5415//6419 5502//6506 5501//6505
f 5415//6419 5418//6422 5503//6507 5502//6506
f 5418//6422 5421//6425 5504//6508 5503//6507
f 5421//6425 5505//6509 5506//6510 5504//6508
f 5421//6425 5420//6424 5507//6511 5505//6509
f 5505//6509 5508//6512 5509//6513 5506//6510
f 5505//6509 5507//6511 5510//6514 5508//6512
f 5508//6512 5511//6515 5512//6516 5509//6513
f 5508//6512 5510//6514 5513//6517 5511//6515
f 5511//6515 5514//6518 5515//6519 5512//6516
f 5511//6515 5513//6517 5516//6520 5514//6518
f 5514//6518 5517//6521 5518//6522 5515//6519
f 5514//6518 5516//6520 5519//6523 5517//6521
f 5517//6521 5520//6524 5521//6525 5518//6522
f 5517//6521 5519//6523 5522//6526 5520//6524
f 5520//6524 5523//6527 5524//6528 5521//6525
f 5520//6524 5522//6526 5525//6529 5523//6527
f 5523//6527 5526//6530 5527//6531 5524//6528
f 5523//6527 5525//6529 5528//6532 5526//6530
f 5526//6530 5529//6533 5530//6534 5527//6531
f 5526//6530 5528//6532 5531//6535 5529//6533
f 5529//6533 5531//6535 5427//6431 5426//6430
f 5529//6533 5426//6430 5429//6433 5530//6534
f 5331//6335 5532//6536 5533//6537 5329//6333
f 5331//6335 5448//6452 5451//6455 5532//6536
f 5329//6333 5533//6537 5534//6538 5330//6334
f 5535//6539 5536//6540 5537//6541 5538//6542
f 5535//6539 5539//6543 5540//6544 5536//6540
f 5535//6539 5541//6545 5542//6546 5539//6543
f 5535//6539 5538//6542 5543//6547 5541//6545
f 5538//6542 5537//6541 5544//6548 5545//6549
f 5538//6542 5545//6549 5546//6550 5543//6547
f 5547//6551 5548//6552 5549//6553 5550//6554
f 5547//6551 5551//6555 5552//6556 5548//6552
f 5547//6551 5553//6557 5554//6558 5551//6555
f 5547//6551 5550//6554 5555//6559 5553//6557
f 5550//6554 5549//6553 5556//6560 5557//6561
f 5550//6554 5557//6561 5558//6562 5555//6559
f 5557//6561 5556//6560 5559//6563 5560//6564
f 5557//6561 5560//6564 5561//6565 5558//6562
f 5560//6564 5559//6563 5562//6566 5563//6567
f 5560//6564 5563//6567 5564//6568 5561//6565
f 5563//6567 5565//6569 5566//6570 5564//6568
f 5563//6567 5562//6566 5567//6571 5565//6569
f 5568//6572 5569//6573 5570//6574 5571//6575
f 5568//6572 5572//6576 5573//6577 5569//6573
f 5568//6572 5574//6578 5575//6579 5572//6576
f 5568//6572 5571//6575 5576//6580 5574//6578
f 5571//6575 5570//6574 5577//6581 5578//6582
f 5571//6575 5578//6582 5579//6583 5576//6580
f 5578//6582 5577//6581 5580//6584 5581//6585
f 5578//6582 5581//6585 5582//6586 5579//6583
f 5581//6585 5580//6584 5583//6587 5584//6588
f 5581//6585 5584//6588 5585//6589 5582//6586
f 5584//6588 5586//6590 5587//6591 5585//6589
f 5584//6588 5583//6587 5588//6592 5586//6590
f 5586//6590 5589//6593 5590//6594 5587//6591
f 5586//6590 5588//6592 5591//6595 5589//6593
f 5589//6593 5592//6596 5593//6597 5590//6594
f 5589//6593 5591//6595 5594//6598 5592//6596
f 5595//6599 5596//6600 5597//6601 5598//6602
f 5595//6599 5594//6598 5599//6603 5596//6600
f 5595//6599 5600//6604 5592//6596 5594//6598
f 5595//6599 5598//6602 5601//6605 5600//6604
f 5598//6602 5597//6601 5602//6606 5603//6607
f 5598//6602 5603//6607 5604//6608 5601//6605
f 5603//6607 5602//6606 5605//6609 5606//6610
f 5603//6607 5606//6610 5607//6611 5604//6608
f 5606//6610 5605//6609 5608//6612 5609//6613
f 5606//6610 5609//6613 5610//6614 5607//6611
f 5609//6613 5611//6615 5612//6616 5610//6614
f 5609//6613 5608//6612 5613//6617 5611//6615
f 5611//6615 5614//6618 5615//6619 5612//6616
f 5611//6615 5613//6617 5616//6620 5614//6618
f 5614//6618 5617//6621 5618//6622 5615//6619
f 5614//6618 5616//6620 5619//6623 5617//6621
f 5365//6369 5620//6624 5621//6625 5368//6372
f 5365//6369 5362//6366 5622//6626 5620//6624
f 5368//6372 5621//6625 5623//6627 5371//6375
f 5371//6375 5623//6627 5624//6628 5374//6378
f 5374//6378 5625//6629 5484//6488 5375//6379
f 5374//6378 5624//6628 5626//6630 5625//6629
f 5625//6629 5627//6631 5488//6492 5484//6488
f 5625//6629 5626//6630 5628//6632 5627//6631
f 5627//6631 5629//6633 5385//6389 5488//6492
f 5627//6631 5628//6632 5630//6634 5629//6633
f 5629//6633 5631//6635 5383//6387 5385//6389
f 5629//6633 5630//6634 5632//6636 5631//6635
f 5631//6635 5633//6637 5384//6388 5383//6387
f 5631//6635 5632//6636 5634//6638 5633//6637
f 5633//6637 5635//6639 5388//6392 5384//6388
f 5633//6637 5634//6638 5636//6640 5635//6639
f 5635//6639 5637//6641 5391//6395 5388//6392
f 5635//6639 5636//6640 5638//6642 5637//6641
f 5637//6641 5639//6643 5394//6398 5391//6395
f 5637//6641 5638//6642 5640//6644 5639//6643
f 5639//6643 5641//6645 5397//6401 5394//6398
f 5639//6643 5640//6644 5642//6646 5641//6645
f 5641//6645 5643//6647 5398//6402 5397//6401
f 5641//6645 5642//6646 5644//6648 5643//6647
f 5643//6647 5645//6649 5401//6405 5398//6402
f 5643//6647 5644//6648 5646//6650 5645//6649
f 5645//6649 5647//6651 5404//6408 5401//6405
f 5645//6649 5646//6650 5648//6652 5647//6651
f 5647//6651 5649//6653 5407//6411 5404//6408
f 5647//6651 5648//6652 5650//6654 5649//6653
f 5649//6653 5651//6655 5410//6414 5407//6411
f 5649//6653 5650//6654 5652//6656 5651//6655
f 5651//6655 5653//6657 5413//6417 5410//6414
f 5651//6655 5652//6656 5654//6658 5653//6657
f 5653//6657 5655//6659 5416//6420 5413//6417
f 5653//6657 5654//6658 5656//6660 5655//6659
f 5655//6659 5657//6661 5419//6423 5416//6420
f 5655//6659 5656//6660 5658//6662 5657//6661
f 5657//6661 5659//6663 5660//6664 5419//6423
f 5657//6661 5658//6662 5661//6665 5659//6663
f 5419//6423 5660//6664 5507//6511 5420//6424
f 5659//6663 5662//6666 5663//6667 5660//6664
f 5659//6663 5661//6665 5664//6668 5662//6666
f 5660//6664 5663//6667 5510//6514 5507//6511
f 5662//6666 5665//6669 5666//6670 5663//6667
f 5662//6666 5664//6668 5667//6671 5665//6669
f 5663//6667 5666//6670 5513//6517 5510//6514
f 5665//6669 5668//6672 5669//6673 5666//6670
f 5665//6669 5667//6671 5670//6674 5668//6672
f 5666//6670 5669//6673 5516//6520 5513//6517
f 5668//6672 5671//6675 5672//6676 5669//6673
f 5668//6672 5670//6674 5673//6677 5671//6675
f 5669//6673 5672//6676 5519//6523 5516//6520
f 5671//6675 5674//6678 5675//6679 5672//6676
f 5671//6675 5673//6677 5676//6680 5674//6678
f 5672//6676 5675//6679 5522//6526 5519//6523
f 5674//6678 5677//6681 5678//6682 5675//6679
f 5674//6678 5676//6680 5679//6683 5677//6681
f 5675//6679 5678//6682 5525//6529 5522//6526
f 5677//6681 5680//6684 5681//6685 5678//6682
f 5677//6681 5679//6683 5682//6686 5680//6684
f 5678//6682 5681//6685 5528//6532 5525//6529
f 5680//6684 5683//6687 5684//6688 5681//6685
f 5680//6684 5682//6686 5685//6689 5683//6687
f 5681//6685 5684//6688 5531//6535 5528//6532
f 5683//6687 5686//6690 5687//6691 5684//6688
f 5683//6687 5685//6689 5688//6692 5686//6690
f 5684//6688 5687//6691 5427//6431 5531//6535
f 5686//6690 5689//6693 5690//6694 5687//6691
f 5686//6690 5688//6692 5691//6695 5689//6693
f 5687//6691 5690//6694 5423//6427 5427//6431
f 5689//6693 5692//6696 5693//6697 5690//6694
f 5689//6693 5691//6695 5694//6698 5692//6696
f 5690//6694 5693//6697 5424//6428 5423//6427
f 5692//6696 5695//6699 5696//6700 5693//6697
f 5692//6696 5694//6698 5697//6701 5695//6699
f 5693//6697 5696//6700 5431//6435 5424//6428
f 5695//6699 5698//6702 5699//6703 5696//6700
f 5695//6699 5697//6701 5700//6704 5698//6702
f 5696//6700 5699//6703 5434//6438 5431//6435
f 5698//6702 5701//6705 5702//6706 5699//6703
f 5698//6702 5700//6704 5703//6707 5701//6705
f 5699//6703 5702//6706 5437//6441 5434//6438
f 5701//6705 5704//6708 5705//6709 5702//6706
f 5701//6705 5703//6707 5706//6710 5704//6708
f 5702//6706 5705//6709 5440//6444 5437//6441
f 5704//6708 5707//6711 5708//6712 5705//6709
f 5704//6708 5706//6710 5709//6713 5707//6711
f 5705//6709 5708//6712 5443//6447 5440//6444
f 5707//6711 5710//6714 5711//6715 5708//6712
f 5707//6711 5709//6713 5712//6716 5710//6714
f 5708//6712 5711//6715 5713//6717 5443//6447
f 5443//6447 5713//6717 5714//6718 5444//6448
f 5710//6714 5715//6719 5716//6720 5711//6715
f 5710//6714 5712//6716 5717//6721 5715//6719
f 5711//6715 5716//6720 5718//6722 5713//6717
f 5713//6717 5718//6722 5719//6723 5714//6718
f 5715//6719 5720//6724 5721//6725 5716//6720
f 5715//6719 5717//6721 5722//6726 5720//6724
f 5716//6720 5721//6725 5723//6727 5718//6722
f 5718//6722 5723//6727 5724//6728 5719//6723
f 5720//6724 5725//6729 5726//6730 5721//6725
f 5720//6724 5722//6726 5727//6731 5725//6729
f 5721//6725 5726//6730 5728//6732 5723//6727
f 5723//6727 5728//6732 5729//6733 5724//6728
f 5724//6728 5730//6734 5731//6735 5719//6723
f 5724//6728 5729//6733 5732//6736 5730//6734
f 5725//6729 5733//6737 5734//6738 5726//6730
f 5725//6729 5727//6731 5735//6739 5733//6737
f 5726//6730 5734//6738 5736//6740 5728//6732
f 5728//6732 5736//6740 5737//6741 5729//6733
f 5729//6733 5737//6741 5738//6742 5732//6736
f 5733//6737 5739//6743 5740//6744 5734//6738
f 5733//6737 5735//6739 5741//6745 5739//6743
f 5734//6738 5740//6744 5742//6746 5736//6740
f 5736//6740 5742//6746 5743//6747 5737//6741
f 5737//6741 5743//6747 5744//6748 5738//6742
f 5739//6743 5745//6749 5746//6750 5740//6744
f 5739//6743 5741//6745 5747//6751 5745//6749
f 5740//6744 5746//6750 5748//6752 5742//6746
f 5742//6746 5748//6752 5749//6753 5743//6747
f 5743//6747 5749//6753 5750//6754 5744//6748
f 5745//6749 5751//6755 5752//6756 5746//6750
f 5745//6749 5747//6751 5753//6757 5751//6755
f 5746//6750 5752//6756 5754//6758 5748//6752
f 5748//6752 5754//6758 5755//6759 5749//6753
f 5749//6753 5755//6759 5756//6760 5750//6754
f 5751//6755 5757//6761 5758//6762 5752//6756
f 5751//6755 5753//6757 5759//6763 5757//6761
f 5752//6756 5758//6762 5760//6764 5754//6758
f 5754//6758 5760//6764 5761//6765 5755//6759
f 5755//6759 5761//6765 5762//6766 5756//6760
f 5757//6761 5763//6767 5764//6768 5758//6762
f 5757//6761 5759//6763 5765//6769 5763//6767
f 5758//6762 5764//6768 5766//6770 5760//6764
f 5760//6764 5766//6770 5767//6771 5761//6765
f 5761//6765 5767//6771 5768//6772 5762//6766
f 5763//6767 5769//6773 5770//6774 5764//6768
f 5763//6767 5765//6769 5771//6775 5769//6773
f 5764//6768 5770//6774 5772//6776 5766//6770
f 5766//6770 5772//6776 5773//6777 5767//6771
f 5767//6771 5773//6777 5774//6778 5768//6772
f 5769//6773 5775//6779 5776//6780 5770//6774
f 5769//6773 5771//6775 5777//6781 5775//6779
f 5770//6774 5776//6780 5778//6782 5772//6776
f 5772//6776 5778//6782 5779//6783 5773//6777
f 5773//6777 5779//6783 5780//6784 5774//6778
f 5775//6779 5781//6785 5782//6786 5776//6780
f 5775//6779 5777//6781 5783//6787 5781//6785
f 5776//6780 5782//6786 5784//6788 5778//6782
f 5778//6782 5784//6788 5785//6789 5779//6783
f 5779//6783 5785//6789 5786//6790 5780//6784
f 5781//6785 5787//6791 5788//6792 5782//6786
f 5781//6785 5783//6787 5789//6793 5787//6791
f 5782//6786 5788//6792 5790//6794 5784//6788
f 5784//6788 5790//6794 5791//6795 5785//6789
f 5785//6789 5791//6795 5792//6796 5786//6790
f 5787//6791 5793//6797 5794//6798 5788//6792
f 5787//6791 5789//6793 5795//6799 5793//6797
f 5788//6792 5794//6798 5796//6800 5790//6794
f 5790//6794 5796//6800 5797//6801 5791//6795
f 5791//6795 5797//6801 5798//6802 5792//6796
f 5793//6797 5799//6803 5800//6804 5794//6798
f 5793//6797 5795//6799 5801//6805 5799//6803
f 5794//6798 5800//6804 5802//6806 5796//6800
f 5796//6800 5802//6806 5803//6807 5797//6801
f 5797//6801 5803//6807 5804//6808 5798//6802
f 5799//6803 5805//6809 5806//6810 5800//6804
f 5799//6803 5801//6805 5807//6811 5805//6809
f 5800//6804 5806//6810 5808//6812 5802//6806
f 5802//6806 5808//6812 5809//6813 5803//6807
f 5803//6807 5809//6813 5810//6814 5804//6808
f 5805//6809 5811//6815 5812//6816 5806//6810
f 5805//6809 5807//6811 5813//6817 5811//6815
f 5806//6810 5812//6816 5814//6818 5808//6812
f 5808//6812 5814//6818 5815//6819 5809//6813
f 5809//6813 5815//6819 5816//6820 5810//6814
f 5811//6815 5817//6821 5818//6822 5812//6816
f 5811//6815 5813//6817 5819//6823 5817//6821
f 5812//6816 5818//6822 5820//6824 5814//6818
f 5814//6818 5820//6824 5821//6825 5815//6819
f 5815//6819 5821//6825 5822//6826 5816//6820
f 5817//6821 5823//6827 5824//6828 5818//6822
f 5817//6821 5819//6823 5825//6829 5823//6827
f 5818//6822 5824//6828 5826//6830 5820//6824
f 5820//6824 5826//6830 5827//6831 5821//6825
f 5821//6825 5827//6831 5828//6832 5822//6826
f 5823//6827 5829//6833 5830//6834 5824//6828
f 5823//6827 5825//6829 5831//6835 5829//6833
f 5824//6828 5830//6834 5832//6836 5826//6830
f 5826//6830 5832//6836 5833//6837 5827//6831
f 5827//6831 5833//6837 5834//6838 5828//6832
f 5829//6833 5835//6839 5836//6840 5830//6834
f 5829//6833 5831//6835 5837//6841 5835//6839
f 5830//6834 5836//6840 5838//6842 5832//6836
f 5832//6836 5838//6842 5839//6843 5833//6837
f 5833//6837 5839//6843 5840//6844 5834//6838
f 5835//6839 5841//6845 5842//6846 5836//6840
f 5835//6839 5837//6841 5843//6847 5841//6845
f 5836//6840 5842//6846 5844//6848 5838//6842
f 5838//6842 5844//6848 5845//6849 5839//6843
f 5839//6843 5845//6849 5846//6850 5840//6844
f 5841//6845 5847//6851 5848//6852 5842//6846
f 5841//6845 5843//6847 5849//6853 5847//6851
f 5842//6846 5848//6852 5540//6544 5844//6848
f 5844//6848 5540//6544 5539//6543 5845//6849
f 5845//6849 5539//6543 5542//6546 5846//6850
f 5847//6851 5850//6854 5851//6855 5848//6852
f 5847//6851 5849//6853 5852//6856 5850//6854
f 5848//6852 5851//6855 5536//6540 5540//6544
f 5850//6854 5853//6857 5854//6858 5851//6855
f 5850//6854 5852//6856 5855//6859 5853//6857
f 5851//6855 5854//6858 5537//6541 5536//6540
f 5853//6857 5856//6860 5857//6861 5854//6858
f 5853//6857 5855//6859 5858//6862 5856//6860
f 5854//6858 5857//6861 5544//6548 5537//6541
f 5856//6860 5859//6863 5860//6864 5857//6861
f 5856//6860 5858//6862 5861//6865 5859//6863
f 5857//6861 5860//6864 5862//6866 5544//6548
f 5544//6548 5862//6866 5863//6867 5545//6549
f 5859//6863 5864//6868 5865//6869 5860//6864
f 5859//6863 5861//6865 5866//6870 5864//6868
f 5860//6864 5865//6869 5867//6871 5862//6866
f 5862//6866 5867//6871 5868//6872 5863//6867
f 5864//6868 5869//6873 5870//6874 5865//6869
f 5864//6868 5866//6870 5871//6875 5869//6873
f 5865//6869 5870//6874 5872//6876 5867//6871
f 5867//6871 5872//6876 5873//6877 5868//6872
f 5869//6873 5874//6878 5875//6879 5870//6874
f 5869//6873 5871//6875 5876//6880 5874//6878
f 5870//6874 5875//6879 5877//6881 5872//6876
f 5872//6876 5877//6881 5878//6882 5873//6877
f 5874//6878 5879//6883 5552//6556 5875//6879
f 5874//6878 5876//6880 5880//6884 5879//6883
f 5875//6879 5552//6556 5551//6555 5877//6881
f 5877//6881 5551//6555 5554//6558 5878//6882
f 5879//6883 5881//6885 5548//6552 5552//6556
f 5879//6883 5880//6884 5882//6886 5881//6885
f 5881//6885 5883//6887 5549//6553 5548//6552
f 5881//6885 5882//6886 5884//6888 5883//6887
f 5883//6887 5885//6889 5556//6560 5549//6553
f 5883//6887 5884//6888 5886//6890 5885//6889
f 5885//6889 5887//6891 5559//6563 5556//6560
f 5885//6889 5886//6890 5888//6892 5887//6891
f 5887//6891 5889//6893 5562//6566 5559//6563
f 5887//6891 5888//6892 5890//6894 5889//6893
f 5889//6893 5891//6895 5567//6571 5562//6566
f 5889//6893 5890//6894 5892//6896 5891//6895
f 5891//6895 5893//6897 5894//6898 5567//6571
f 5891//6895 5892//6896 5895//6899 5893//6897
f 5567//6571 5894//6898 5896//6900 5565//6569
f 5893//6897 5573//6577 5572//6576 5894//6898
f 5893//6897 5895//6899 5897//6901 5573//6577
f 5894//6898 5572//6576 5575//6579 5896//6900
f 5573//6577 5897//6901 5898//6902 5569//6573
f 5569//6573 5898//6902 5899//6903 5570//6574
f 5570//6574 5899//6903 5900//6904 5577//6581
f 5577//6581 5900//6904 5901//6905 5580//6584
f 5580//6584 5901//6905 5902//6906 5583//6587
f 5583//6587 5902//6906 5903//6907 5588//6592
f 5588//6592 5903//6907 5904//6908 5591//6595
f 5591//6595 5904//6908 5599//6603 5594//6598
f 5327//6331 5905//6909 5906//6910 5328//6332
f 5327//6331 5330//6334 5534//6538 5905//6909
f 5328//6332 5906//6910 5907//6911 5334//6338
f 5334//6338 5907//6911 5908//6912 5337//6341
f 5337//6341 5908//6912 5909//6913 5340//6344
f 5340//6344 5909//6913 5910//6914 5343//6347
f 5343//6347 5910//6914 5911//6915 5346//6350
f 5346//6350 5911//6915 5912//6916 5349//6353
f 5349//6353 5912//6916 5913//6917 5352//6356
f 5352//6356 5913//6917 5914//6918 5353//6357
f 5353//6357 5914//6918 5915//6919 5356//6360
f 5356//6360 5915//6919 5916//6920 5359//6363
f 5359//6363 5916//6920 5622//6626 5362//6366
f 5444//6448 5714//6718 5917//6921 5445//6449
f 5714//6718 5719//6723 5731//6735 5917//6921
f 5545//6549 5863//6867 5918//6922 5546//6550
f 5863//6867 5868//6872 5919//6923 5918//6922
f 5868//6872 5873//6877 5920//6924 5919//6923
f 5873//6877 5878//6882 5921//6925 5920//6924
f 5878//6882 5554//6558 5922//6926 5921//6925
f 5554//6558 5553//6557 5923//6927 5922//6926
f 5553//6557 5555//6559 5924//6928 5923//6927
f 5555//6559 5558//6562 5925//6929 5924//6928
f 5558//6562 5561//6565 5926//6930 5925//6929
f 5561//6565 5564//6568 5927//6931 5926//6930
f 5564//6568 5566//6570 5928//6932 5927//6931
f 5565//6569 5896//6900 5929//6933 5566//6570
f 5566//6570 5929//6933 5930//6934 5928//6932
f 5896//6900 5575//6579 5931//6935 5929//6933
f 5929//6933 5931//6935 5932//6936 5930//6934
f 5575//6579 5574//6578 5933//6937 5931//6935
f 5931//6935 5933//6937 5934//6938 5932//6936
f 5574//6578 5576//6580 5935//6939 5933//6937
f 5933//6937 5935//6939 5936//6940 5934//6938
f 5576//6580 5579//6583 5937//6941 5935//6939
f 5935//6939 5937//6941 5938//6942 5936//6940
f 5579//6583 5582//6586 5939//6943 5937//6941
f 5937//6941 5939//6943 5940//6944 5938//6942
f 5582//6586 5585//6589 5941//6945 5939//6943
f 5939//6943 5941//6945 5942//6946 5940//6944
f 5585//6589 5587//6591 5943//6947 5941//6945
f 5941//6945 5943//6947 5944//6948 5942//6946
f 5587//6591 5590//6594 5945//6949 5943//6947
f 5943//6947 5945//6949 5946//6950 5944//6948
f 5590//6594 5593//6597 5947//6951 5945//6949
f 5945//6949 5947//6951 5948//6952 5946//6950
f 5592//6596 5600//6604 5949//6953 5593//6597
f 5593//6597 5949//6953 5950//6954 5947//6951
f 5947//6951 5950//6954 5951//6955 5948//6952
f 5600//6604 5601//6605 5952//6956 5949//6953
f 5949//6953 5952//6956 5953//6957 5950//6954
f 5950//6954 5953//6957 5954//6958 5951//6955
f 5601//6605 5604//6608 5955//6959 5952//6956
f 5952//6956 5955//6959 5956//6960 5953//6957
f 5953//6957 5956//6960 5957//6961 5954//6958
f 5604//6608 5607//6611 5958//6962 5955//6959
f 5955//6959 5958//6962 5959//6963 5956//6960
f 5956//6960 5959//6963 5960//6964 5957//6961
f 5607//6611 5610//6614 5961//6965 5958//6962
f 5958//6962 5961//6965 5962//6966 5959//6963
f 5959//6963 5962//6966 5963//6967 5960//6964
f 5610//6614 5612//6616 5964//6968 5961//6965
f 5961//6965 5964//6968 5965//6969 5962//6966
f 5962//6966 5965//6969 5966//6970 5963//6967
f 5612//6616 5615//6619 5967//6971 5964//6968
f 5964//6968 5967//6971 5968//6972 5965//6969
f 5965//6969 5968//6972 5969//6973 5966//6970
f 5615//6619 5618//6622 5970//6974 5967//6971
f 5967//6971 5970//6974 5971//6975 5968//6972
f 5968//6972 5971//6975 5972//6976 5969//6973
s 8
f 4673//6977 4708//6978 4710//6979 4674//6980
f 4673//6977 4674//6980 5011//6981 5010//6982
f 4673//6977 5010//6982 5319//6983 4773//6984
f 4673//6977 4773//6984 4772//6985 4708//6978
f 4674//6980 4710//6979 4712//6986 4675//6987
f 4674//6980 4675//6987 5012//6988 5011//6981
f 4675//6987 4712//6986 4714//6989 4676//6990
f 4675//6987 4676//6990 5013//6991 5012//6988
f 4676//6990 4714//6989 4716//6992 4677//6993
f 4676//6990 4677//6993 5014//6994 5013//6991
f 4677//6993 4716//6992 4718//6995 4678//6996
f 4677//6993 4678//6996 5015//6997 5014//6994
f 4678//6996 4718//6995 4720//6998 4679//6999
f 4678//6996 4679//6999 5016//7000 5015//6997
f 4679//6999 4720//6998 4722//7001 4680//7002
f 4679//6999 4680//7002 5017//7003 5016//7000
f 4680//7002 4722//7001 4724//7004 4681//7005
f 4680//7002 4681//7005 5018//7006 5017//7003
f 4681//7005 4682//7007 5019//7008 5018//7006
f 4681//7005 4724//7004 4726//7009 4682//7007
f 4682//7007 4683//7010 5020//7011 5019//7008
f 4682//7007 4726//7009 4728//7012 4683//7010
f 4683//7010 4684//7013 5021//7014 5020//7011
f 4683//7010 4728//7012 4730//7015 4684//7013
f 4684//7013 4685//7016 5022//7017 5021//7014
f 4684//7013 4730//7015 4732//7018 4685//7016
f 4685//7016 4686//7019 4795//7020 5022//7017
f 4685//7016 4732//7018 4734//7021 4686//7019
f 4686//7019 4687//7022 4796//7023 4795//7020
f 4686//7019 4734//7021 4736//7024 4687//7022
f 4687//7022 4688//7025 4797//7026 4796//7023
f 4687//7022 4736//7024 4738//7027 4688//7025
f 4688//7025 5023//7028 4798//7029 4797//7026
f 4688//7025 4738//7027 4740//7030 5023//7028
f 4689//7031 4746//7032 4747//7033 4748//7034
f 4689//7031 4748//7034 4749//7035 4690//7036
f 4689//7031 4690//7036 5028//7037 5027//7038
f 4689//7031 5027//7038 5026//7039 4746//7032
f 4690//7036 4749//7035 4750//7040 4691//7041
f 4690//7036 4691//7041 5029//7042 5028//7037
f 4691//7041 4750//7040 4751//7043 4692//7044
f 4691//7041 4692//7044 5030//7045 5029//7042
f 4692//7044 4751//7043 4752//7046 4693//7047
f 4692//7044 4693//7047 5031//7048 5030//7045
f 4693//7047 4752//7046 4753//7049 4694//7050
f 4693//7047 4694//7050 5032//7051 5031//7048
f 4694//7050 4695//7052 5033//7053 5032//7051
f 4694//7050 4753//7049 4754//7054 4695//7052
f 4695//7052 4696//7055 4810//7056 5033//7053
f 4695//7052 4754//7054 4755//7057 4696//7055
f 4696//7055 4697//7058 4812//7059 4810//7056
f 4696//7055 4755//7057 4756//7060 4697//7058
f 4697//7058 4698//7061 4814//7062 4812//7059
f 4697//7058 4756//7060 4757//7063 4698//7061
f 4698//7061 4699//7064 4816//7065 4814//7062
f 4698//7061 4757//7063 4758//7066 4699//7064
f 4699//7064 4700//7067 4818//7068 4816//7065
f 4699//7064 4758//7066 4759//7069 4700//7067
f 4700//7067 4701//7070 4820//7071 4818//7068
f 4700//7067 4759//7069 4760//7072 4701//7070
f 4701//7070 5034//7073 4822//7074 4820//7071
f 4701//7070 4760//7072 4761//7075 5034//7073
f 4702//7076 4703//7077 4852//7078 4849//7079
f 4702//7076 4849//7079 4846//7080 4771//7081
f 4702//7076 4771//7081 5144//7082 5145//7083
f 4702//7076 5145//7083 5146//7084 4703//7077
f 4703//7077 4704//7085 4855//7086 4852//7078
f 4703//7077 5146//7084 5147//7087 4704//7085
f 4704//7085 4705//7088 4858//7089 4855//7086
f 4704//7085 5147//7087 5148//7090 4705//7088
f 4705//7088 4706//7091 4861//7092 4858//7089
f 4705//7088 5148//7090 5149//7093 4706//7091
f 4706//7091 4707//7094 4864//7095 4861//7092
f 4706//7091 5149//7093 5150//7096 4707//7094
f 4707//7094 5041//7097 4867//7098 4864//7095
f 4707//7094 5150//7096 5151//7099 5041//7097
f 4708//6978 4709//7100 4711//7101 4710//6979
f 4708//6978 4772//6985 5320//7102 4709//7100
f 4709//7100 5101//7103 5102//7104 4711//7101
f 4709//7100 5320//7102 5100//7105 5101//7103
f 4710//6979 4711//7101 4713//7106 4712//6986
f 4711//7101 5102//7104 5103//7107 4713//7106
f 4712//6986 4713//7106 4715//7108 4714//6989
f 4713//7106 5103//7107 5104//7109 4715//7108
f 4714//6989 4715//7108 4717//7110 4716//6992
f 4715//7108 5104//7109 5105//7111 4717//7110
f 4716//6992 4717//7110 4719//7112 4718//6995
f 4717//7110 5105//7111 5106//7113 4719//7112
f 4718//6995 4719//7112 4721//7114 4720//6998
f 4719//7112 5106//7113 5107//7115 4721//7114
f 4720//6998 4721//7114 4723//7116 4722//7001
f 4721//7114 5107//7115 5108//7117 4723//7116
f 4722//7001 4723//7116 4725//7118 4724//7004
f 4723//7116 5108//7117 5109//7119 4725//7118
f 4724//7004 4725//7118 4727//7120 4726//7009
f 4725//7118 5109//7119 5110//7121 4727//7120
f 4726//7009 4727//7120 4729//7122 4728//7012
f 4727//7120 5110//7121 5111//7123 4729//7122
f 4728//7012 4729//7122 4731//7124 4730//7015
f 4729//7122 5111//7123 5112//7125 4731//7124
f 4730//7015 4731//7124 4733//7126 4732//7018
f 4731//7124 5112//7125 5113//7127 4733//7126
f 4732//7018 4733//7126 4735//7128 4734//7021
f 4733//7126 5113//7127 5114//7129 4735//7128
f 4734//7021 4735//7128 4737//7130 4736//7024
f 4735//7128 5114//7129 5115//7131 4737//7130
f 4736//7024 4737//7130 4739//7132 4738//7027
f 4737//7130 5115//7131 5116//7133 4739//7132
f 4738//7027 4739//7132 4741//7134 4740//7030
f 4739//7132 5116//7133 5117//7135 4741//7134
f 4740//7030 4741//7134 4743//7136 4742//7137
f 4740//7030 4742//7137 5024//7138 5023//7028
f 4741//7134 5117//7135 5118//7139 4743//7136
f 4742//7137 4743//7136 4745//7140 4744//7141
f 4742//7137 4744//7141 5025//7142 5024//7138
f 4743//7136 5118//7139 5119//7143 4745//7140
f 4744//7141 4745//7140 4747//7033 4746//7032
f 4744//7141 4746//7032 5026//7039 5025//7142
f 4745//7140 5119//7143 5120//7144 4747//7033
f 4747//7033 5120//7144 5121//7145 4748//7034
f 4748//7034 5121//7145 5122//7146 4749//7035
f 4749//7035 5122//7146 5123//7147 4750//7040
f 4750//7040 5123//7147 5124//7148 4751//7043
f 4751//7043 5124//7148 5125//7149 4752//7046
f 4752//7046 5125//7149 5126//7150 4753//7049
f 4753//7049 5126//7150 5127//7151 4754//7054
f 4754//7054 5127//7151 5128//7152 4755//7057
f 4755//7057 5128//7152 5129//7153 4756//7060
f 4756//7060 5129//7153 5130//7154 4757//7063
f 4757//7063 5130//7154 5131//7155 4758//7066
f 4758//7066 5131//7155 5132//7156 4759//7069
f 4759//7069 5132//7156 5133//7157 4760//7072
f 4760//7072 5133//7157 5134//7158 4761//7075
f 4761//7075 5134//7158 5135//7159 4762//7160
f 4761//7075 4762//7160 5035//7161 5034//7073
f 4762//7160 5135//7159 5136//7162 4763//7163
f 4762//7160 4763//7163 5036//7164 5035//7161
f 4763//7163 5136//7162 5137//7165 4764//7166
f 4763//7163 4764//7166 5037//7167 5036//7164
f 4764//7166 5137//7165 5138//7168 4765//7169
f 4764//7166 4765//7169 5038//7170 5037//7167
f 4765//7169 5138//7168 5139//7171 4766//7172
f 4765//7169 4766//7172 5039//7173 5038//7170
f 4766//7172 5139//7171 5140//7174 4767//7175
f 4766//7172 4767//7175 5040//7176 5039//7173
f 4767//7175 5140//7174 5141//7177 4768//7178
f 4767//7175 4768//7178 4837//7179 5040//7176
f 4768//7178 5141//7177 5142//7180 4769//7181
f 4768//7178 4769//7181 4840//7182 4837//7179
f 4769//7181 5142//7180 5143//7183 4770//7184
f 4769//7181 4770//7184 4843//7185 4840//7182
f 4770//7184 4771//7081 4846//7080 4843//7185
f 4770//7184 5143//7183 5144//7082 4771//7081
f 4772//6985 4773//6984 5275//7186 5276//7187
f 4772//6985 5276//7187 5100//7105 5320//7102
f 4773//6984 5319//6983 5274//7188 5275//7186
f 4774//7189 4775//7190 4967//7191 4964//7192
f 4774//7189 4964//7192 4960//7193 4961//7194
f 4774//7189 4961//7194 5284//7195 5285//7196
f 4774//7189 5285//7196 5286//7197 4775//7190
f 4775//7190 5044//7198 4970//7199 4967//7191
f 4775//7190 5286//7197 5287//7200 5044//7198
f 4776//7201 4777//7202 4989//7203 4987//7204
f 4776//7201 4987//7204 4984//7205 4985//7206
f 4776//7201 4985//7206 5049//7207 5050//7208
f 4776//7201 5050//7208 5051//7209 4777//7202
f 4777//7202 4778//7210 4991//7211 4989//7203
f 4777//7202 5051//7209 5052//7212 4778//7210
f 4778//7210 4779//7213 4993//7214 4991//7211
f 4778//7210 5052//7212 5053//7215 4779//7213
f 4779//7213 4780//7216 4995//7217 4993//7214
f 4779//7213 5053//7215 5054//7218 4780//7216
f 4780//7216 5054//7218 5056//7219 5055//7220
f 4780//7216 5055//7220 4997//7221 4995//7217
f 4781//7222 4782//7223 5003//7224 5002//7225
f 4781//7222 5002//7225 5000//7226 5001//7227
f 4781//7222 5001//7227 5059//7228 5061//7229
f 4781//7222 5061//7229 5063//7230 4782//7223
f 4782//7223 4783//7231 5004//7232 5003//7224
f 4782//7223 5063//7230 5065//7233 4783//7231
f 4783//7231 4784//7234 5005//7235 5004//7232
f 4783//7231 5065//7233 5067//7236 4784//7234
f 4784//7234 4785//7237 5006//7238 5005//7235
f 4784//7234 5067//7236 5069//7239 4785//7237
f 4785//7237 5069//7239 5071//7240 4786//7241
f 4785//7237 4786//7241 5007//7242 5006//7238
f 4786//7241 5071//7240 5073//7243 4787//7244
f 4786//7241 4787//7244 5008//7245 5007//7242
f 4787//7244 5073//7243 5076//7246 5075//7247
f 4787//7244 5075//7247 5009//7248 5008//7245
f 4788//7249 4789//7250 5268//7251 5267//7252
f 4788//7249 5267//7252 5266//7253 5009//7248
f 4788//7249 5009//7248 5075//7247 5078//7254
f 4788//7249 5078//7254 5081//7255 4789//7250
f 4789//7250 4790//7256 5269//7257 5268//7251
f 4789//7250 5081//7255 5084//7258 4790//7256
f 4790//7256 4791//7259 5270//7260 5269//7257
f 4790//7256 5084//7258 5087//7261 4791//7259
f 4791//7259 4792//7262 5271//7263 5270//7260
f 4791//7259 5087//7261 5090//7264 4792//7262
f 4792//7262 5090//7264 5093//7265 4793//7266
f 4792//7262 4793//7266 5272//7267 5271//7263
f 4793//7266 5093//7265 5096//7268 4794//7269
f 4793//7266 4794//7269 5273//7270 5272//7267
f 4794//7269 5096//7268 5316//7271 5099//7272
f 4794//7269 5099//7272 5322//7273 5273//7270
f 4795//7020 4796//7023 5182//7274 5181//7275
f 4795//7020 5181//7275 5180//7276 5022//7017
f 4796//7023 4797//7026 5183//7277 5182//7274
f 4797//7026 4798//7029 5184//7278 5183//7277
f 4798//7029 5023//7028 5024//7138 4799//7279
f 4798//7029 4799//7279 5185//7280 5184//7278
f 4799//7279 5024//7138 5025//7142 4800//7281
f 4799//7279 4800//7281 5186//7282 5185//7280
f 4800//7281 5025//7142 5026//7039 4801//7283
f 4800//7281 4801//7283 5187//7284 5186//7282
f 4801//7283 5026//7039 5027//7038 4802//7285
f 4801//7283 4802//7285 5188//7286 5187//7284
f 4802//7285 5027//7038 5028//7037 4803//7287
f 4802//7285 4803//7287 5189//7288 5188//7286
f 4803//7287 5028//7037 5029//7042 4804//7289
f 4803//7287 4804//7289 5190//7290 5189//7288
f 4804//7289 5029//7042 5030//7045 4805//7291
f 4804//7289 4805//7291 5191//7292 5190//7290
f 4805//7291 5030//7045 5031//7048 4806//7293
f 4805//7291 4806//7293 5192//7294 5191//7292
f 4806//7293 5031//7048 5032//7051 4807//7295
f 4806//7293 4807//7295 5193//7296 5192//7294
f 4807//7295 5032//7051 5033//7053 4808//7297
f 4807//7295 4808//7297 5194//7298 5193//7296
f 4808//7297 5033//7053 4810//7056 4809//7299
f 4808//7297 4809//7299 5195//7300 5194//7298
f 4809//7299 4810//7056 4812//7059 4811//7301
f 4809//7299 4811//7301 5196//7302 5195//7300
f 4811//7301 4812//7059 4814//7062 4813//7303
f 4811//7301 4813//7303 5197//7304 5196//7302
f 4813//7303 4814//7062 4816//7065 4815//7305
f 4813//7303 4815//7305 5198//7306 5197//7304
f 4815//7305 4816//7065 4818//7068 4817//7307
f 4815//7305 4817//7307 5199//7308 5198//7306
f 4817//7307 4818//7068 4820//7071 4819//7309
f 4817//7307 4819//7309 5200//7310 5199//7308
f 4819//7309 4820//7071 4822//7074 4821//7311
f 4819//7309 4821//7311 5201//7312 5200//7310
f 4821//7311 4822//7074 4824//7313 4823//7314
f 4821//7311 4823//7314 5202//7315 5201//7312
f 4822//7074 5034//7073 5035//7161 4824//7313
f 4823//7314 4824//7313 4826//7316 4825//7317
f 4823//7314 4825//7317 5203//7318 5202//7315
f 4824//7313 5035//7161 5036//7164 4826//7316
f 4825//7317 4826//7316 4828//7319 4827//7320
f 4825//7317 4827//7320 5204//7321 5203//7318
f 4826//7316 5036//7164 5037//7167 4828//7319
f 4827//7320 4828//7319 4830//7322 4829//7323
f 4827//7320 4829//7323 5205//7324 5204//7321
f 4828//7319 5037//7167 5038//7170 4830//7322
f 4829//7323 4830//7322 4832//7325 4831//7326
f 4829//7323 4831//7326 5206//7327 5205//7324
f 4830//7322 5038//7170 5039//7173 4832//7325
f 4831//7326 4832//7325 4834//7328 4833//7329
f 4831//7326 4833//7329 5207//7330 5206//7327
f 4832//7325 5039//7173 5040//7176 4834//7328
f 4833//7329 4834//7328 4836//7331 4835//7332
f 4833//7329 4835//7332 5208//7333 5207//7330
f 4834//7328 5040//7176 4837//7179 4836//7331
f 4835//7332 4836//7331 4839//7334 4838//7335
f 4835//7332 4838//7335 5209//7336 5208//7333
f 4836//7331 4837//7179 4840//7182 4839//7334
f 4838//7335 4839//7334 4842//7337 4841//7338
f 4838//7335 4841//7338 5210//7339 5209//7336
f 4839//7334 4840//7182 4843//7185 4842//7337
f 4841//7338 4842//7337 4845//7340 4844//7341
f 4841//7338 4844//7341 5211//7342 5210//7339
f 4842//7337 4843//7185 4846//7080 4845//7340
f 4844//7341 4845//7340 4848//7343 4847//7344
f 4844//7341 4847//7344 5212//7345 5211//7342
f 4845//7340 4846//7080 4849//7079 4848//7343
f 4847//7344 4848//7343 4851//7346 4850//7347
f 4847//7344 4850//7347 5213//7348 5212//7345
f 4848//7343 4849//7079 4852//7078 4851//7346
f 4850//7347 4851//7346 4854//7349 4853//7350
f 4850//7347 4853//7350 5214//7351 5213//7348
f 4851//7346 4852//7078 4855//7086 4854//7349
f 4853//7350 4854//7349 4857//7352 4856//7353
f 4853//7350 4856//7353 5215//7354 5214//7351
f 4854//7349 4855//7086 4858//7089 4857//7352
f 4856//7353 4857//7352 4860//7355 4859//7356
f 4856//7353 4859//7356 5216//7357 5215//7354
f 4857//7352 4858//7089 4861//7092 4860//7355
f 4859//7356 4860//7355 4863//7358 4862//7359
f 4859//7356 4862//7359 5217//7360 5216//7357
f 4860//7355 4861//7092 4864//7095 4863//7358
f 4862//7359 4863//7358 4866//7361 4865//7362
f 4862//7359 4865//7362 5218//7363 5217//7360
f 4863//7358 4864//7095 4867//7098 4866//7361
f 4865//7362 4866//7361 4869//7364 4868//7365
f 4865//7362 4868//7365 5219//7366 5218//7363
f 4866//7361 4867//7098 4870//7367 4869//7364
f 4867//7098 5041//7097 5042//7368 4870//7367
f 4868//7365 4869//7364 4872//7369 4871//7370
f 4868//7365 4871//7370 5220//7371 5219//7366
f 4869//7364 4870//7367 4873//7372 4872//7369
f 4870//7367 5042//7368 5043//7373 4873//7372
f 4871//7370 4872//7369 4875//7374 4874//7375
f 4871//7370 4874//7375 5221//7376 5220//7371
f 4872//7369 4873//7372 4876//7377 4875//7374
f 4873//7372 5043//7373 4877//7378 4876//7377
f 4874//7375 4875//7374 4879//7379 4878//7380
f 4874//7375 4878//7380 5222//7381 5221//7376
f 4875//7374 4876//7377 4880//7382 4879//7379
f 4876//7377 4877//7378 4881//7383 4880//7382
f 4877//7378 5043//7373 5153//7384 5154//7385
f 4877//7378 5154//7385 5155//7386 4881//7383
f 4878//7380 4879//7379 4883//7387 4882//7388
f 4878//7380 4882//7388 5223//7389 5222//7381
f 4879//7379 4880//7382 4884//7390 4883//7387
f 4880//7382 4881//7383 4885//7391 4884//7390
f 4881//7383 5155//7386 5156//7392 4885//7391
f 4882//7388 4883//7387 4887//7393 4886//7394
f 4882//7388 4886//7394 5224//7395 5223//7389
f 4883//7387 4884//7390 4888//7396 4887//7393
f 4884//7390 4885//7391 4889//7397 4888//7396
f 4885//7391 5156//7392 5157//7398 4889//7397
f 4886//7394 4887//7393 4891//7399 4890//7400
f 4886//7394 4890//7400 5225//7401 5224//7395
f 4887//7393 4888//7396 4892//7402 4891//7399
f 4888//7396 4889//7397 4893//7403 4892//7402
f 4889//7397 5157//7398 5158//7404 4893//7403
f 4890//7400 4891//7399 4895//7405 4894//7406
f 4890//7400 4894//7406 5226//7407 5225//7401
f 4891//7399 4892//7402 4896//7408 4895//7405
f 4892//7402 4893//7403 4897//7409 4896//7408
f 4893//7403 5158//7404 5159//7410 4897//7409
f 4894//7406 4895//7405 4899//7411 4898//7412
f 4894//7406 4898//7412 5227//7413 5226//7407
f 4895//7405 4896//7408 4900//7414 4899//7411
f 4896//7408 4897//7409 4901//7415 4900//7414
f 4897//7409 5159//7410 5160//7416 4901//7415
f 4898//7412 4899//7411 4903//7417 4902//7418
f 4898//7412 4902//7418 5228//7419 5227//7413
f 4899//7411 4900//7414 4904//7420 4903//7417
f 4900//7414 4901//7415 4905//7421 4904//7420
f 4901//7415 5160//7416 5161//7422 4905//7421
f 4902//7418 4903//7417 4907//7423 4906//7424
f 4902//7418 4906//7424 5229//7425 5228//7419
f 4903//7417 4904//7420 4908//7426 4907//7423
f 4904//7420 4905//7421 4909//7427 4908//7426
f 4905//7421 5161//7422 5162//7428 4909//7427
f 4906//7424 4907//7423 4911//7429 4910//7430
f 4906//7424 4910//7430 5230//7431 5229//7425
f 4907//7423 4908//7426 4912//7432 4911//7429
f 4908//7426 4909//7427 4913//7433 4912//7432
f 4909//7427 5162//7428 5163//7434 4913//7433
f 4910//7430 4911//7429 4915//7435 4914//7436
f 4910//7430 4914//7436 5231//7437 5230//7431
f 4911//7429 4912//7432 4916//7438 4915//7435
f 4912//7432 4913//7433 4917//7439 4916//7438
f 4913//7433 5163//7434 5164//7440 4917//7439
f 4914//7436 4915//7435 4919//7441 4918//7442
f 4914//7436 4918//7442 5232//7443 5231//7437
f 4915//7435 4916//7438 4920//7444 4919//7441
f 4916//7438 4917//7439 4921//7445 4920//7444
f 4917//7439 5164//7440 5165//7446 4921//7445
f 4918//7442 4919//7441 4923//7447 4922//7448
f 4918//7442 4922//7448 5233//7449 5232//7443
f 4919//7441 4920//7444 4924//7450 4923//7447
f 4920//7444 4921//7445 4925//7451 4924//7450
f 4921//7445 5165//7446 5166//7452 4925//7451
f 4922//7448 4923//7447 4927//7453 4926//7454
f 4922//7448 4926//7454 5234//7455 5233//7449
f 4923//7447 4924//7450 4928//7456 4927//7453
f 4924//7450 4925//7451 4929//7457 4928//7456
f 4925//7451 5166//7452 5167//7458 4929//7457
f 4926//7454 4927//7453 4931//7459 4930//7460
f 4926//7454 4930//7460 5235//7461 5234//7455
f 4927//7453 4928//7456 4932//7462 4931//7459
f 4928//7456 4929//7457 4933//7463 4932//7462
f 4929//7457 5167//7458 5277//7464 4933//7463
f 4930//7460 4931//7459 4935//7465 4934//7466
f 4930//7460 4934//7466 5236//7467 5235//7461
f 4931//7459 4932//7462 4936//7468 4935//7465
f 4932//7462 4933//7463 4937//7469 4936//7468
f 4933//7463 5277//7464 5278//7470 4937//7469
f 4934//7466 4935//7465 4939//7471 4938//7472
f 4934//7466 4938//7472 5237//7473 5236//7467
f 4935//7465 4936//7468 4940//7474 4939//7471
f 4936//7468 4937//7469 4941//7475 4940//7474
f 4937//7469 5278//7470 5279//7476 4941//7475
f 4938//7472 4939//7471 4943//7477 4942//7478
f 4938//7472 4942//7478 5238//7479 5237//7473
f 4939//7471 4940//7474 4944//7480 4943//7477
f 4940//7474 4941//7475 4945//7481 4944//7480
f 4941//7475 5279//7476 5280//7482 4945//7481
f 4942//7478 4943//7477 4947//7483 4946//7484
f 4942//7478 4946//7484 5239//7485 5238//7479
f 4943//7477 4944//7480 4948//7486 4947//7483
f 4944//7480 4945//7481 4949//7487 4948//7486
f 4945//7481 5280//7482 5281//7488 4949//7487
f 4946//7484 4947//7483 4951//7489 4950//7490
f 4946//7484 4950//7490 5240//7491 5239//7485
f 4947//7483 4948//7486 4952//7492 4951//7489
f 4948//7486 4949//7487 4953//7493 4952//7492
f 4949//7487 5281//7488 5282//7494 4953//7493
f 4950//7490 4951//7489 4955//7495 4954//7496
f 4950//7490 4954//7496 5241//7497 5240//7491
f 4951//7489 4952//7492 4956//7498 4955//7495
f 4952//7492 4953//7493 4957//7499 4956//7498
f 4953//7493 5282//7494 5283//7500 4957//7499
f 4954//7496 4955//7495 4959//7501 4958//7502
f 4954//7496 4958//7502 5242//7503 5241//7497
f 4955//7495 4956//7498 4960//7193 4959//7501
f 4956//7498 4957//7499 4961//7194 4960//7193
f 4957//7499 5283//7500 5284//7195 4961//7194
f 4958//7502 4959//7501 4963//7504 4962//7505
f 4958//7502 4962//7505 5243//7506 5242//7503
f 4959//7501 4960//7193 4964//7192 4963//7504
f 4962//7505 4963//7504 4966//7507 4965//7508
f 4962//7505 4965//7508 5244//7509 5243//7506
f 4963//7504 4964//7192 4967//7191 4966//7507
f 4965//7508 4966//7507 4969//7510 4968//7511
f 4965//7508 4968//7511 5245//7512 5244//7509
f 4966//7507 4967//7191 4970//7199 4969//7510
f 4968//7511 4969//7510 4972//7513 4971//7514
f 4968//7511 4971//7514 5246//7515 5245//7512
f 4969//7510 4970//7199 4973//7516 4972//7513
f 4970//7199 5044//7198 5045//7517 4973//7516
f 4971//7514 4972//7513 4975//7518 4974//7519
f 4971//7514 4974//7519 5247//7520 5246//7515
f 4972//7513 4973//7516 4976//7521 4975//7518
f 4973//7516 5045//7517 5046//7522 4976//7521
f 4974//7519 4975//7518 4978//7523 4977//7524
f 4974//7519 4977//7524 5248//7525 5247//7520
f 4975//7518 4976//7521 4979//7526 4978//7523
f 4976//7521 5046//7522 5047//7527 4979//7526
f 4977//7524 4978//7523 4981//7528 4980//7529
f 4977//7524 4980//7529 5249//7530 5248//7525
f 4978//7523 4979//7526 4982//7531 4981//7528
f 4979//7526 5047//7527 5048//7532 4982//7531
f 4980//7529 4981//7528 4984//7205 4983//7533
f 4980//7529 4983//7533 5250//7534 5249//7530
f 4981//7528 4982//7531 4985//7206 4984//7205
f 4982//7531 5048//7532 5049//7207 4985//7206
f 4983//7533 4984//7205 4987//7204 4986//7535
f 4983//7533 4986//7535 5251//7536 5250//7534
f 4986//7535 4987//7204 4989//7203 4988//7537
f 4986//7535 4988//7537 5252//7538 5251//7536
f 4988//7537 4989//7203 4991//7211 4990//7539
f 4988//7537 4990//7539 5253//7540 5252//7538
f 4990//7539 4991//7211 4993//7214 4992//7541
f 4990//7539 4992//7541 5254//7542 5253//7540
f 4992//7541 4993//7214 4995//7217 4994//7543
f 4992//7541 4994//7543 5255//7544 5254//7542
f 4994//7543 4995//7217 4997//7221 4996//7545
f 4994//7543 4996//7545 5256//7546 5255//7544
f 4996//7545 4997//7221 4999//7547 4998//7548
f 4996//7545 4998//7548 5257//7549 5256//7546
f 4997//7221 5055//7220 5057//7550 4999//7547
f 4998//7548 4999//7547 5001//7227 5000//7226
f 4998//7548 5000//7226 5258//7551 5257//7549
f 4999//7547 5057//7550 5059//7228 5001//7227
f 5000//7226 5002//7225 5259//7552 5258//7551
f 5002//7225 5003//7224 5260//7553 5259//7552
f 5003//7224 5004//7232 5261//7554 5260//7553
f 5004//7232 5005//7235 5262//7555 5261//7554
f 5005//7235 5006//7238 5263//7556 5262//7555
f 5006//7238 5007//7242 5264//7557 5263//7556
f 5007//7242 5008//7245 5265//7558 5264//7557
f 5008//7245 5009//7248 5266//7253 5265//7558
f 5010//6982 5011//6981 5169//7559 5168//7560
f 5010//6982 5168//7560 5274//7188 5319//6983
f 5011//6981 5012//6988 5170//7561 5169//7559
f 5012//6988 5013//6991 5171//7562 5170//7561
f 5013//6991 5014//6994 5172//7563 5171//7562
f 5014//6994 5015//6997 5173//7564 5172//7563
f 5015//6997 5016//7000 5174//7565 5173//7564
f 5016//7000 5017//7003 5175//7566 5174//7565
f 5017//7003 5018//7006 5176//7567 5175//7566
f 5018//7006 5019//7008 5177//7568 5176//7567
f 5019//7008 5020//7011 5178//7569 5177//7568
f 5020//7011 5021//7014 5179//7570 5178//7569
f 5021//7014 5022//7017 5180//7276 5179//7570
f 5041//7097 5151//7099 5152//7571 5042//7368
f 5042//7368 5152//7571 5153//7384 5043//7373
f 5044//7198 5287//7200 5288//7572 5045//7517
f 5045//7517 5288//7572 5289//7573 5046//7522
f 5046//7522 5289//7573 5290//7574 5047//7527
f 5047//7527 5290//7574 5291//7575 5048//7532
f 5048//7532 5291//7575 5292//7576 5049//7207
f 5049//7207 5292//7576 5293//7577 5050//7208
f 5050//7208 5293//7577 5294//7578 5051//7209
f 5051//7209 5294//7578 5295//7579 5052//7212
f 5052//7212 5295//7579 5296//7580 5053//7215
f 5053//7215 5296//7580 5297//7581 5054//7218
f 5054//7218 5297//7581 5298//7582 5056//7219
f 5055//7220 5056//7219 5058//7583 5057//7550
f 5056//7219 5298//7582 5299//7584 5058//7583
f 5057//7550 5058//7583 5060//7585 5059//7228
f 5058//7583 5299//7584 5300//7586 5060//7585
f 5059//7228 5060//7585 5062//7587 5061//7229
f 5060//7585 5300//7586 5301//7588 5062//7587
f 5061//7229 5062//7587 5064//7589 5063//7230
f 5062//7587 5301//7588 5302//7590 5064//7589
f 5063//7230 5064//7589 5066//7591 5065//7233
f 5064//7589 5302//7590 5303//7592 5066//7591
f 5065//7233 5066//7591 5068//7593 5067//7236
f 5066//7591 5303//7592 5304//7594 5068//7593
f 5067//7236 5068//7593 5070//7595 5069//7239
f 5068//7593 5304//7594 5305//7596 5070//7595
f 5069//7239 5070//7595 5072//7597 5071//7240
f 5070//7595 5305//7596 5306//7598 5072//7597
f 5071//7240 5072//7597 5074//7599 5073//7243
f 5072//7597 5306//7598 5307//7600 5074//7599
f 5073//7243 5074//7599 5077//7601 5076//7246
f 5074//7599 5307//7600 5308//7602 5077//7601
f 5075//7247 5076//7246 5079//7603 5078//7254
f 5076//7246 5077//7601 5080//7604 5079//7603
f 5077//7601 5308//7602 5309//7605 5080//7604
f 5078//7254 5079//7603 5082//7606 5081//7255
f 5079//7603 5080//7604 5083//7607 5082//7606
f 5080//7604 5309//7605 5310//7608 5083//7607
f 5081//7255 5082//7606 5085//7609 5084//7258
f 5082//7606 5083//7607 5086//7610 5085//7609
f 5083//7607 5310//7608 5311//7611 5086//7610
f 5084//7258 5085//7609 5088//7612 5087//7261
f 5085//7609 5086//7610 5089//7613 5088//7612
f 5086//7610 5311//7611 5312//7614 5089//7613
f 5087//7261 5088//7612 5091//7615 5090//7264
f 5088//7612 5089//7613 5092//7616 5091//7615
f 5089//7613 5312//7614 5313//7617 5092//7616
f 5090//7264 5091//7615 5094//7618 5093//7265
f 5091//7615 5092//7616 5095//7619 5094//7618
f 5092//7616 5313//7617 5314//7620 5095//7619
f 5093//7265 5094//7618 5097//7621 5096//7268
f 5094//7618 5095//7619 5098//7622 5097//7621
f 5095//7619 5314//7620 5315//7623 5098//7622
f 5096//7268 5097//7621 5317//7624 5316//7271
f 5097//7621 5098//7622 5318//7625 5317//7624
f 5098//7622 5315//7623 5321//7626 5318//7625
s 15
f 5145//7627 5144//7628 5429//7629 5428//7630
f 5146//7631 5145//7627 5428//7630 5430//7632
f 5147//7633 5146//7631 5430//7632 5433//7634
f 5148//7635 5147//7633 5433//7634 5436//7636
f 5149//7637 5148//7635 5436//7636 5439//7638
f 5150//7639 5149//7637 5439//7638 5442//7640
f 5151//7641 5150//7639 5442//7640 5445//7642
f 5102//7643 5101//7644 5450//7645 5449//7646
s off
f 5101//7647 5100//7648 5451//7649 5450//7650
s 15
f 5103//7651 5102//7643 5449//7646 5453//7652
f 5104//7653 5103//7651 5453//7652 5455//7654
f 5105//7655 5104//7653 5455//7654 5457//7656
f 5106//7657 5105//7655 5457//7656 5459//7658
f 5107//7659 5106//7657 5459//7658 5461//7660
f 5108//7661 5107//7659 5461//7660 5463//7662
f 5109//7663 5108//7661 5463//7662 5465//7664
f 5110//7665 5109//7663 5465//7664 5467//7666
f 5111//7667 5110//7665 5467//7666 5469//7668
f 5112//7669 5111//7667 5469//7668 5471//7670
f 5113//7671 5112//7669 5471//7670 5473//7672
f 5114//7673 5113//7671 5473//7672 5475//7674
f 5115//7675 5114//7673 5475//7674 5477//7676
f 5116//7677 5115//7675 5477//7676 5479//7678
f 5117//7679 5116//7677 5479//7678 5481//7680
f 5118//7681 5117//7679 5481//7680 5485//7682
f 5119//7683 5118//7681 5485//7682 5489//7684
f 5120//7685 5119//7683 5489//7684 5490//7686
f 5121//7687 5120//7685 5490//7686 5491//7688
f 5122//7689 5121//7687 5491//7688 5492//7690
f 5123//7691 5122//7689 5492//7690 5493//7692
f 5124//7693 5123//7691 5493//7692 5494//7694
f 5125//7695 5124//7693 5494//7694 5495//7696
f 5126//7697 5125//7695 5495//7696 5496//7698
f 5127//7699 5126//7697 5496//7698 5497//7700
f 5128//7701 5127//7699 5497//7700 5498//7702
f 5129//7703 5128//7701 5498//7702 5499//7704
f 5130//7705 5129//7703 5499//7704 5500//7706
f 5131//7707 5130//7705 5500//7706 5501//7708
f 5132//7709 5131//7707 5501//7708 5502//7710
f 5133//7711 5132//7709 5502//7710 5503//7712
f 5134//7713 5133//7711 5503//7712 5504//7714
f 5135//7715 5134//7713 5504//7714 5506//7716
f 5136//7717 5135//7715 5506//7716 5509//7718
f 5137//7719 5136//7717 5509//7718 5512//7720
f 5138//7721 5137//7719 5512//7720 5515//7722
f 5139//7723 5138//7721 5515//7722 5518//7724
f 5140//7725 5139//7723 5518//7724 5521//7726
f 5141//7727 5140//7725 5521//7726 5524//7728
f 5142//7729 5141//7727 5524//7728 5527//7730
f 5143//7731 5142//7729 5527//7730 5530//7732
f 5144//7628 5143//7731 5530//7732 5429//7629
s 17
f 5276//7733 5275//7734 5533//7735 5532//7736
f 5100//7737 5276//7733 5532//7736 5451//7738
f 5275//7734 5274//7739 5534//7740 5533//7735
s 15
f 5285//7741 5284//7742 5542//7743 5541//7744
f 5286//7745 5285//7741 5541//7744 5543//7746
f 5287//7747 5286//7745 5543//7746 5546//7748
s 17
f 5267//7749 5268//7750 5597//7751 5596//7752
f 5266//7753 5267//7749 5596//7752 5599//7754
f 5268//7750 5269//7755 5602//7756 5597//7751
f 5269//7755 5270//7757 5605//7758 5602//7756
f 5270//7757 5271//7759 5608//7760 5605//7758
f 5271//7759 5272//7761 5613//7762 5608//7760
f 5272//7761 5273//7763 5616//7764 5613//7762
s 20
f 5099//7765 5316//7766 5618//7767 5617//7768
s 17
f 5273//7763 5322//7769 5619//7770 5616//7764
s 20
f 5322//7771 5099//7765 5617//7768 5619//7772
s 17
f 5181//7773 5182//7774 5621//7775 5620//7776
f 5180//7777 5181//7773 5620//7776 5622//7778
f 5182//7774 5183//7779 5623//7780 5621//7775
f 5183//7779 5184//7781 5624//7782 5623//7780
f 5184//7781 5185//7783 5626//7784 5624//7782
f 5185//7783 5186//7785 5628//7786 5626//7784
f 5186//7785 5187//7787 5630//7788 5628//7786
f 5187//7787 5188//7789 5632//7790 5630//7788
f 5188//7789 5189//7791 5634//7792 5632//7790
f 5189//7791 5190//7793 5636//7794 5634//7792
f 5190//7793 5191//7795 5638//7796 5636//7794
f 5191//7795 5192//7797 5640//7798 5638//7796
f 5192//7797 5193//7799 5642//7800 5640//7798
f 5193//7799 5194//7801 5644//7802 5642//7800
f 5194//7801 5195//7803 5646//7804 5644//7802
f 5195//7803 5196//7805 5648//7806 5646//7804
f 5196//7805 5197//7807 5650//7808 5648//7806
f 5197//7807 5198//7809 5652//7810 5650//7808
f 5198//7809 5199//7811 5654//7812 5652//7810
f 5199//7811 5200//7813 5656//7814 5654//7812
f 5200//7813 5201//7815 5658//7816 5656//7814
f 5201//7815 5202//7817 5661//7818 5658//7816
f 5202//7817 5203//7819 5664//7820 5661//7818
f 5203//7819 5204//7821 5667//7822 5664//7820
f 5204//7821 5205//7823 5670//7824 5667//7822
f 5205//7823 5206//7825 5673//7826 5670//7824
f 5206//7825 5207//7827 5676//7828 5673//7826
f 5207//7827 5208//7829 5679//7830 5676//7828
f 5208//7829 5209//7831 5682//7832 5679//7830
f 5209//7831 5210//7833 5685//7834 5682//7832
f 5210//7833 5211//7835 5688//7836 5685//7834
f 5211//7835 5212//7837 5691//7838 5688//7836
f 5212//7837 5213//7839 5694//7840 5691//7838
f 5213//7839 5214//7841 5697//7842 5694//7840
f 5214//7841 5215//7843 5700//7844 5697//7842
f 5215//7843 5216//7845 5703//7846 5700//7844
f 5216//7845 5217//7847 5706//7848 5703//7846
f 5217//7847 5218//7849 5709//7850 5706//7848
f 5218//7849 5219//7851 5712//7852 5709//7850
f 5219//7851 5220//7853 5717//7854 5712//7852
f 5220//7853 5221//7855 5722//7856 5717//7854
f 5221//7855 5222//7857 5727//7858 5722//7856
s 15
f 5154//7859 5153//7860 5731//7861 5730//7862
f 5155//7863 5154//7859 5730//7862 5732//7864
s 17
f 5222//7857 5223//7865 5735//7866 5727//7858
s 15
f 5156//7867 5155//7863 5732//7864 5738//7868
s 17
f 5223//7865 5224//7869 5741//7870 5735//7866
s 15
f 5157//7871 5156//7867 5738//7868 5744//7872
s 17
f 5224//7869 5225//7873 5747//7874 5741//7870
s 15
f 5158//7875 5157//7871 5744//7872 5750//7876
s 17
f 5225//7873 5226//7877 5753//7878 5747//7874
s 15
f 5159//7879 5158//7875 5750//7876 5756//7880
s 17
f 5226//7877 5227//7881 5759//7882 5753//7878
s 15
f 5160//7883 5159//7879 5756//7880 5762//7884
s 17
f 5227//7881 5228//7885 5765//7886 5759//7882
s 15
f 5161//7887 5160//7883 5762//7884 5768//7888
s 17
f 5228//7885 5229//7889 5771//7890 5765//7886
s 15
f 5162//7891 5161//7887 5768//7888 5774//7892
s 17
f 5229//7889 5230//7893 5777//7894 5771//7890
s 15
f 5163//7895 5162//7891 5774//7892 5780//7896
s 17
f 5230//7893 5231//7897 5783//7898 5777//7894
s 15
f 5164//7899 5163//7895 5780//7896 5786//7900
s 17
f 5231//7897 5232//7901 5789//7902 5783//7898
s 15
f 5165//7903 5164//7899 5786//7900 5792//7904
s 17
f 5232//7901 5233//7905 5795//7906 5789//7902
s 15
f 5166//7907 5165//7903 5792//7904 5798//7908
s 17
f 5233//7905 5234//7909 5801//7910 5795//7906
s 15
f 5167//7911 5166//7907 5798//7908 5804//7912
s 17
f 5234//7909 5235//7913 5807//7914 5801//7910
s 15
f 5277//7915 5167//7911 5804//7912 5810//7916
s 17
f 5235//7913 5236//7917 5813//7918 5807//7914
s 15
f 5278//7919 5277//7915 5810//7916 5816//7920
s 17
f 5236//7917 5237//7921 5819//7922 5813//7918
s 15
f 5279//7923 5278//7919 5816//7920 5822//7924
s 17
f 5237//7921 5238//7925 5825//7926 5819//7922
s 15
f 5280//7927 5279//7923 5822//7924 5828//7928
s 17
f 5238//7925 5239//7929 5831//7930 5825//7926
s 15
f 5281//7931 5280//7927 5828//7928 5834//7932
s 17
f 5239//7929 5240//7933 5837//7934 5831//7930
s 15
f 5282//7935 5281//7931 5834//7932 5840//7936
s 17
f 5240//7933 5241//7937 5843//7938 5837//7934
s 15
f 5283//7939 5282//7935 5840//7936 5846//7940
s 17
f 5241//7937 5242//7941 5849//7942 5843//7938
s 15
f 5284//7742 5283//7939 5846//7940 5542//7743
s 17
f 5242//7941 5243//7943 5852//7944 5849//7942
f 5243//7943 5244//7945 5855//7946 5852//7944
f 5244//7945 5245//7947 5858//7948 5855//7946
f 5245//7947 5246//7949 5861//7950 5858//7948
f 5246//7949 5247//7951 5866//7952 5861//7950
f 5247//7951 5248//7953 5871//7954 5866//7952
f 5248//7953 5249//7955 5876//7956 5871//7954
f 5249//7955 5250//7957 5880//7958 5876//7956
f 5250//7957 5251//7959 5882//7960 5880//7958
f 5251//7959 5252//7961 5884//7962 5882//7960
f 5252//7961 5253//7963 5886//7964 5884//7962
f 5253//7963 5254//7965 5888//7966 5886//7964
f 5254//7965 5255//7967 5890//7968 5888//7966
f 5255//7967 5256//7969 5892//7970 5890//7968
f 5256//7969 5257//7971 5895//7972 5892//7970
f 5257//7971 5258//7973 5897//7974 5895//7972
f 5258//7973 5259//7975 5898//7976 5897//7974
f 5259//7975 5260//7977 5899//7978 5898//7976
f 5260//7977 5261//7979 5900//7980 5899//7978
f 5261//7979 5262//7981 5901//7982 5900//7980
f 5262//7981 5263//7983 5902//7984 5901//7982
f 5263//7983 5264//7985 5903//7986 5902//7984
f 5264//7985 5265//7987 5904//7988 5903//7986
f 5265//7987 5266//7753 5599//7754 5904//7988
f 5168//7989 5169//7990 5906//7991 5905//7992
f 5274//7739 5168//7989 5905//7992 5534//7740
f 5169//7990 5170//7993 5907//7994 5906//7991
f 5170//7993 5171//7995 5908//7996 5907//7994
f 5171//7995 5172//7997 5909//7998 5908//7996
f 5172//7997 5173//7999 5910//8000 5909//7998
f 5173//7999 5174//8001 5911//8002 5910//8000
f 5174//8001 5175//8003 5912//8004 5911//8002
f 5175//8003 5176//8005 5913//8006 5912//8004
f 5176//8005 5177//8007 5914//8008 5913//8006
f 5177//8007 5178//8009 5915//8010 5914//8008
f 5178//8009 5179//8011 5916//8012 5915//8010
f 5179//8011 5180//7777 5622//7778 5916//8012
s 15
f 5152//8013 5151//7641 5445//7642 5917//8014
f 5153//7860 5152//8013 5917//8014 5731//7861
f 5288//8015 5287//7747 5546//7748 5918//8016
f 5289//8017 5288//8015 5918//8016 5919//8018
f 5290//8019 5289//8017 5919//8018 5920//8020
f 5291//8021 5290//8019 5920//8020 5921//8022
f 5292//8023 5291//8021 5921//8022 5922//8024
f 5293//8025 5292//8023 5922//8024 5923//8026
f 5294//8027 5293//8025 5923//8026 5924//8028
f 5295//8029 5294//8027 5924//8028 5925//8030
f 5296//8031 5295//8029 5925//8030 5926//8032
f 5297//8033 5296//8031 5926//8032 5927//8034
f 5298//8035 5297//8033 5927//8034 5928//8036
f 5299//8037 5298//8035 5928//8036 5930//8038
f 5300//8039 5299//8037 5930//8038 5932//8040
f 5301//8041 5300//8039 5932//8040 5934//8042
f 5302//8043 5301//8041 5934//8042 5936//8044
f 5303//8045 5302//8043 5936//8044 5938//8046
f 5304//8047 5303//8045 5938//8046 5940//8048
f 5305//8049 5304//8047 5940//8048 5942//8050
f 5306//8051 5305//8049 5942//8050 5944//8052
f 5307//8053 5306//8051 5944//8052 5946//8054
f 5308//8055 5307//8053 5946//8054 5948//8056
f 5309//8057 5308//8055 5948//8056 5951//8058
f 5310//8059 5309//8057 5951//8058 5954//8060
f 5311//8061 5310//8059 5954//8060 5957//8062
f 5312//8063 5311//8061 5957//8062 5960//8064
f 5313//8065 5312//8063 5960//8064 5963//8066
f 5314//8067 5313//8065 5963//8066 5966//8068
f 5315//8069 5314//8067 5966//8068 5969//8070
s 20
f 5316//7766 5317//8071 5970//8072 5618//7767
f 5317//8071 5318//8073 5971//8074 5970//8072
f 5318//8073 5321//8075 5972//8076 5971//8074
s 15
f 5321//8077 5315//8069 5969//8070 5972//8078
g default
v 0.151459 0.104025 -0.203366
v -0.177726 -0.017271 -0.203366
v -0.151197 0.053054 -0.203366
v -0.124376 0.123197 -0.203366
v -0.097396 0.193188 -0.203366
v -0.114378 -0.040525 -0.203366
v -0.088325 0.029894 -0.203366
v -0.062137 0.100046 -0.203366
v -0.036021 0.169930 -0.203366
v -0.051092 -0.063393 -0.203366
v -0.025315 0.007149 -0.203366
v 0.000436 0.077430 -0.203366
v 0.025852 0.147469 -0.203366
v 0.012008 -0.086012 -0.203366
v 0.037702 -0.015288 -0.203366
v 0.063255 0.055247 -0.203366
v 0.088353 0.125626 -0.203366
v 0.074766 -0.108498 -0.203366
v 0.100571 -0.037520 -0.203366
v 0.126200 0.033291 -0.203366
v -0.066794 0.266422 -0.203366
v 0.004210 0.239407 -0.203366
v 0.075119 0.212657 -0.203366
v 0.146123 0.186139 -0.203366
v 0.175822 0.174857 -0.203366
v -0.203765 -0.087742 -0.203366
v -0.140037 -0.111211 -0.203366
v -0.054365 -0.144952 -0.203366
v -0.013617 -0.161478 -0.203366
v 0.015960 -0.171481 -0.203366
v 0.151459 0.104025 0.216871
v 0.126200 0.033291 0.216871
v 0.088353 0.125626 0.216871
v 0.063255 0.055247 0.216871
v 0.175822 0.174857 0.216871
v 0.146123 0.186139 0.216871
v -0.177726 -0.017271 0.216871
v -0.151198 0.053054 0.216871
v -0.203765 -0.087742 0.216871
v -0.124376 0.123197 0.216871
v -0.097396 0.193188 0.216871
v -0.066794 0.266422 0.216871
v -0.114378 -0.040525 0.216871
v -0.088325 0.029894 0.216871
v -0.140038 -0.111211 0.216871
v -0.062136 0.100046 0.216871
v -0.036021 0.169930 0.216871
v 0.004210 0.239407 0.216871
v -0.051092 -0.063393 0.216871
v -0.025315 0.007149 0.216871
v -0.054365 -0.144953 0.216871
v 0.000436 0.077430 0.216871
v 0.025852 0.147469 0.216871
v 0.075119 0.212657 0.216871
v 0.012009 -0.086012 0.216871
v 0.037702 -0.015288 0.216871
v -0.013616 -0.160307 0.216871
v 0.074766 -0.108498 0.216871
v 0.100571 -0.037520 0.216871
v 0.015960 -0.171481 0.216871
v 0.165539 0.018841 0.216871
v 0.191446 0.089833 0.216871
v 0.216356 0.161210 0.216871
v -0.215203 0.078949 0.216871
v -0.239421 0.007607 0.216871
v -0.263331 -0.063902 0.216871
v -0.190598 0.150228 0.216871
v -0.165781 0.221483 0.216871
v -0.140528 0.292493 0.216871
v 0.113423 -0.123294 0.216871
v 0.139508 -0.052153 0.216871
v 0.087668 -0.194786 0.216871
v 0.191447 0.089833 -0.203366
v 0.165539 0.018841 -0.203366
v 0.216356 0.161210 -0.203366
v -0.239421 0.007607 -0.203366
v -0.215203 0.078949 -0.203366
v -0.263331 -0.063902 -0.203366
v -0.190597 0.150228 -0.203366
v -0.165780 0.221483 -0.203366
v -0.140528 0.292493 -0.203366
v 0.139508 -0.052153 -0.203366
v 0.113422 -0.123294 -0.203366
v 0.087668 -0.194786 -0.203366
vn 0.000001 0.000001 1.000000
vn -0.000000 0.000000 1.000000
vn -0.000000 0.000000 1.000000
vn -0.000000 0.000002 1.000000
vn 0.000001 0.000000 1.000000
vn 0.000001 0.000000 1.000000
vn 0.000001 0.000002 1.000000
vn 0.000002 0.000000 1.000000
vn -0.000002 0.000004 1.000000
vn -0.000001 -0.000002 1.000000
vn -0.000002 -0.000001 1.000000
vn 0.000000 0.000000 1.000000
vn 0.000000 0.000000 1.000000
vn -0.000003 -0.000005 1.000000
vn -0.000003 -0.000003 1.000000
vn 0.000000 0.000000 1.000000
vn 0.000000 0.000000 1.000000
vn -0.000000 0.000001 1.000000
vn -0.000001 0.000002 1.000000
vn -0.000000 0.000002 1.000000
vn -0.000001 0.000003 1.000000
vn -0.000000 -0.000000 1.000000
vn 0.000001 0.000000 1.000000
vn -0.000001 -0.000001 1.000000
vn 0.000000 0.000000 1.000000
vn -0.000000 0.000000 1.000000
vn 0.000001 0.000001 1.000000
vn 0.000000 -0.000000 1.000000
vn 0.000000 0.000000 1.000000
vn 0.000001 -0.000001 1.000000
vn 0.000000 0.000000 1.000000
vn 0.000000 0.000000 1.000000
vn 0.000000 0.000000 1.000000
vn -0.000000 -0.000001 1.000000
vn 0.000000 0.000000 1.000000
vn -0.000000 -0.000002 1.000000
vn -0.000000 -0.000000 1.000000
vn -0.000000 0.000000 1.000000
vn -0.000002 -0.000000 1.000000
vn 0.000001 0.000000 1.000000
vn 0.000000 0.000000 1.000000
vn -0.000000 0.000000 1.000000
vn -0.000000 0.000000 -1.000000
vn -0.000001 0.000000 -1.000000
vn -0.000000 0.000000 -1.000000
vn -0.000000 0.000000 -1.000000
vn 0.000000 0.000000 -1.000000
vn -0.000000 0.000000 -1.000000
vn -0.000000 0.000000 -1.000000
vn -0.000001 0.000000 -1.000000
vn -0.000000 0.000000 -1.000000
vn 0.000000 0.000000 -1.000000
vn 0.000000 0.000000 -1.000000
vn 0.000000 0.000000 -1.000000
vn -0.000000 0.000000 -1.000000
vn -0.000001 0.000000 -1.000000
vn -0.000001 0.000000 -1.000000
vn -0.000000 0.000000 -1.000000
vn -0.000000 0.000000 -1.000000
vn -0.000000 0.000000 -1.000000
vn 0.000000 0.000000 -1.000000
vn -0.000000 0.000000 -1.000000
vn 0.000000 0.000000 -1.000000
vn -0.000000 0.000000 -1.000000
vn -0.000000 0.000000 -1.000000
vn -0.000001 0.000000 -1.000000
vn -0.000000 0.000000 -1.000000
vn -0.000000 0.000000 -1.000000
vn 0.000000 0.000000 -1.000000
vn -0.000000 0.000000 -1.000000
vn -0.000000 0.000000 -1.000000
vn -0.000000 0.000000 -1.000000
vn 0.000000 0.000000 -1.000000
vn -0.000000 0.000000 -1.000000
vn -0.000000 0.000000 -1.000000
vn 0.000000 0.000000 -1.000000
vn -0.000000 0.000000 -1.000000
vn 0.000000 0.000000 -1.000000
vn 0.000000 0.000000 -1.000000
vn -0.000000 0.000000 -1.000000
vn 0.000000 0.000000 -1.000000
vn 0.000000 0.000000 -1.000000
vn -0.000000 0.000000 -1.000000
vn 0.000000 0.000000 -1.000000
vn 0.334503 0.942395 -0.000000
vn 0.351421 0.936217 -0.000001
vn 0.351421 0.936217 -0.000001
vn 0.334503 0.942395 -0.000000
vn 0.319084 0.947726 0.000000
vn 0.319084 0.947726 0.000000
vn -0.371577 -0.928402 -0.000000
vn -0.358247 -0.933627 -0.000000
vn -0.358247 -0.933627 -0.000000
vn -0.371577 -0.928402 -0.000000
vn 0.344346 0.938843 0.000000
vn 0.333364 0.942798 0.000000
vn 0.333364 0.942798 0.000000
vn 0.344346 0.938843 0.000000
vn -0.357613 -0.933870 -0.000001
vn -0.357613 -0.933870 -0.000001
vn 0.354283 0.935138 0.000000
vn 0.354282 0.935138 0.000000
vn -0.365752 -0.930712 0.000417
vn -0.365752 -0.930712 0.000417
vn 0.351414 0.936220 -0.000000
vn 0.351414 0.936220 -0.000000
vn -0.352938 -0.935646 0.001303
vn -0.352954 -0.935640 0.001303
vn -0.317338 -0.948312 0.000386
vn -0.317338 -0.948312 0.000386
vn -0.309082 -0.951035 -0.000000
vn -0.309082 -0.951035 -0.000000
vn -0.945448 0.325772 -0.000000
vn -0.945448 0.325772 -0.000000
vn -0.945448 0.325772 -0.000000
vn -0.945448 0.325772 -0.000000
vn -0.945448 0.325772 -0.000000
vn -0.945448 0.325772 -0.000000
vn -0.945448 0.325772 -0.000000
vn -0.945448 0.325772 -0.000000
vn -0.945448 0.325772 -0.000000
vn -0.945448 0.325772 -0.000000
vn -0.945448 0.325772 -0.000000
vn -0.945448 0.325772 -0.000000
vn 0.940441 -0.339958 0.000000
vn 0.940441 -0.339958 0.000000
vn 0.940441 -0.339958 0.000000
vn 0.940441 -0.339958 0.000000
vn 0.940441 -0.339958 0.000000
vn 0.940441 -0.339958 0.000000
vn 0.940441 -0.339958 0.000000
vn 0.940441 -0.339958 0.000000
vn 0.940441 -0.339958 0.000000
vn 0.940441 -0.339958 0.000000
vn 0.940441 -0.339958 0.000000
vn 0.940441 -0.339958 0.000000
s 1
g logo center
usemtl blinn8SG
f 6003//8079 6004//8080 6033//8081 6034//8082
f 6003//8079 6005//8083 6006//8084 6004//8080
f 6003//8079 6007//8085 6008//8086 6005//8083
f 6003//8079 6034//8082 6035//8087 6007//8085
f 6037//8088 6009//8089 6010//8090 6036//8091
f 6037//8088 6038//8092 6011//8093 6009//8089
f 6036//8091 6010//8090 6012//8094 6039//8095
f 6039//8095 6012//8094 6013//8096 6040//8097
f 6040//8097 6013//8096 6014//8098 6041//8099
f 6009//8089 6015//8100 6016//8101 6010//8090
f 6009//8089 6011//8093 6017//8102 6015//8100
f 6010//8090 6016//8101 6018//8103 6012//8094
f 6012//8094 6018//8103 6019//8104 6013//8096
f 6013//8096 6019//8104 6020//8105 6014//8098
f 6015//8100 6021//8106 6022//8107 6016//8101
f 6015//8100 6017//8102 6023//8108 6021//8106
f 6016//8101 6022//8107 6024//8109 6018//8103
f 6018//8103 6024//8109 6025//8110 6019//8104
f 6019//8104 6025//8110 6026//8111 6020//8105
f 6021//8106 6027//8112 6028//8113 6022//8107
f 6021//8106 6023//8108 6029//8114 6027//8112
f 6022//8107 6028//8113 6006//8084 6024//8109
f 6024//8109 6006//8084 6005//8083 6025//8110
f 6025//8110 6005//8083 6008//8086 6026//8111
f 6027//8112 6030//8115 6031//8116 6028//8113
f 6027//8112 6029//8114 6032//8117 6030//8115
f 6028//8113 6031//8116 6004//8080 6006//8084
f 6030//8115 6042//8118 6043//8119 6031//8116
f 6030//8115 6032//8117 6044//8120 6042//8118
f 6031//8116 6043//8119 6033//8081 6004//8080
s 3
f 5973//8121 6045//8122 6046//8123 5992//8124
f 5973//8121 5992//8124 5988//8125 5989//8126
f 5973//8121 5989//8126 5996//8127 5997//8128
f 5973//8121 5997//8128 6047//8129 6045//8122
f 6048//8130 6049//8131 5975//8132 5974//8133
f 6048//8130 5974//8133 5998//8134 6050//8135
f 6049//8131 6051//8136 5976//8137 5975//8132
f 6051//8136 6052//8138 5977//8139 5976//8137
f 6052//8138 6053//8140 5993//8141 5977//8139
f 5974//8133 5975//8132 5979//8142 5978//8143
f 5974//8133 5978//8143 5999//8144 5998//8134
f 5975//8132 5976//8137 5980//8145 5979//8142
f 5976//8137 5977//8139 5981//8146 5980//8145
f 5977//8139 5993//8141 5994//8147 5981//8146
f 5978//8143 5979//8142 5983//8148 5982//8149
f 5978//8143 5982//8149 6000//8150 5999//8144
f 5979//8142 5980//8145 5984//8151 5983//8148
f 5980//8145 5981//8146 5985//8152 5984//8151
f 5981//8146 5994//8147 5995//8153 5985//8152
f 5982//8149 5983//8148 5987//8154 5986//8155
f 5982//8149 5986//8155 6001//8156 6000//8150
f 5983//8148 5984//8151 5988//8125 5987//8154
f 5984//8151 5985//8152 5989//8126 5988//8125
f 5985//8152 5995//8153 5996//8127 5989//8126
f 5986//8155 5987//8154 5991//8157 5990//8158
f 5986//8155 5990//8158 6002//8159 6001//8156
f 5987//8154 5988//8125 5992//8124 5991//8157
f 5990//8158 5991//8157 6054//8160 6055//8161
f 5990//8158 6055//8161 6056//8162 6002//8159
f 5991//8157 5992//8124 6046//8123 6054//8160
s 5
f 5997//8163 5996//8164 6008//8165 6007//8166
f 6047//8167 5997//8163 6007//8166 6035//8168
s 6
f 6050//8169 5998//8170 6011//8171 6038//8172
s 5
f 5993//8173 6053//8174 6041//8175 6014//8176
s 6
f 5998//8170 5999//8177 6017//8178 6011//8171
s 5
f 5994//8179 5993//8173 6014//8176 6020//8180
s 6
f 5999//8177 6000//8181 6023//8182 6017//8178
s 5
f 5995//8183 5994//8179 6020//8180 6026//8184
s 6
f 6000//8181 6001//8185 6029//8186 6023//8182
s 5
f 5996//8164 5995//8183 6026//8184 6008//8165
s 6
f 6001//8185 6002//8187 6032//8188 6029//8186
f 6002//8187 6056//8189 6044//8190 6032//8188
s off
f 6036//8191 6039//8192 6040//8193 6041//8194 6053//8195 6052//8196 6051//8197 6049//8198 6048//8199 6050//8200 6038//8201 6037//8202
f 6034//8203 6033//8204 6043//8205 6042//8206 6044//8207 6056//8208 6055//8209 6054//8210 6046//8211 6045//8212 6047//8213 6035//8214
g default
v -1.643046 1.434504 -0.203366
v -1.562353 1.428162 -0.203366
v -1.733654 1.435397 -0.203366
v 1.077507 -0.665816 -0.203366
v 1.123178 -0.709007 -0.203366
v 1.167246 -0.753611 -0.203366
v 1.210029 -0.799363 -0.203366
v 1.251216 -0.846544 -0.203366
v 1.309975 -0.803412 -0.203366
v 1.290837 -0.894823 -0.203366
v 1.350785 -0.853975 -0.203366
v 1.328758 -0.944431 -0.203366
v 1.389883 -0.905677 -0.203366
v 1.364871 -0.995509 -0.203366
v 1.427197 -0.958871 -0.203366
v 1.398964 -1.047995 -0.203366
v 1.462712 -1.013512 -0.203366
v 1.525847 -0.980670 -0.203366
v 1.430847 -1.101617 -0.203366
v 1.496277 -1.069420 -0.203366
v 1.560471 -1.039477 -0.203366
v 1.460457 -1.156353 -0.203366
v 1.527566 -1.126450 -0.203366
v 1.593140 -1.099613 -0.203366
v 1.487272 -1.211776 -0.203366
v 1.556261 -1.184343 -0.203366
v 1.623284 -1.161185 -0.203366
v 1.511300 -1.266425 -0.203366
v 1.581352 -1.242553 -0.203366
v 1.649876 -1.224564 -0.203366
v 1.718041 -1.206126 -0.203366
v 1.533636 -1.318204 -0.203366
v 1.601980 -1.301926 -0.203366
v 1.672148 -1.292940 -0.203366
v 1.743822 -1.281488 -0.203366
v 1.612322 -1.368936 -0.203366
v 1.685479 -1.370788 -0.203366
v 1.764263 -1.368497 -0.203366
v -1.635978 1.354509 -0.203366
v -1.558580 1.360601 -0.203366
v -1.487792 1.368980 -0.203366
v -1.615923 1.280999 -0.203366
v -1.542266 1.298121 -0.203366
v -1.471135 1.317653 -0.203366
v -1.589838 1.213914 -0.203366
v -1.519332 1.238846 -0.203366
v -1.449054 1.265624 -0.203366
v -1.559507 1.151019 -0.203366
v -1.491458 1.181197 -0.203366
v -1.422734 1.212860 -0.203366
v -1.525924 1.090879 -0.203366
v -1.459953 1.124702 -0.203366
v -1.392878 1.159977 -0.203366
v -1.489778 1.032805 -0.203366
v -1.425776 1.069497 -0.203366
v -1.360497 1.107481 -0.203366
v -1.451618 0.976419 -0.203366
v -1.389527 1.015468 -0.203366
v -1.326092 1.055638 -0.203366
v -1.351135 0.962479 -0.203366
v -1.289648 1.004480 -0.203366
v -1.311152 0.910693 -0.203366
v -1.251336 0.954434 -0.203366
v -1.269849 0.860202 -0.203366
v -1.211834 0.905359 -0.203366
v -1.226984 0.810938 -0.203366
v -1.170489 0.857793 -0.203366
v -1.182559 0.762992 -0.203366
v -1.127755 0.811581 -0.203366
v -1.136623 0.716404 -0.203366
v -1.083364 0.766779 -0.203366
v -1.089362 0.671280 -0.203366
v -1.037657 0.723388 -0.203366
v -1.040780 0.627609 -0.203366
v -0.990614 0.681351 -0.203366
v -0.942346 0.640817 -0.203366
v -0.892930 0.601587 -0.203366
v -0.842266 0.563883 -0.203366
v -0.790461 0.527433 -0.203366
v -0.737556 0.492565 -0.203366
v -0.683795 0.459021 -0.203366
v -0.628978 0.427399 -0.203366
v -0.573242 0.397329 -0.203366
v -1.717097 1.343744 -0.203366
v -1.688930 1.260933 -0.203366
v -1.658245 1.188024 -0.203366
v -1.625187 1.120717 -0.203366
v -1.589745 1.056925 -0.203366
v -1.411647 0.921430 -0.203366
v -1.370211 0.867663 -0.203366
v -1.327392 0.815250 -0.203366
v -1.282958 0.764190 -0.203366
v -0.990884 0.585405 -0.203366
v -0.939660 0.544694 -0.203366
v -0.887138 0.505522 -0.203366
v -0.516313 0.369071 -0.203366
v 0.191447 0.089833 -0.203366
v 0.279075 0.059814 -0.203366
v 0.343349 0.036164 -0.203366
v 0.377590 -0.059152 -0.203366
v 0.407610 0.010822 -0.203366
v 0.440027 -0.085277 -0.203366
v 0.471554 -0.016386 -0.203366
v 0.501907 -0.113084 -0.203366
v 0.534775 -0.045663 -0.203366
v 0.529488 -0.208699 -0.203366
v 0.563167 -0.142329 -0.203366
v 0.597151 -0.076367 -0.203366
v 0.588722 -0.238110 -0.203366
v 0.623835 -0.172828 -0.203366
v 0.658865 -0.107925 -0.203366
v 0.647449 -0.268949 -0.203366
v 0.684048 -0.204621 -0.203366
v 0.720242 -0.140404 -0.203366
v 0.667443 -0.364843 -0.203366
v 0.705490 -0.301178 -0.203366
v 0.743791 -0.237661 -0.203366
v 0.781379 -0.173955 -0.203366
v 0.722442 -0.397421 -0.203366
v 0.762491 -0.334816 -0.203366
v 0.802786 -0.272079 -0.203366
v 0.842260 -0.208790 -0.203366
v 0.776274 -0.431440 -0.203366
v 0.818158 -0.369957 -0.203366
v 0.860495 -0.308043 -0.203366
v 0.902624 -0.245269 -0.203366
v 0.828918 -0.467134 -0.203366
v 0.872469 -0.406652 -0.203366
v 0.916462 -0.345926 -0.203366
v 0.960939 -0.284757 -0.203366
v 0.880823 -0.504230 -0.203366
v 0.925938 -0.445058 -0.203366
v 0.971350 -0.385883 -0.203366
v 1.017060 -0.326759 -0.203366
v 0.931982 -0.542980 -0.203366
v 0.978761 -0.485127 -0.203366
v 1.025620 -0.427376 -0.203366
v 1.072390 -0.369657 -0.203366
v 0.982059 -0.582905 -0.203366
v 1.030509 -0.526579 -0.203366
v 1.078970 -0.470147 -0.203366
v 1.127143 -0.413396 -0.203366
v 1.030641 -0.623888 -0.203366
v 1.080861 -0.569297 -0.203366
v 1.131011 -0.514180 -0.203366
v 1.181064 -0.458284 -0.203366
v 1.129731 -0.613324 -0.203366
v 1.181646 -0.559700 -0.203366
v 1.233550 -0.505249 -0.203366
v 1.177220 -0.658861 -0.203366
v 1.230885 -0.606898 -0.203366
v 1.284752 -0.554032 -0.203366
v 1.223138 -0.705771 -0.203366
v 1.278535 -0.655771 -0.203366
v 1.334139 -0.604909 -0.203366
v 1.267389 -0.754004 -0.203366
v 1.324436 -0.706308 -0.203366
v 1.381804 -0.657550 -0.203366
v 1.368539 -0.758408 -0.203366
v 1.427325 -0.712083 -0.203366
v 1.410738 -0.811939 -0.203366
v 1.470804 -0.768126 -0.203366
v 1.451026 -0.866782 -0.203366
v 1.512040 -0.825872 -0.203366
v 1.489350 -0.923133 -0.203366
v 1.551004 -0.885546 -0.203366
v 1.588041 -0.946447 -0.203366
v 1.623187 -1.008521 -0.203366
v 1.656865 -1.072060 -0.203366
v 1.688956 -1.137651 -0.203366
v -1.551736 0.995984 -0.203366
v -1.511948 0.937124 -0.203366
v -1.470505 0.880008 -0.203366
v -1.427763 0.824182 -0.203366
v -1.383590 0.769725 -0.203366
v -1.337633 0.716635 -0.203366
v -1.289710 0.665315 -0.203366
v -1.236904 0.714475 -0.203366
v -1.240954 0.615001 -0.203366
v -1.189385 0.666003 -0.203366
v -1.190576 0.565958 -0.203366
v -1.140515 0.618942 -0.203366
v -1.138371 0.518621 -0.203366
v -1.090164 0.573463 -0.203366
v -1.084622 0.473289 -0.203366
v -1.038354 0.529567 -0.203366
v -1.029707 0.429591 -0.203366
v -0.985146 0.487277 -0.203366
v -0.973647 0.387663 -0.203366
v -0.930651 0.446618 -0.203366
v -0.916766 0.347228 -0.203366
v -0.875152 0.407491 -0.203366
v -0.833380 0.467788 -0.203366
v -0.858992 0.308231 -0.203366
v -0.818734 0.369891 -0.203366
v -0.778625 0.431550 -0.203366
v -0.800118 0.270794 -0.203366
v -0.761347 0.333829 -0.203366
v -0.722912 0.396817 -0.203366
v -0.740171 0.234874 -0.203366
v -0.702906 0.299348 -0.203366
v -0.666187 0.363683 -0.203366
v -0.679216 0.200874 -0.203366
v -0.643522 0.266630 -0.203366
v -0.608420 0.332315 -0.203366
v -0.617646 0.168675 -0.203366
v -0.583447 0.235727 -0.203366
v -0.549821 0.302611 -0.203366
v -0.555549 0.138368 -0.203366
v -0.522815 0.206421 -0.203366
v -0.490484 0.274379 -0.203366
v -0.458464 0.342195 -0.203366
v -0.493064 0.109517 -0.203366
v -0.461677 0.178437 -0.203366
v -0.430429 0.247288 -0.203366
v -0.399518 0.316226 -0.203366
v -0.430292 0.082166 -0.203366
v -0.400191 0.151613 -0.203366
v -0.369926 0.221148 -0.203366
v -0.339864 0.290954 -0.203366
v -0.367324 0.055931 -0.203366
v -0.338362 0.125812 -0.203366
v -0.309073 0.195791 -0.203366
v -0.279805 0.266009 -0.203366
v -0.304222 0.030797 -0.203366
v -0.276230 0.100913 -0.203366
v -0.247838 0.171081 -0.203366
v -0.219331 0.241356 -0.203366
v -0.239421 0.007607 -0.203366
v -0.215203 0.078949 -0.203366
v -0.190597 0.150228 -0.203366
v -0.165780 0.221483 -0.203366
v 0.113422 -0.123294 -0.203366
v 0.139508 -0.052153 -0.203366
v 0.165539 0.018841 -0.203366
v 0.198792 -0.153103 -0.203366
v 0.225310 -0.082099 -0.203366
v 0.252060 -0.011190 -0.203366
v 0.259905 -0.175463 -0.203366
v 0.287087 -0.105020 -0.203366
v 0.314873 -0.034547 -0.203366
v 0.320288 -0.198399 -0.203366
v 0.348507 -0.128817 -0.203366
v 0.379851 -0.222555 -0.203366
v 0.409467 -0.153958 -0.203366
v 0.438551 -0.248271 -0.203366
v 0.469766 -0.180633 -0.203366
v 0.496669 -0.275510 -0.203366
v 0.554295 -0.303959 -0.203366
v 0.611281 -0.333656 -0.203366
v -1.462902 1.457184 -0.203366
v -1.428889 1.391414 -0.203366
v -1.407868 1.343643 -0.203366
v -1.384248 1.297597 -0.203366
v -1.357502 1.247400 -0.203366
v -1.327978 1.198408 -0.203366
v -1.296391 1.147228 -0.203366
v -1.262934 1.097632 -0.203366
v -1.229131 1.048533 -0.203366
v -1.191678 0.999438 -0.203366
v -1.154350 0.950506 -0.203366
v -1.114862 0.906370 -0.203366
v -1.073716 0.860950 -0.203366
v -1.031432 0.818858 -0.203366
v -0.986766 0.776567 -0.203366
v -0.942001 0.736652 -0.203366
v -0.894507 0.697459 -0.203366
v -0.847567 0.659657 -0.203366
v -0.797739 0.623142 -0.203366
v -0.748774 0.587616 -0.203366
v -0.696643 0.553945 -0.203366
v -0.644678 0.520380 -0.203366
v -0.592217 0.491284 -0.203366
v -0.538154 0.461378 -0.203366
v -0.483900 0.435849 -0.203366
v -0.426973 0.409875 -0.203366
v -0.369494 0.385500 -0.203366
v -0.310198 0.361065 -0.203366
v -0.250441 0.336258 -0.203366
v -0.190603 0.311536 -0.203366
v -0.140528 0.292493 -0.203366
v 0.216356 0.161210 -0.203366
v 0.305173 0.131317 -0.203366
v 0.371230 0.107654 -0.203366
v 0.437435 0.081683 -0.203366
v 0.503357 0.053218 -0.203366
v 0.568755 0.021484 -0.203366
v 0.631352 -0.010657 -0.203366
v 0.693560 -0.043080 -0.203366
v 0.755847 -0.075928 -0.203366
v 0.817655 -0.109643 -0.203366
v 0.880089 -0.144464 -0.203366
v 0.942671 -0.180150 -0.203366
v 1.006878 -0.223986 -0.203366
v 1.063496 -0.268481 -0.203366
v 1.118609 -0.311643 -0.203366
v 1.174338 -0.355775 -0.203366
v 1.231943 -0.401531 -0.203366
v 1.285065 -0.450176 -0.203366
v 1.339619 -0.500883 -0.203366
v 1.389488 -0.553754 -0.203366
v 1.439990 -0.608997 -0.203366
v 1.485897 -0.665656 -0.203366
v 1.531552 -0.724872 -0.203366
v 1.573121 -0.784969 -0.203366
v 1.612675 -0.848276 -0.203366
v 1.650393 -0.911965 -0.203366
v 1.685148 -0.975751 -0.203366
v 1.719412 -1.041017 -0.203366
v 1.754074 -1.109219 -0.203366
v 1.786375 -1.181979 -0.203366
v 1.814861 -1.260356 -0.203366
v 1.844095 -1.352686 -0.203366
v -1.834725 1.425182 -0.203366
v -1.794689 1.318950 -0.203366
v -1.757909 1.232810 -0.203366
v -1.724545 1.157316 -0.203366
v -1.689023 1.088454 -0.203366
v -1.651743 1.020017 -0.203366
v -1.611864 0.957507 -0.203366
v -1.570425 0.895817 -0.203366
v -1.528187 0.837630 -0.203366
v -1.484429 0.780252 -0.203366
v -1.438946 0.723417 -0.203366
v -1.392316 0.668536 -0.203366
v -1.340905 0.615669 -0.203366
v -1.293996 0.565242 -0.203366
v -1.240415 0.513366 -0.203366
v -1.185989 0.462960 -0.203366
v -1.130645 0.417316 -0.203366
v -1.073928 0.371683 -0.203366
v -1.016817 0.329005 -0.203366
v -0.958517 0.287008 -0.203366
v -0.900096 0.246694 -0.203366
v -0.839217 0.207627 -0.203366
v -0.778525 0.170120 -0.203366
v -0.714893 0.134662 -0.203366
v -0.652421 0.101320 -0.203366
v -0.587858 0.070121 -0.203366
v -0.524507 0.040460 -0.203366
v -0.459694 0.012651 -0.203366
v -0.396010 -0.014038 -0.203366
v -0.331524 -0.039409 -0.203366
v -0.263331 -0.063902 -0.203366
v 0.087668 -0.194786 -0.203366
v 0.173046 -0.224524 -0.203366
v 0.234029 -0.246229 -0.203366
v 0.293245 -0.268132 -0.203366
v 0.350831 -0.290848 -0.203366
v 0.407577 -0.315200 -0.203366
v 0.464519 -0.342398 -0.203366
v 0.520545 -0.370128 -0.203366
v 0.575758 -0.398391 -0.203366
v 0.630690 -0.429117 -0.203366
v 0.683316 -0.460207 -0.203366
v 0.736024 -0.493033 -0.203366
v 0.785681 -0.527854 -0.203366
v 1.763348 -1.467512 -0.203366
v -1.728167 1.531748 -0.203366
v -1.631924 1.516809 -0.203366
v -1.546915 1.498064 -0.203366
v 1.679747 -1.457225 -0.203366
v 1.601861 -1.444130 -0.203366
v 1.523257 -1.415256 -0.203366
v 1.471726 -1.355391 -0.203366
v 1.442192 -1.299306 -0.203366
v 1.417559 -1.245132 -0.203366
v 1.392435 -1.190524 -0.203366
v 1.364024 -1.140228 -0.203366
v 1.333381 -1.087682 -0.203366
v 1.301059 -1.038539 -0.203366
v 1.265934 -0.988808 -0.203366
v 1.230451 -0.941614 -0.203366
v 1.191537 -0.894481 -0.203366
v 1.153288 -0.849199 -0.203366
v 1.111038 -0.804812 -0.203366
v 1.068776 -0.760413 -0.203366
v 1.025231 -0.719946 -0.203366
v 0.979970 -0.678736 -0.203366
v 0.934012 -0.639829 -0.203366
v 0.885292 -0.601039 -0.203366
v 0.836742 -0.563700 -0.203366
v 1.554978 -1.364381 -0.203366
v -1.822385 1.535821 -0.203366
v 1.857894 -1.452761 -0.203366
v -1.500898 1.416199 -0.203366
v -1.643047 1.434504 0.216871
v -1.733654 1.435397 0.216871
v -1.717097 1.343744 0.216871
v -1.635978 1.354509 0.216871
v -1.631925 1.516809 0.216871
v -1.728167 1.531748 0.216871
v -1.562353 1.428162 0.216871
v -1.546915 1.498064 0.216871
v -1.558580 1.360601 0.216871
v -1.487791 1.368980 0.216871
v -1.500898 1.416199 0.216871
v -1.462901 1.457184 0.216871
v -1.834724 1.425182 0.216871
v -1.794688 1.318950 0.216871
v -1.822385 1.535821 0.216871
v 1.077507 -0.665816 0.216871
v 1.123178 -0.709007 0.216871
v 1.177220 -0.658861 0.216871
v 1.129731 -0.613324 0.216871
v 1.025231 -0.719946 0.216871
v 1.068776 -0.760413 0.216871
v 1.030641 -0.623888 0.216871
v 0.979969 -0.678736 0.216871
v 1.080861 -0.569297 0.216871
v 1.167246 -0.753611 0.216871
v 1.223138 -0.705771 0.216871
v 1.111037 -0.804812 0.216871
v 1.210029 -0.799363 0.216871
v 1.267389 -0.754004 0.216871
v 1.153288 -0.849199 0.216871
v 1.251216 -0.846544 0.216871
v 1.309975 -0.803412 0.216871
v 1.191537 -0.894481 0.216871
v 1.290837 -0.894823 0.216871
v 1.350785 -0.853975 0.216871
v 1.230451 -0.941614 0.216871
v 1.410738 -0.811939 0.216871
v 1.368539 -0.758408 0.216871
v 1.324436 -0.706308 0.216871
v 1.328758 -0.944431 0.216871
v 1.389883 -0.905677 0.216871
v 1.265934 -0.988808 0.216871
v 1.451026 -0.866782 0.216871
v 1.364871 -0.995509 0.216871
v 1.427196 -0.958871 0.216871
v 1.301059 -1.038538 0.216871
v 1.489350 -0.923133 0.216871
v 1.398964 -1.047995 0.216871
v 1.462712 -1.013512 0.216871
v 1.333381 -1.087682 0.216871
v 1.525847 -0.980670 0.216871
v 1.430847 -1.101617 0.216871
v 1.496277 -1.069420 0.216871
v 1.364025 -1.140228 0.216871
v 1.560471 -1.039477 0.216871
v 1.623187 -1.008521 0.216871
v 1.588041 -0.946447 0.216871
v 1.551004 -0.885546 0.216871
v 1.460457 -1.156353 0.216871
v 1.527566 -1.126450 0.216871
v 1.392436 -1.190524 0.216871
v 1.593139 -1.099613 0.216871
v 1.656866 -1.072060 0.216871
v 1.487272 -1.211776 0.216871
v 1.556261 -1.184343 0.216871
v 1.417559 -1.245132 0.216871
v 1.623284 -1.161185 0.216871
v 1.688955 -1.137651 0.216871
v 1.511300 -1.266425 0.216871
v 1.581352 -1.242553 0.216871
v 1.442191 -1.299306 0.216871
v 1.649876 -1.224564 0.216871
v 1.718040 -1.206126 0.216871
v 1.533636 -1.318203 0.216871
v 1.601981 -1.301926 0.216871
v 1.471726 -1.355391 0.216871
v 1.672148 -1.292940 0.216871
v 1.743822 -1.281488 0.216871
v 1.814861 -1.260356 0.216871
v 1.786374 -1.181979 0.216871
v 1.754074 -1.109219 0.216871
v 1.554978 -1.364381 0.216871
v 1.612322 -1.368936 0.216871
v 1.523257 -1.415256 0.216871
v 1.685479 -1.370788 0.216871
v 1.764263 -1.368497 0.216871
v 1.844095 -1.352686 0.216871
v 1.601861 -1.444130 0.216871
v 1.679747 -1.457225 0.216871
v 1.763347 -1.467512 0.216871
v 1.857894 -1.452761 0.216871
v -1.615923 1.280999 0.216871
v -1.542266 1.298121 0.216871
v -1.688930 1.260933 0.216871
v -1.471135 1.317653 0.216871
v -1.428888 1.391414 0.216871
v -1.407867 1.343643 0.216871
v -1.589838 1.213914 0.216871
v -1.519332 1.238846 0.216871
v -1.658245 1.188024 0.216871
v -1.449054 1.265624 0.216871
v -1.384248 1.297597 0.216871
v -1.559507 1.151019 0.216871
v -1.491458 1.181197 0.216871
v -1.625187 1.120717 0.216871
v -1.422735 1.212860 0.216871
v -1.357502 1.247400 0.216871
v -1.589745 1.056925 0.216871
v -1.525925 1.090879 0.216871
v -1.459953 1.124702 0.216871
v -1.392877 1.159977 0.216871
v -1.327978 1.198408 0.216871
v -1.551736 0.995984 0.216871
v -1.489778 1.032805 0.216871
v -1.425776 1.069497 0.216871
v -1.360497 1.107481 0.216871
v -1.296390 1.147228 0.216871
v -1.511948 0.937124 0.216871
v -1.451618 0.976419 0.216871
v -1.389527 1.015468 0.216871
v -1.326092 1.055638 0.216871
v -1.262934 1.097632 0.216871
v -1.470506 0.880008 0.216871
v -1.411647 0.921430 0.216871
v -1.351135 0.962479 0.216871
v -1.289648 1.004480 0.216871
v -1.229131 1.048533 0.216871
v -1.311152 0.910693 0.216871
v -1.251336 0.954434 0.216871
v -1.370211 0.867663 0.216871
v -1.191678 0.999438 0.216871
v -1.269848 0.860202 0.216871
v -1.211834 0.905359 0.216871
v -1.327392 0.815250 0.216871
v -1.154350 0.950506 0.216871
v -1.226984 0.810938 0.216871
v -1.170489 0.857793 0.216871
v -1.282958 0.764190 0.216871
v -1.114862 0.906370 0.216871
v -1.182559 0.762992 0.216871
v -1.127755 0.811581 0.216871
v -1.236904 0.714475 0.216871
v -1.073716 0.860950 0.216871
v -1.189384 0.666003 0.216871
v -1.136623 0.716404 0.216871
v -1.083364 0.766779 0.216871
v -1.031432 0.818858 0.216871
v -1.140515 0.618942 0.216871
v -1.089361 0.671280 0.216871
v -1.037657 0.723388 0.216871
v -0.986767 0.776567 0.216871
v -1.090164 0.573463 0.216871
v -1.040779 0.627609 0.216871
v -0.990614 0.681351 0.216871
v -0.942001 0.736652 0.216871
v -1.038354 0.529567 0.216871
v -0.990884 0.585405 0.216871
v -0.942345 0.640817 0.216871
v -0.894506 0.697459 0.216871
v -0.892930 0.601587 0.216871
v -0.847567 0.659657 0.216871
v -0.939660 0.544694 0.216871
v -0.842266 0.563883 0.216871
v -0.797740 0.623142 0.216871
v -0.887138 0.505522 0.216871
v -0.790462 0.527433 0.216871
v -0.748774 0.587616 0.216871
v -0.833380 0.467788 0.216871
v -0.737556 0.492565 0.216871
v -0.696643 0.553945 0.216871
v -0.778625 0.431550 0.216871
v -0.722912 0.396817 0.216871
v -0.683795 0.459021 0.216871
v -0.644678 0.520380 0.216871
v -0.666187 0.363683 0.216871
v -0.628978 0.427399 0.216871
v -0.592217 0.491284 0.216871
v -0.608420 0.332315 0.216871
v -0.573242 0.397329 0.216871
v -0.538155 0.461378 0.216871
v -0.549821 0.302611 0.216871
v -0.516313 0.369071 0.216871
v -0.483900 0.435849 0.216871
v -1.757909 1.232810 0.216871
v -1.724545 1.157316 0.216871
v -1.689023 1.088454 0.216871
v -1.651744 1.020017 0.216871
v -1.611864 0.957507 0.216871
v -1.427763 0.824182 0.216871
v -1.383590 0.769725 0.216871
v -1.337632 0.716635 0.216871
v -1.289710 0.665315 0.216871
v -0.985146 0.487277 0.216871
v -0.930651 0.446618 0.216871
v -0.875152 0.407491 0.216871
v -0.490484 0.274379 0.216871
v -0.458464 0.342195 0.216871
v -0.426973 0.409875 0.216871
v 0.165539 0.018841 0.216871
v 0.191446 0.089833 0.216871
v 0.216356 0.161210 0.216871
v 0.252060 -0.011190 0.216871
v 0.279075 0.059814 0.216871
v 0.305173 0.131317 0.216871
v 0.343349 0.036164 0.216871
v 0.371231 0.107654 0.216871
v 0.314873 -0.034547 0.216871
v 0.407611 0.010822 0.216871
v 0.437435 0.081683 0.216871
v 0.377590 -0.059152 0.216871
v 0.348507 -0.128817 0.216871
v 0.409466 -0.153958 0.216871
v 0.440026 -0.085277 0.216871
v 0.287087 -0.105020 0.216871
v 0.471554 -0.016386 0.216871
v 0.503357 0.053218 0.216871
v 0.501907 -0.113084 0.216871
v 0.534775 -0.045663 0.216871
v 0.469765 -0.180633 0.216871
v 0.568755 0.021484 0.216871
v 0.563167 -0.142329 0.216871
v 0.597151 -0.076367 0.216871
v 0.529488 -0.208699 0.216871
v 0.631352 -0.010657 0.216871
v 0.496668 -0.275511 0.216871
v 0.554295 -0.303960 0.216871
v 0.588722 -0.238110 0.216871
v 0.438551 -0.248271 0.216871
v 0.623835 -0.172828 0.216871
v 0.658865 -0.107925 0.216871
v 0.693559 -0.043080 0.216871
v 0.611281 -0.333656 0.216871
v 0.647449 -0.268949 0.216871
v 0.684048 -0.204621 0.216871
v 0.720242 -0.140404 0.216871
v 0.755847 -0.075929 0.216871
v 0.705490 -0.301178 0.216871
v 0.743791 -0.237660 0.216871
v 0.667443 -0.364843 0.216871
v 0.781379 -0.173955 0.216871
v 0.817655 -0.109643 0.216871
v 0.630690 -0.429117 0.216871
v 0.683316 -0.460207 0.216871
v 0.722442 -0.397421 0.216871
v 0.575758 -0.398391 0.216871
v 0.762491 -0.334816 0.216871
v 0.802787 -0.272079 0.216871
v 0.842259 -0.208790 0.216871
v 0.880088 -0.144464 0.216871
v 0.736024 -0.493033 0.216871
v 0.776274 -0.431440 0.216871
v 0.818158 -0.369957 0.216871
v 0.860495 -0.308043 0.216871
v 0.902624 -0.245269 0.216871
v 0.942670 -0.180150 0.216871
v 0.828918 -0.467134 0.216871
v 0.872469 -0.406652 0.216871
v 0.785680 -0.527854 0.216871
v 0.916462 -0.345926 0.216871
v 0.960939 -0.284757 0.216871
v 1.006878 -0.223986 0.216871
v 0.880823 -0.504230 0.216871
v 0.925938 -0.445058 0.216871
v 0.836742 -0.563700 0.216871
v 0.971349 -0.385883 0.216871
v 1.017060 -0.326759 0.216871
v 1.063496 -0.268481 0.216871
v 0.931982 -0.542980 0.216871
v 0.978760 -0.485127 0.216871
v 0.885293 -0.601039 0.216871
v 1.025620 -0.427376 0.216871
v 1.072389 -0.369657 0.216871
v 1.118608 -0.311643 0.216871
v 0.982059 -0.582906 0.216871
v 1.030509 -0.526579 0.216871
v 0.934012 -0.639829 0.216871
v 1.078970 -0.470147 0.216871
v 1.127143 -0.413396 0.216871
v 1.174338 -0.355775 0.216871
v 1.131011 -0.514180 0.216871
v 1.181064 -0.458284 0.216871
v 1.231943 -0.401531 0.216871
v 1.181646 -0.559700 0.216871
v 1.233550 -0.505249 0.216871
v 1.285065 -0.450176 0.216871
v 1.230885 -0.606898 0.216871
v 1.284752 -0.554032 0.216871
v 1.339619 -0.500883 0.216871
v 1.278535 -0.655771 0.216871
v 1.334139 -0.604909 0.216871
v 1.389488 -0.553754 0.216871
v 1.381804 -0.657550 0.216871
v 1.439990 -0.608997 0.216871
v 1.427325 -0.712083 0.216871
v 1.485897 -0.665656 0.216871
v 1.470804 -0.768126 0.216871
v 1.531552 -0.724872 0.216871
v 1.512040 -0.825872 0.216871
v 1.573121 -0.784969 0.216871
v 1.612675 -0.848276 0.216871
v 1.650392 -0.911965 0.216871
v 1.685148 -0.975751 0.216871
v 1.719413 -1.041017 0.216871
v -1.570425 0.895817 0.216871
v -1.528187 0.837630 0.216871
v -1.484430 0.780252 0.216871
v -1.438947 0.723416 0.216871
v -1.392315 0.668536 0.216871
v -1.340904 0.615669 0.216871
v -1.240954 0.615001 0.216871
v -1.293995 0.565242 0.216871
v -1.190576 0.565958 0.216871
v -1.240415 0.513366 0.216871
v -1.138371 0.518621 0.216871
v -1.185989 0.462960 0.216871
v -1.084623 0.473289 0.216871
v -1.130645 0.417316 0.216871
v -1.029707 0.429591 0.216871
v -1.073928 0.371684 0.216871
v -0.973647 0.387663 0.216871
v -1.016816 0.329005 0.216871
v -0.916766 0.347227 0.216871
v -0.958516 0.287008 0.216871
v -0.858993 0.308230 0.216871
v -0.818734 0.369891 0.216871
v -0.900097 0.246693 0.216871
v -0.800118 0.270794 0.216871
v -0.761347 0.333829 0.216871
v -0.839217 0.207627 0.216871
v -0.740171 0.234874 0.216871
v -0.702906 0.299348 0.216871
v -0.778525 0.170121 0.216871
v -0.679216 0.200874 0.216871
v -0.643522 0.266630 0.216871
v -0.714893 0.134662 0.216871
v -0.617645 0.168675 0.216871
v -0.583447 0.235727 0.216871
v -0.652421 0.101320 0.216871
v -0.555549 0.138368 0.216871
v -0.522814 0.206421 0.216871
v -0.587858 0.070121 0.216871
v -0.493064 0.109517 0.216871
v -0.461677 0.178437 0.216871
v -0.524507 0.040460 0.216871
v -0.430429 0.247288 0.216871
v -0.399518 0.316226 0.216871
v -0.369494 0.385500 0.216871
v -0.430291 0.082166 0.216871
v -0.400191 0.151613 0.216871
v -0.459694 0.012651 0.216871
v -0.369926 0.221148 0.216871
v -0.339864 0.290954 0.216871
v -0.310198 0.361065 0.216871
v -0.367324 0.055931 0.216871
v -0.338362 0.125812 0.216871
v -0.396009 -0.014038 0.216871
v -0.309073 0.195791 0.216871
v -0.279805 0.266009 0.216871
v -0.250442 0.336258 0.216871
v -0.304223 0.030797 0.216871
v -0.276230 0.100913 0.216871
v -0.331524 -0.039409 0.216871
v -0.247837 0.171081 0.216871
v -0.219331 0.241356 0.216871
v -0.190604 0.311536 0.216871
v -0.239421 0.007607 0.216871
v -0.215203 0.078949 0.216871
v -0.263331 -0.063902 0.216871
v -0.190598 0.150228 0.216871
v -0.165781 0.221483 0.216871
v -0.140528 0.292493 0.216871
v 0.113423 -0.123294 0.216871
v 0.139508 -0.052153 0.216871
v 0.087668 -0.194786 0.216871
v 0.198792 -0.153103 0.216871
v 0.225311 -0.082099 0.216871
v 0.173046 -0.224524 0.216871
v 0.259904 -0.175463 0.216871
v 0.234029 -0.246229 0.216871
v 0.320288 -0.198399 0.216871
v 0.293245 -0.268131 0.216871
v 0.379851 -0.222555 0.216871
v 0.350830 -0.290847 0.216871
v 0.407577 -0.315200 0.216871
v 0.464519 -0.342398 0.216871
v 0.520544 -0.370129 0.216871
vn 0.000000 0.000002 1.000000
vn -0.000001 0.000002 1.000000
vn -0.000001 -0.000000 1.000000
vn -0.000000 0.000000 1.000000
vn 0.000001 0.000004 1.000000
vn -0.000001 0.000003 1.000000
vn 0.000000 0.000003 1.000000
vn 0.000001 0.000005 1.000000
vn -0.000000 0.000000 1.000000
vn 0.000001 0.000000 1.000000
vn 0.000001 0.000003 1.000000
vn 0.000002 0.000005 1.000000
vn -0.000003 0.000002 1.000000
vn -0.000001 -0.000000 1.000000
vn -0.000003 0.000002 1.000000
vn -0.000001 -0.000002 1.000000
vn -0.000001 -0.000002 1.000000
vn 0.000001 0.000000 1.000000
vn 0.000000 0.000000 1.000000
vn -0.000003 -0.000004 1.000000
vn -0.000003 -0.000004 1.000000
vn -0.000001 -0.000002 1.000000
vn -0.000002 -0.000004 1.000000
vn -0.000000 0.000000 1.000000
vn -0.000001 -0.000002 1.000000
vn 0.000000 0.000000 1.000000
vn -0.000002 -0.000003 1.000000
vn -0.000002 -0.000002 1.000000
vn 0.000000 0.000000 1.000000
vn -0.000003 -0.000003 1.000000
vn -0.000002 -0.000002 1.000000
vn 0.000000 0.000000 1.000000
vn -0.000004 -0.000003 1.000000
vn -0.000001 -0.000003 1.000000
vn 0.000000 -0.000001 1.000000
vn -0.000003 -0.000004 1.000000
vn -0.000000 0.000000 1.000000
vn 0.000000 0.000000 1.000000
vn 0.000000 0.000000 1.000000
vn -0.000002 -0.000001 1.000000
vn -0.000001 -0.000001 1.000000
vn -0.000002 -0.000001 1.000000
vn -0.000000 0.000000 1.000000
vn -0.000003 -0.000000 1.000000
vn -0.000001 0.000000 1.000000
vn -0.000003 -0.000001 1.000000
vn -0.000000 0.000000 1.000000
vn -0.000002 -0.000000 1.000000
vn -0.000000 0.000000 1.000000
vn -0.000003 -0.000001 1.000000
vn -0.000000 0.000000 1.000000
vn -0.000000 -0.000001 1.000000
vn 0.000000 -0.000001 1.000000
vn -0.000001 -0.000001 1.000000
vn -0.000000 -0.000001 1.000000
vn 0.000002 0.000001 1.000000
vn 0.000002 0.000001 1.000000
vn 0.000002 0.000001 1.000000
vn 0.000000 -0.000001 1.000000
vn 0.000000 -0.000000 1.000000
vn -0.000002 -0.000003 1.000000
vn -0.000001 -0.000001 1.000000
vn 0.000003 0.000001 1.000000
vn -0.000001 0.000000 1.000000
vn -0.000000 0.000001 1.000000
vn -0.000004 -0.000002 1.000000
vn -0.000000 0.000000 1.000000
vn 0.000003 0.000001 1.000000
vn -0.000002 -0.000001 1.000000
vn 0.000000 0.000000 1.000000
vn -0.000005 -0.000002 1.000000
vn 0.000000 0.000000 1.000000
vn 0.000002 0.000001 1.000000
vn -0.000003 -0.000001 1.000000
vn -0.000000 0.000000 1.000000
vn -0.000005 -0.000003 1.000000
vn 0.000000 0.000000 1.000000
vn 0.000001 0.000000 1.000000
vn 0.000002 0.000001 1.000000
vn 0.000004 0.000003 1.000000
vn 0.000005 0.000002 1.000000
vn -0.000002 -0.000003 1.000000
vn -0.000001 -0.000002 1.000000
vn -0.000003 -0.000005 1.000000
vn 0.000000 -0.000001 1.000000
vn 0.000002 -0.000001 1.000000
vn 0.000002 -0.000002 1.000000
vn -0.000002 -0.000003 1.000000
vn 0.000000 -0.000002 1.000000
vn 0.000003 -0.000002 1.000000
vn 0.000003 -0.000002 1.000000
vn -0.000000 0.000000 1.000000
vn -0.000000 0.000000 1.000000
vn -0.000001 -0.000001 1.000000
vn 0.000002 0.000000 1.000000
vn 0.000002 0.000001 1.000000
vn 0.000004 0.000000 1.000000
vn -0.000000 0.000000 1.000000
vn -0.000000 0.000000 1.000000
vn -0.000002 -0.000001 1.000000
vn 0.000002 0.000001 1.000000
vn 0.000004 0.000002 1.000000
vn -0.000000 0.000000 1.000000
vn -0.000000 0.000000 1.000000
vn -0.000003 -0.000001 1.000000
vn 0.000002 0.000001 1.000000
vn 0.000004 0.000002 1.000000
vn -0.000002 -0.000001 1.000000
vn 0.000000 0.000000 1.000000
vn 0.000000 0.000000 1.000000
vn 0.000002 0.000001 1.000000
vn 0.000005 0.000003 1.000000
vn -0.000001 -0.000001 1.000000
vn 0.000000 0.000000 1.000000
vn 0.000000 0.000000 1.000000
vn 0.000001 0.000002 1.000000
vn 0.000002 0.000003 1.000000
vn -0.000001 -0.000001 1.000000
vn -0.000000 0.000000 1.000000
vn 0.000000 0.000000 1.000000
vn 0.000001 0.000001 1.000000
vn 0.000002 0.000001 1.000000
vn -0.000001 -0.000002 1.000000
vn -0.000000 0.000000 1.000000
vn 0.000000 0.000000 1.000000
vn 0.000002 0.000000 1.000000
vn 0.000004 0.000001 1.000000
vn 0.000000 0.000000 1.000000
vn 0.000002 0.000002 1.000000
vn 0.000000 0.000000 1.000000
vn 0.000004 0.000003 1.000000
vn -0.000000 0.000000 1.000000
vn 0.000002 0.000002 1.000000
vn -0.000000 0.000000 1.000000
vn 0.000005 0.000003 1.000000
vn -0.000000 0.000000 1.000000
vn 0.000002 0.000002 1.000000
vn -0.000000 0.000000 1.000000
vn 0.000004 0.000003 1.000000
vn 0.000000 0.000000 1.000000
vn 0.000001 0.000002 1.000000
vn 0.000001 0.000000 1.000000
vn 0.000003 0.000004 1.000000
vn 0.000001 0.000000 1.000000
vn 0.000000 0.000000 1.000000
vn 0.000002 0.000002 1.000000
vn 0.000004 0.000004 1.000000
vn 0.000000 0.000000 1.000000
vn 0.000000 0.000000 1.000000
vn 0.000002 0.000002 1.000000
vn 0.000004 0.000004 1.000000
vn 0.000000 0.000000 1.000000
vn -0.000000 0.000000 1.000000
vn 0.000002 0.000002 1.000000
vn 0.000004 0.000004 1.000000
vn 0.000000 -0.000001 1.000000
vn 0.000000 0.000000 1.000000
vn 0.000002 0.000002 1.000000
vn 0.000004 0.000004 1.000000
vn 0.000001 0.000002 1.000000
vn 0.000003 0.000004 1.000000
vn 0.000000 0.000000 1.000000
vn 0.000001 0.000002 1.000000
vn 0.000003 0.000004 1.000000
vn 0.000000 0.000000 1.000000
vn 0.000001 0.000002 1.000000
vn 0.000003 0.000004 1.000000
vn -0.000000 0.000000 1.000000
vn 0.000001 0.000002 1.000000
vn 0.000003 0.000004 1.000000
vn -0.000001 0.000000 1.000000
vn -0.000000 0.000000 1.000000
vn 0.000001 0.000002 1.000000
vn 0.000003 0.000004 1.000000
vn 0.000000 0.000000 1.000000
vn 0.000001 0.000002 1.000000
vn 0.000003 0.000004 1.000000
vn 0.000001 -0.000001 1.000000
vn 0.000001 0.000002 1.000000
vn 0.000003 0.000005 1.000000
vn -0.000000 -0.000001 1.000000
vn 0.000001 0.000002 1.000000
vn 0.000002 0.000005 1.000000
vn -0.000003 -0.000002 1.000000
vn -0.000005 -0.000002 1.000000
vn -0.000005 -0.000002 1.000000
vn -0.000005 -0.000003 1.000000
vn -0.000003 -0.000001 1.000000
vn -0.000002 -0.000002 1.000000
vn -0.000002 -0.000002 1.000000
vn -0.000002 -0.000002 1.000000
vn -0.000001 -0.000002 1.000000
vn -0.000000 -0.000001 1.000000
vn -0.000000 -0.000000 1.000000
vn 0.000000 0.000000 1.000000
vn -0.000001 -0.000000 1.000000
vn 0.000001 0.000002 1.000000
vn 0.000001 0.000005 1.000000
vn 0.000002 0.000001 1.000000
vn 0.000000 0.000000 1.000000
vn 0.000000 0.000000 1.000000
vn 0.000001 0.000001 1.000000
vn 0.000002 0.000003 1.000000
vn 0.000002 0.000002 1.000000
vn -0.000000 0.000002 1.000000
vn -0.000000 0.000004 1.000000
vn -0.000000 0.000000 1.000000
vn 0.000000 0.000001 1.000000
vn 0.000001 0.000002 1.000000
vn -0.000000 0.000000 1.000000
vn 0.000000 -0.000001 1.000000
vn -0.000000 -0.000000 1.000000
vn -0.000000 0.000000 1.000000
vn 0.000001 -0.000001 1.000000
vn 0.000001 0.000001 1.000000
vn 0.000003 0.000003 1.000000
vn -0.000000 0.000000 1.000000
vn 0.000001 0.000002 1.000000
vn 0.000000 0.000000 1.000000
vn 0.000003 0.000004 1.000000
vn -0.000000 0.000000 1.000000
vn 0.000000 0.000002 1.000000
vn 0.000000 0.000000 1.000000
vn 0.000001 0.000004 1.000000
vn -0.000001 -0.000002 1.000000
vn -0.000001 -0.000002 1.000000
vn 0.000000 0.000000 1.000000
vn -0.000001 -0.000002 1.000000
vn 0.000001 0.000000 1.000000
vn 0.000001 0.000000 1.000000
vn 0.000001 0.000000 1.000000
vn -0.000001 -0.000002 1.000000
vn 0.000000 0.000000 1.000000
vn 0.000001 0.000001 1.000000
vn 0.000001 0.000001 1.000000
vn 0.000001 0.000001 1.000000
vn -0.000000 0.000000 1.000000
vn -0.000000 0.000001 1.000000
vn -0.000001 -0.000002 1.000000
vn 0.000000 0.000003 1.000000
vn 0.000001 0.000004 1.000000
vn -0.000002 -0.000004 1.000000
vn -0.000002 -0.000004 1.000000
vn -0.000001 -0.000002 1.000000
vn -0.000003 -0.000004 1.000000
vn 0.000000 0.000000 1.000000
vn 0.000000 0.000000 1.000000
vn 0.000001 0.000002 1.000000
vn 0.000002 0.000004 1.000000
vn -0.000002 -0.000004 1.000000
vn -0.000001 -0.000002 1.000000
vn 0.000000 0.000000 1.000000
vn 0.000000 0.000000 1.000000
vn 0.000001 0.000002 1.000000
vn 0.000002 0.000004 1.000000
vn -0.000001 -0.000002 1.000000
vn 0.000000 0.000000 1.000000
vn -0.000003 -0.000004 1.000000
vn 0.000000 0.000000 1.000000
vn 0.000000 0.000002 1.000000
vn 0.000001 0.000004 1.000000
vn -0.000002 -0.000002 1.000000
vn 0.000000 0.000000 1.000000
vn -0.000004 -0.000004 1.000000
vn -0.000000 0.000000 1.000000
vn 0.000000 0.000001 1.000000
vn 0.000001 0.000002 1.000000
vn -0.000002 -0.000002 1.000000
vn -0.000000 0.000000 1.000000
vn -0.000003 -0.000004 1.000000
vn -0.000001 0.000000 1.000000
vn 0.000001 0.000001 1.000000
vn 0.000003 0.000002 1.000000
vn -0.000001 -0.000002 1.000000
vn 0.000000 0.000000 1.000000
vn -0.000003 -0.000004 1.000000
vn 0.000000 0.000000 1.000000
vn 0.000001 0.000002 1.000000
vn 0.000002 0.000004 1.000000
vn 0.000000 0.000000 1.000000
vn 0.000002 0.000002 1.000000
vn 0.000003 0.000004 1.000000
vn 0.000000 0.000000 1.000000
vn 0.000002 0.000002 1.000000
vn 0.000003 0.000004 1.000000
vn 0.000000 0.000000 1.000000
vn 0.000002 0.000002 1.000000
vn 0.000003 0.000004 1.000000
vn -0.000000 0.000000 1.000000
vn 0.000002 0.000002 1.000000
vn 0.000004 0.000003 1.000000
vn 0.000002 0.000002 1.000000
vn 0.000004 0.000003 1.000000
vn 0.000002 0.000002 1.000000
vn 0.000004 0.000003 1.000000
vn 0.000002 0.000002 1.000000
vn 0.000005 0.000003 1.000000
vn 0.000002 0.000001 1.000000
vn 0.000005 0.000003 1.000000
vn 0.000005 0.000003 1.000000
vn 0.000004 0.000003 1.000000
vn 0.000004 0.000003 1.000000
vn 0.000005 0.000002 1.000000
vn -0.000001 -0.000001 1.000000
vn -0.000002 -0.000003 1.000000
vn -0.000003 -0.000003 1.000000
vn -0.000005 -0.000003 1.000000
vn -0.000003 -0.000003 1.000000
vn -0.000003 -0.000004 1.000000
vn -0.000001 -0.000002 1.000000
vn -0.000003 -0.000004 1.000000
vn -0.000001 -0.000002 1.000000
vn -0.000003 -0.000004 1.000000
vn -0.000001 -0.000002 1.000000
vn -0.000003 -0.000004 1.000000
vn -0.000000 -0.000003 1.000000
vn -0.000001 -0.000004 1.000000
vn -0.000002 -0.000002 1.000000
vn -0.000002 -0.000002 1.000000
vn -0.000003 -0.000001 1.000000
vn -0.000004 -0.000002 1.000000
vn -0.000002 -0.000001 1.000000
vn -0.000004 -0.000002 1.000000
vn 0.000001 -0.000002 1.000000
vn 0.000001 -0.000001 1.000000
vn 0.000001 -0.000002 1.000000
vn -0.000000 -0.000002 1.000000
vn -0.000001 -0.000001 1.000000
vn 0.000001 -0.000002 1.000000
vn -0.000003 -0.000001 1.000000
vn -0.000001 -0.000000 1.000000
vn -0.000003 -0.000001 1.000000
vn 0.000000 -0.000001 1.000000
vn 0.000002 -0.000001 1.000000
vn -0.000001 -0.000002 1.000000
vn -0.000000 -0.000001 1.000000
vn 0.000000 0.000000 1.000000
vn -0.000001 -0.000004 1.000000
vn -0.000001 -0.000001 1.000000
vn -0.000001 0.000001 1.000000
vn -0.000002 -0.000004 1.000000
vn -0.000001 -0.000002 1.000000
vn 0.000000 0.000000 1.000000
vn -0.000001 -0.000005 1.000000
vn 0.000000 0.000000 1.000000
vn 0.000001 0.000002 1.000000
vn 0.000002 0.000005 1.000000
vn -0.000001 -0.000002 1.000000
vn 0.000000 0.000000 1.000000
vn -0.000002 -0.000005 1.000000
vn 0.000000 0.000000 1.000000
vn 0.000001 0.000002 1.000000
vn 0.000002 0.000005 1.000000
vn -0.000001 -0.000002 1.000000
vn 0.000000 0.000000 1.000000
vn -0.000002 -0.000005 1.000000
vn 0.000000 0.000000 1.000000
vn 0.000001 0.000002 1.000000
vn 0.000002 0.000005 1.000000
vn -0.000001 -0.000002 1.000000
vn -0.000001 0.000000 1.000000
vn -0.000001 -0.000005 1.000000
vn -0.000000 0.000000 1.000000
vn 0.000001 0.000002 1.000000
vn 0.000003 0.000005 1.000000
vn -0.000001 -0.000002 1.000000
vn -0.000001 0.000000 1.000000
vn -0.000000 -0.000005 1.000000
vn -0.000001 0.000000 1.000000
vn 0.000001 0.000002 1.000000
vn 0.000003 0.000005 1.000000
vn 0.000000 -0.000002 1.000000
vn -0.000000 -0.000002 1.000000
vn -0.000000 0.000000 1.000000
vn -0.000000 0.000000 1.000000
vn 0.000001 -0.000003 1.000000
vn -0.000000 -0.000004 1.000000
vn 0.000001 -0.000003 1.000000
vn -0.000000 -0.000004 1.000000
vn -0.000001 -0.000002 1.000000
vn -0.000001 -0.000002 1.000000
vn -0.000002 -0.000002 1.000000
vn -0.000003 -0.000003 1.000000
vn -0.000002 -0.000005 1.000000
vn -0.000002 -0.000005 1.000000
vn -0.000002 -0.000005 1.000000
vn -0.000000 0.000000 -1.000000
vn -0.000000 0.000000 -1.000000
vn -0.000000 0.000000 -1.000000
vn 0.000000 0.000000 -1.000000
vn 0.000000 0.000000 -1.000000
vn -0.000000 0.000000 -1.000000
vn -0.000000 0.000000 -1.000000
vn -0.000000 0.000000 -1.000000
vn -0.000000 0.000000 -1.000000
vn -0.000000 0.000000 -1.000000
vn 0.000000 0.000000 -1.000000
vn -0.000000 0.000000 -1.000000
vn 0.000000 0.000000 -1.000000
vn 0.000000 0.000000 -1.000000
vn 0.000001 0.000000 -1.000000
vn 0.000001 0.000000 -1.000000
vn -0.000000 0.000000 -1.000000
vn -0.000000 0.000000 -1.000000
vn -0.000000 -0.000000 -1.000000
vn 0.000000 -0.000000 -1.000000
vn 0.000001 0.000001 -1.000000
vn 0.000001 0.000002 -1.000000
vn 0.000000 0.000001 -1.000000
vn 0.000000 0.000000 -1.000000
vn 0.000000 0.000000 -1.000000
vn -0.000000 0.000000 -1.000000
vn -0.000000 0.000000 -1.000000
vn -0.000000 0.000000 -1.000000
vn -0.000000 0.000000 -1.000000
vn -0.000001 0.000000 -1.000000
vn -0.000000 0.000000 -1.000000
vn -0.000000 0.000000 -1.000000
vn -0.000000 0.000000 -1.000000
vn 0.000000 0.000000 -1.000000
vn -0.000000 0.000000 -1.000000
vn -0.000001 0.000000 -1.000000
vn -0.000000 0.000000 -1.000000
vn 0.000000 0.000000 -1.000000
vn -0.000000 0.000000 -1.000000
vn 0.000001 0.000000 -1.000000
vn -0.000000 0.000000 -1.000000
vn -0.000002 -0.000001 -1.000000
vn 0.000000 0.000000 -1.000000
vn 0.000000 -0.000000 -1.000000
vn 0.000000 -0.000000 -1.000000
vn -0.000001 -0.000001 -1.000000
vn -0.000000 0.000000 -1.000000
vn -0.000000 0.000000 -1.000000
vn -0.000000 0.000000 -1.000000
vn 0.000000 0.000000 -1.000000
vn -0.000000 0.000000 -1.000000
vn -0.000000 0.000001 -1.000000
vn -0.000000 0.000000 -1.000000
vn 0.000001 0.000000 -1.000000
vn 0.000000 0.000000 -1.000000
vn -0.000000 0.000000 -1.000000
vn 0.000000 0.000000 -1.000000
vn -0.000000 0.000000 -1.000000
vn 0.000000 0.000000 -1.000000
vn -0.000001 -0.000000 -1.000000
vn 0.000000 0.000000 -1.000000
vn 0.000001 0.000000 -1.000000
vn 0.000000 0.000000 -1.000000
vn 0.000000 -0.000001 -1.000000
vn -0.000000 -0.000000 -1.000000
vn 0.000000 0.000001 -1.000000
vn 0.000000 -0.000000 -1.000000
vn 0.000000 0.000000 -1.000000
vn 0.000000 0.000000 -1.000000
vn 0.000000 0.000000 -1.000000
vn 0.000000 0.000000 -1.000000
vn 0.000000 0.000000 -1.000000
vn 0.000000 0.000000 -1.000000
vn -0.000000 0.000000 -1.000000
vn 0.000000 -0.000000 -1.000000
vn 0.000001 -0.000000 -1.000000
vn 0.000000 0.000000 -1.000000
vn -0.000000 0.000000 -1.000000
vn 0.000000 0.000000 -1.000000
vn 0.000000 0.000000 -1.000000
vn 0.000000 0.000000 -1.000000
vn -0.000000 0.000000 -1.000000
vn -0.000000 0.000000 -1.000000
vn 0.000000 0.000000 -1.000000
vn -0.000000 0.000000 -1.000000
vn 0.000000 0.000000 -1.000000
vn 0.000000 0.000000 -1.000000
vn -0.000000 0.000000 -1.000000
vn -0.000000 0.000000 -1.000000
vn 0.000000 0.000000 -1.000000
vn 0.000001 0.000000 -1.000000
vn -0.000000 0.000000 -1.000000
vn -0.000000 0.000000 -1.000000
vn -0.000000 0.000000 -1.000000
vn 0.000000 0.000000 -1.000000
vn 0.000000 0.000000 -1.000000
vn 0.000001 0.000000 -1.000000
vn -0.000000 0.000000 -1.000000
vn 0.000000 0.000000 -1.000000
vn 0.000000 0.000000 -1.000000
vn 0.000000 0.000000 -1.000000
vn 0.000000 0.000000 -1.000000
vn 0.000000 0.000000 -1.000000
vn 0.000000 0.000000 -1.000000
vn 0.000000 0.000000 -1.000000
vn -0.000000 0.000000 -1.000000
vn -0.000000 0.000000 -1.000000
vn -0.000000 0.000000 -1.000000
vn -0.000000 0.000000 -1.000000
vn 0.000000 0.000000 -1.000000
vn -0.000000 0.000000 -1.000000
vn -0.000000 0.000000 -1.000000
vn -0.000000 0.000000 -1.000000
vn -0.000000 0.000000 -1.000000
vn 0.000000 0.000000 -1.000000
vn 0.000000 0.000000 -1.000000
vn 0.000000 0.000000 -1.000000
vn -0.000000 0.000000 -1.000000
vn -0.000000 0.000000 -1.000000
vn 0.000000 0.000000 -1.000000
vn -0.000000 0.000000 -1.000000
vn -0.000000 0.000000 -1.000000
vn 0.000000 0.000000 -1.000000
vn 0.000000 0.000000 -1.000000
vn 0.000000 0.000000 -1.000000
vn 0.000000 0.000000 -1.000000
vn -0.000000 0.000000 -1.000000
vn 0.000000 0.000000 -1.000000
vn 0.000000 0.000000 -1.000000
vn 0.000000 0.000000 -1.000000
vn 0.000000 0.000000 -1.000000
vn 0.000000 0.000000 -1.000000
vn 0.000000 0.000000 -1.000000
vn 0.000000 0.000000 -1.000000
vn 0.000000 0.000000 -1.000000
vn -0.000000 0.000000 -1.000000
vn 0.000000 0.000000 -1.000000
vn 0.000000 0.000000 -1.000000
vn 0.000000 0.000000 -1.000000
vn -0.000000 0.000000 -1.000000
vn -0.000000 0.000000 -1.000000
vn 0.000000 0.000000 -1.000000
vn 0.000000 0.000000 -1.000000
vn 0.000000 0.000000 -1.000000
vn 0.000000 0.000000 -1.000000
vn -0.000000 0.000000 -1.000000
vn -0.000000 0.000000 -1.000000
vn 0.000000 0.000000 -1.000000
vn 0.000000 0.000000 -1.000000
vn 0.000000 0.000000 -1.000000
vn 0.000000 0.000000 -1.000000
vn -0.000000 0.000000 -1.000000
vn -0.000000 0.000000 -1.000000
vn 0.000000 0.000000 -1.000000
vn 0.000000 0.000000 -1.000000
vn 0.000000 0.000000 -1.000000
vn -0.000000 0.000000 -1.000000
vn -0.000000 0.000000 -1.000000
vn -0.000000 0.000000 -1.000000
vn -0.000000 0.000000 -1.000000
vn -0.000000 0.000000 -1.000000
vn 0.000000 0.000000 -1.000000
vn -0.000000 0.000000 -1.000000
vn -0.000000 0.000000 -1.000000
vn 0.000000 0.000000 -1.000000
vn -0.000000 0.000000 -1.000000
vn 0.000000 0.000000 -1.000000
vn 0.000000 0.000000 -1.000000
vn -0.000000 0.000000 -1.000000
vn 0.000000 0.000000 -1.000000
vn -0.000000 0.000000 -1.000000
vn -0.000000 0.000000 -1.000000
vn -0.000000 0.000000 -1.000000
vn -0.000000 0.000000 -1.000000
vn -0.000000 0.000000 -1.000000
vn 0.000000 0.000000 -1.000000
vn -0.000000 0.000000 -1.000000
vn -0.000000 0.000000 -1.000000
vn -0.000000 0.000000 -1.000000
vn 0.000000 0.000000 -1.000000
vn -0.000000 0.000000 -1.000000
vn -0.000000 0.000000 -1.000000
vn 0.000000 0.000000 -1.000000
vn 0.000000 0.000000 -1.000000
vn -0.000000 0.000000 -1.000000
vn 0.000000 0.000000 -1.000000
vn -0.000000 0.000000 -1.000000
vn -0.000000 0.000000 -1.000000
vn 0.000000 0.000000 -1.000000
vn 0.000001 0.000000 -1.000000
vn 0.000000 -0.000000 -1.000000
vn 0.000000 0.000000 -1.000000
vn 0.000000 0.000000 -1.000000
vn 0.000000 0.000000 -1.000000
vn 0.000000 0.000000 -1.000000
vn 0.000000 0.000000 -1.000000
vn 0.000000 0.000000 -1.000000
vn 0.000000 0.000000 -1.000000
vn 0.000000 0.000000 -1.000000
vn 0.000000 0.000000 -1.000000
vn 0.000000 0.000000 -1.000000
vn -0.000000 0.000000 -1.000000
vn -0.000000 0.000000 -1.000000
vn 0.000000 0.000000 -1.000000
vn 0.000000 0.000000 -1.000000
vn -0.000000 0.000000 -1.000000
vn -0.000000 0.000000 -1.000000
vn 0.000000 0.000000 -1.000000
vn -0.000000 0.000000 -1.000000
vn -0.000000 0.000000 -1.000000
vn 0.000000 0.000000 -1.000000
vn 0.000001 0.000000 -1.000000
vn 0.000000 0.000000 -1.000000
vn -0.000000 0.000000 -1.000000
vn 0.000000 0.000000 -1.000000
vn 0.000000 0.000000 -1.000000
vn -0.000000 0.000000 -1.000000
vn -0.000000 0.000000 -1.000000
vn -0.000000 0.000000 -1.000000
vn 0.000000 0.000000 -1.000000
vn -0.000000 0.000000 -1.000000
vn -0.000000 0.000000 -1.000000
vn -0.000000 0.000000 -1.000000
vn 0.000000 0.000000 -1.000000
vn -0.000000 0.000000 -1.000000
vn 0.000000 0.000000 -1.000000
vn -0.000000 0.000000 -1.000000
vn -0.000000 0.000000 -1.000000
vn -0.000001 -0.000000 -1.000000
vn -0.000000 0.000000 -1.000000
vn 0.000000 0.000001 -1.000000
vn -0.000000 0.000000 -1.000000
vn 0.000000 0.000000 -1.000000
vn -0.000000 -0.000000 -1.000000
vn 0.000000 0.000000 -1.000000
vn 0.000001 0.000001 -1.000000
vn 0.000000 -0.000000 -1.000000
vn 0.000000 0.000000 -1.000000
vn 0.000000 0.000000 -1.000000
vn 0.000000 -0.000000 -1.000000
vn 0.000001 0.000000 -1.000000
vn 0.000000 0.000000 -1.000000
vn 0.000001 0.000000 -1.000000
vn 0.000000 0.000000 -1.000000
vn 0.000001 0.000000 -1.000000
vn -0.000000 0.000000 -1.000000
vn 0.000000 0.000000 -1.000000
vn 0.000000 0.000000 -1.000000
vn 0.000000 0.000000 -1.000000
vn -0.000000 0.000000 -1.000000
vn -0.000000 0.000001 -1.000000
vn 0.000000 0.000000 -1.000000
vn 0.000000 0.000000 -1.000000
vn -0.000000 0.000000 -1.000000
vn -0.000000 0.000000 -1.000000
vn 0.000000 0.000000 -1.000000
vn 0.000000 0.000000 -1.000000
vn 0.000001 0.000001 -1.000000
vn 0.000000 0.000000 -1.000000
vn -0.000000 0.000000 -1.000000
vn 0.000000 0.000000 -1.000000
vn -0.000000 0.000000 -1.000000
vn 0.000001 0.000000 -1.000000
vn 0.000001 0.000000 -1.000000
vn -0.000000 0.000000 -1.000000
vn 0.000000 0.000000 -1.000000
vn 0.000000 0.000000 -1.000000
vn -0.000000 0.000000 -1.000000
vn 0.000000 0.000000 -1.000000
vn 0.000000 0.000000 -1.000000
vn 0.000000 0.000000 -1.000000
vn -0.000000 0.000000 -1.000000
vn -0.000000 0.000000 -1.000000
vn 0.000000 0.000000 -1.000000
vn -0.000000 0.000000 -1.000000
vn 0.000000 0.000001 -1.000000
vn 0.000000 0.000000 -1.000000
vn 0.000000 0.000000 -1.000000
vn 0.000000 0.000000 -1.000000
vn 0.000000 0.000000 -1.000000
vn 0.000000 0.000000 -1.000000
vn -0.000000 0.000000 -1.000000
vn -0.000000 0.000000 -1.000000
vn -0.000000 0.000000 -1.000000
vn -0.000000 0.000000 -1.000000
vn -0.000000 0.000000 -1.000000
vn -0.000000 0.000000 -1.000000
vn 0.000000 0.000000 -1.000000
vn 0.000000 0.000000 -1.000000
vn 0.000000 0.000000 -1.000000
vn 0.000000 0.000000 -1.000000
vn 0.000000 0.000000 -1.000000
vn 0.000000 0.000000 -1.000000
vn -0.000000 0.000000 -1.000000
vn 0.000000 0.000000 -1.000000
vn 0.000000 0.000000 -1.000000
vn 0.000000 0.000000 -1.000000
vn 0.000000 0.000000 -1.000000
vn 0.000000 0.000000 -1.000000
vn -0.000000 0.000000 -1.000000
vn -0.000001 0.000000 -1.000000
vn 0.000000 0.000000 -1.000000
vn 0.000000 0.000000 -1.000000
vn 0.000000 0.000000 -1.000000
vn 0.000001 0.000000 -1.000000
vn 0.000001 0.000001 -1.000000
vn 0.000001 0.000001 -1.000000
vn 0.000000 -0.000000 -1.000000
vn 0.000000 0.000000 -1.000000
vn -0.000000 0.000000 -1.000000
vn 0.000000 0.000000 -1.000000
vn 0.000000 0.000000 -1.000000
vn -0.000000 0.000000 -1.000000
vn 0.000000 0.000000 -1.000000
vn 0.000000 0.000000 -1.000000
vn -0.000000 0.000000 -1.000000
vn -0.000001 -0.000000 -1.000000
vn -0.000000 -0.000000 -1.000000
vn -0.000001 -0.000001 -1.000000
vn 0.000000 0.000000 -1.000000
vn -0.000000 -0.000000 -1.000000
vn 0.000000 0.000001 -1.000000
vn 0.000000 0.000002 -1.000000
vn -0.000000 0.000000 -1.000000
vn 0.000000 0.000001 -1.000000
vn 0.000000 0.000001 -1.000000
vn 0.000000 0.000000 -1.000000
vn 0.000000 0.000000 -1.000000
vn -0.000000 -0.000001 -1.000000
vn 0.000000 0.000000 -1.000000
vn 0.000000 -0.000000 -1.000000
vn 0.000000 -0.000001 -1.000000
vn -0.000000 0.000000 -1.000000
vn -0.000000 -0.000000 -1.000000
vn 0.000000 0.000000 -1.000000
vn -0.000000 -0.000000 -1.000000
vn -0.000000 -0.000000 -1.000000
vn 0.000000 0.000000 -1.000000
vn 0.000000 -0.000000 -1.000000
vn 0.000000 -0.000000 -1.000000
vn -0.000000 0.000000 -1.000000
vn -0.000000 0.000000 -1.000000
vn -0.000000 0.000000 -1.000000
vn -0.000000 0.000000 -1.000000
vn 0.000000 0.000000 -1.000000
vn -0.000000 0.000000 -1.000000
vn 0.000000 0.000000 -1.000000
vn 0.000000 0.000000 -1.000000
vn 0.000000 0.000000 -1.000000
vn 0.000000 0.000000 -1.000000
vn 0.000000 0.000000 -1.000000
vn 0.000000 0.000000 -1.000000
vn -0.000000 0.000000 -1.000000
vn 0.000000 0.000000 -1.000000
vn 0.000000 0.000000 -1.000000
vn 0.000000 0.000000 -1.000000
vn 0.000000 0.000000 -1.000000
vn -0.000000 0.000000 -1.000000
vn 0.000000 0.000000 -1.000000
vn -0.000000 0.000000 -1.000000
vn -0.000000 0.000000 -1.000000
vn 0.000000 0.000000 -1.000000
vn -0.000000 0.000000 -1.000000
vn -0.000000 0.000000 -1.000000
vn 0.000000 0.000000 -1.000000
vn -0.000000 0.000000 -1.000000
vn -0.000000 0.000000 -1.000000
vn -0.000001 0.000000 -1.000000
vn -0.000000 0.000000 -1.000000
vn -0.000000 0.000000 -1.000000
vn 0.000000 0.000000 -1.000000
vn 0.000000 0.000000 -1.000000
vn -0.000000 0.000000 -1.000000
vn -0.000000 0.000000 -1.000000
vn 0.000000 0.000000 -1.000000
vn 0.000000 0.000000 -1.000000
vn 0.000000 0.000000 -1.000000
vn -0.000001 0.000000 -1.000000
vn -0.000001 -0.000000 -1.000000
vn -0.000000 0.000000 -1.000000
vn -0.000001 -0.000001 -1.000000
vn 0.000001 -0.000000 -1.000000
vn 0.000000 -0.000001 -1.000000
vn 0.000000 0.000000 -1.000000
vn -0.000001 0.000001 -1.000000
vn 0.000001 0.000001 -1.000000
vn 0.182711 0.983167 -0.000000
vn 0.099327 0.995055 -0.000000
vn 0.099327 0.995055 -0.000000
vn 0.182711 0.983167 -0.000000
vn 0.332671 0.943043 -0.000000
vn 0.332671 0.943043 -0.000000
vn 0.437540 0.899199 -0.000001
vn 0.437540 0.899199 -0.000001
vn -0.991943 -0.126681 0.000001
vn -0.928699 -0.370836 0.000001
vn -0.928699 -0.370836 0.000001
vn -0.991943 -0.126681 0.000001
vn 0.043190 0.999067 -0.000001
vn 0.043190 0.999067 -0.000001
vn -0.993838 0.110839 0.000001
vn -0.993838 0.110839 0.000001
vn -0.676943 -0.736035 -0.000001
vn -0.703200 -0.710993 -0.000000
vn -0.703200 -0.710993 -0.000000
vn -0.676943 -0.736035 -0.000001
vn -0.659905 -0.751349 -0.000001
vn -0.659905 -0.751349 -0.000001
vn -0.724325 -0.689459 -0.000000
vn -0.724325 -0.689459 -0.000000
vn -0.744128 -0.668037 -0.000000
vn -0.744128 -0.668037 -0.000000
vn -0.767608 -0.640920 -0.000000
vn -0.767608 -0.640920 -0.000000
vn -0.785172 -0.619277 -0.000000
vn -0.785172 -0.619277 -0.000000
vn -0.808269 -0.588813 0.000000
vn -0.808269 -0.588813 0.000000
vn -0.826102 -0.563521 0.000001
vn -0.826102 -0.563521 0.000001
vn -0.850211 -0.526442 0.000000
vn -0.850211 -0.526442 0.000000
vn -0.867195 -0.497970 0.000001
vn -0.867194 -0.497970 0.000001
vn -0.890720 -0.454551 0.000001
vn -0.890720 -0.454551 0.000001
vn -0.909389 -0.415947 -0.000000
vn -0.909389 -0.415947 -0.000000
vn -0.897539 -0.440934 -0.000001
vn -0.897539 -0.440934 -0.000001
vn -0.819563 -0.572989 -0.000000
vn -0.819563 -0.572989 -0.000000
vn 0.947311 0.320315 0.000000
vn 0.927772 0.373147 0.000001
vn 0.927772 0.373147 0.000001
vn 0.947311 0.320315 0.000000
vn 0.903265 0.429083 0.000001
vn 0.903265 0.429083 0.000001
vn -0.563381 -0.826197 0.000000
vn -0.563381 -0.826198 0.000000
vn 0.975890 0.218262 0.000000
vn 0.975890 0.218262 0.000000
vn -0.259039 -0.965867 -0.000000
vn -0.143301 -0.989679 -0.000000
vn -0.143301 -0.989679 -0.000000
vn -0.259039 -0.965867 -0.000000
vn 0.025051 -0.999686 0.000000
vn 0.025050 -0.999686 0.000000
vn 0.154155 -0.988047 0.000000
vn 0.154155 -0.988047 0.000000
vn 0.990628 0.136587 0.000000
vn 0.990628 0.136587 0.000000
vn 0.899865 0.436169 -0.000001
vn 0.888254 0.459352 -0.000001
vn 0.888254 0.459352 -0.000001
vn 0.899865 0.436169 -0.000001
vn 0.902987 0.429668 -0.000001
vn 0.902987 0.429668 -0.000001
vn 0.886013 0.463660 0.000000
vn 0.886013 0.463660 0.000000
vn 0.869784 0.493433 0.000000
vn 0.869784 0.493433 0.000000
vn 0.853676 0.520804 -0.000001
vn 0.853676 0.520804 -0.000001
vn 0.840194 0.542286 -0.000000
vn 0.840194 0.542286 -0.000000
vn 0.826352 0.563154 0.000000
vn 0.826352 0.563154 0.000000
vn 0.809354 0.587321 -0.000000
vn 0.809354 0.587321 -0.000000
vn 0.795067 0.606522 -0.000001
vn 0.795067 0.606522 -0.000001
vn 0.771232 0.636554 -0.000000
vn 0.771232 0.636554 -0.000000
vn 0.743157 0.669117 -0.000000
vn 0.743157 0.669117 -0.000000
vn 0.723785 0.690025 -0.000001
vn 0.723785 0.690025 -0.000001
vn 0.696434 0.717621 0.000000
vn 0.696434 0.717621 0.000000
vn 0.676743 0.736220 0.000001
vn 0.676743 0.736220 0.000001
vn 0.650926 0.759141 -0.000000
vn 0.650926 0.759141 -0.000000
vn 0.631915 0.775038 -0.000000
vn 0.631915 0.775038 -0.000000
vn 0.609100 0.793094 0.000000
vn 0.609100 0.793094 0.000000
vn 0.589192 0.807993 0.000000
vn 0.589192 0.807993 0.000000
vn 0.564823 0.825212 0.000000
vn 0.564823 0.825212 0.000000
vn 0.542566 0.840013 0.000000
vn 0.542566 0.840013 0.000000
vn 0.514528 0.857473 0.000000
vn 0.514528 0.857473 0.000000
vn 0.484527 0.874777 0.000000
vn 0.484527 0.874776 0.000000
vn 0.455592 0.890189 0.000000
vn 0.455592 0.890189 0.000000
vn 0.420324 0.907374 0.000000
vn 0.420324 0.907374 0.000000
vn -0.917343 -0.398097 0.000000
vn -0.917343 -0.398097 0.000000
vn -0.902506 -0.430677 0.000000
vn -0.902506 -0.430677 0.000000
vn -0.883486 -0.468458 -0.000000
vn -0.883486 -0.468458 -0.000000
vn -0.861557 -0.507661 -0.000000
vn -0.861557 -0.507661 -0.000000
vn -0.836628 -0.547772 0.000000
vn -0.836628 -0.547772 0.000000
vn 0.402805 0.915286 0.000000
vn 0.402805 0.915286 0.000000
vn 0.326814 0.945089 -0.000000
vn 0.318986 0.947759 -0.000000
vn 0.318986 0.947759 -0.000000
vn 0.326814 0.945089 -0.000000
vn 0.351342 0.936247 -0.000000
vn 0.351342 0.936247 -0.000000
vn 0.380934 0.924602 -0.000000
vn 0.380934 0.924602 -0.000000
vn 0.416720 0.909035 -0.000000
vn 0.416720 0.909035 -0.000000
vn 0.446529 0.894769 0.000000
vn 0.446529 0.894769 0.000000
vn 0.459478 0.888189 0.000000
vn 0.459478 0.888189 0.000000
vn 0.464341 0.885657 0.000001
vn 0.464341 0.885657 0.000001
vn 0.472679 0.881234 0.000001
vn 0.472679 0.881234 0.000001
vn 0.483014 0.875613 0.000000
vn 0.483014 0.875613 0.000000
vn -0.498285 -0.867014 0.000000
vn -0.518762 -0.854919 -0.000000
vn -0.518762 -0.854919 -0.000000
vn -0.498285 -0.867014 0.000000
vn -0.472110 -0.881540 -0.000000
vn -0.472110 -0.881540 -0.000000
vn 0.491244 0.871022 0.000001
vn 0.491244 0.871022 0.000001
vn -0.551333 -0.834285 -0.000001
vn -0.551333 -0.834285 -0.000001
vn 0.531338 0.847160 0.000001
vn 0.531337 0.847160 0.000001
vn -0.574360 -0.818603 -0.000001
vn -0.574360 -0.818603 -0.000001
vn 0.590170 0.807279 0.000001
vn 0.590170 0.807279 0.000001
vn -0.592083 -0.805877 -0.000001
vn -0.592083 -0.805877 -0.000001
vn 0.617247 0.786769 0.000000
vn 0.617247 0.786769 0.000000
vn -0.616330 -0.787488 0.000000
vn -0.616330 -0.787488 0.000000
vn 0.618716 0.785615 0.000000
vn 0.618716 0.785615 0.000000
vn -0.634382 -0.773020 -0.000000
vn -0.634382 -0.773020 -0.000000
vn 0.621407 0.783488 0.000000
vn 0.621407 0.783488 0.000000
vn 0.648775 0.760980 0.000000
vn 0.648775 0.760980 0.000000
vn 0.678127 0.734945 0.000000
vn 0.678127 0.734945 0.000000
vn 0.704228 0.709974 0.000000
vn 0.704228 0.709974 0.000000
vn 0.732862 0.680378 0.000000
vn 0.732862 0.680378 0.000000
vn 0.757606 0.652712 0.000000
vn 0.757606 0.652712 0.000000
vn 0.784614 0.619985 0.000000
vn 0.784614 0.619985 0.000000
vn 0.807281 0.590167 0.000000
vn 0.807281 0.590167 0.000000
vn 0.835616 0.549313 0.000000
vn 0.835616 0.549313 0.000000
vn 0.854291 0.519795 0.000000
vn 0.854291 0.519795 0.000000
vn 0.869329 0.494234 0.000001
vn 0.869329 0.494234 0.000001
vn 0.881807 0.471610 -0.000000
vn 0.881807 0.471610 -0.000000
vn 0.888512 0.458854 -0.000001
vn 0.888512 0.458854 -0.000001
vn -0.819994 -0.572372 0.000000
vn -0.819994 -0.572372 0.000000
vn -0.802254 -0.596983 -0.000001
vn -0.802254 -0.596983 -0.000001
vn -0.787988 -0.615690 -0.000002
vn -0.787988 -0.615690 -0.000002
vn -0.771550 -0.636169 -0.000001
vn -0.771550 -0.636169 -0.000001
vn -0.739634 -0.673010 0.000001
vn -0.739634 -0.673010 0.000001
vn -0.724329 -0.689454 0.000001
vn -0.724329 -0.689454 0.000001
vn -0.713402 -0.700755 0.000001
vn -0.713402 -0.700755 0.000001
vn -0.687606 -0.726084 0.000001
vn -0.687606 -0.726084 0.000001
vn -0.658508 -0.752573 0.000000
vn -0.658508 -0.752573 0.000000
vn -0.631537 -0.775346 -0.000000
vn -0.631537 -0.775346 -0.000000
vn -0.612978 -0.790100 0.000000
vn -0.612978 -0.790100 0.000000
vn -0.591546 -0.806271 0.000000
vn -0.591546 -0.806271 0.000000
vn -0.576313 -0.817229 -0.000000
vn -0.576313 -0.817229 -0.000000
vn -0.553963 -0.832541 -0.000001
vn -0.553963 -0.832541 -0.000001
vn -0.532954 -0.846144 -0.000000
vn -0.532954 -0.846144 -0.000000
vn -0.506164 -0.862437 0.000001
vn -0.506164 -0.862437 0.000001
vn -0.478940 -0.877848 0.000001
vn -0.478940 -0.877848 0.000001
vn -0.452947 -0.891537 0.000000
vn -0.452947 -0.891537 0.000000
vn -0.429636 -0.903002 -0.000000
vn -0.429636 -0.903002 -0.000000
vn -0.409159 -0.912463 -0.000000
vn -0.409160 -0.912463 -0.000000
vn 0.385656 0.922643 0.000000
vn 0.385656 0.922643 0.000000
vn -0.390454 -0.920622 -0.000000
vn -0.390454 -0.920622 -0.000000
vn 0.382209 0.924076 0.000000
vn 0.382209 0.924076 0.000000
vn -0.376323 -0.926488 -0.000000
vn -0.376323 -0.926488 -0.000000
vn 0.382621 0.923905 0.000000
vn 0.382621 0.923905 0.000000
vn -0.351800 -0.936075 -0.000000
vn -0.351800 -0.936075 -0.000000
vn 0.369931 0.929059 0.000001
vn 0.369931 0.929059 0.000001
vn -0.338022 -0.941138 -0.000000
vn -0.338022 -0.941138 -0.000000
vn 0.355457 0.934693 0.000001
vn 0.355457 0.934693 0.000001
vn -0.328934 -0.944353 0.000000
vn -0.331594 -0.943422 0.000000
vn -0.331594 -0.943422 0.000000
vn -0.328934 -0.944353 0.000000
vn -0.341042 -0.940048 0.000000
vn -0.341042 -0.940048 0.000000
vn -0.356856 -0.934159 0.000001
vn -0.356856 -0.934159 0.000001
vn -0.380684 -0.924705 0.000001
vn -0.380684 -0.924705 0.000001
vn -0.412963 -0.910748 0.000000
vn -0.412963 -0.910748 0.000000
vn -0.437279 -0.899326 -0.000001
vn -0.437279 -0.899326 -0.000001
vn -0.449615 -0.893222 -0.000001
vn -0.449615 -0.893222 -0.000001
s 1
g logo mind_n_you
usemtl blinn7SG
f 6443//8215 6444//8216 6445//8217 6446//8218
f 6443//8215 6447//8219 6448//8220 6444//8216
f 6443//8215 6449//8221 6450//8222 6447//8219
f 6443//8215 6446//8218 6451//8223 6449//8221
f 6449//8221 6451//8223 6452//8224 6453//8225
f 6449//8221 6453//8225 6454//8226 6450//8222
f 6444//8216 6455//8227 6456//8228 6445//8217
f 6444//8216 6448//8220 6457//8229 6455//8227
s 2
f 6458//8230 6459//8231 6460//8232 6461//8233
f 6458//8230 6462//8234 6463//8235 6459//8231
f 6458//8230 6464//8236 6465//8237 6462//8234
f 6458//8230 6461//8233 6466//8238 6464//8236
f 6459//8231 6467//8239 6468//8240 6460//8232
f 6459//8231 6463//8235 6469//8241 6467//8239
f 6467//8239 6470//8242 6471//8243 6468//8240
f 6467//8239 6469//8241 6472//8244 6470//8242
f 6470//8242 6473//8245 6474//8246 6471//8243
f 6470//8242 6472//8244 6475//8247 6473//8245
f 6473//8245 6476//8248 6477//8249 6474//8246
f 6473//8245 6475//8247 6478//8250 6476//8248
f 6474//8246 6477//8249 6479//8251 6480//8252
f 6474//8246 6480//8252 6481//8253 6471//8243
f 6476//8248 6482//8254 6483//8255 6477//8249
f 6476//8248 6478//8250 6484//8256 6482//8254
f 6477//8249 6483//8255 6485//8257 6479//8251
f 6482//8254 6486//8258 6487//8259 6483//8255
f 6482//8254 6484//8256 6488//8260 6486//8258
f 6483//8255 6487//8259 6489//8261 6485//8257
f 6486//8258 6490//8262 6491//8263 6487//8259
f 6486//8258 6488//8260 6492//8264 6490//8262
f 6487//8259 6491//8263 6493//8265 6489//8261
f 6490//8262 6494//8266 6495//8267 6491//8263
f 6490//8262 6492//8264 6496//8268 6494//8266
f 6491//8263 6495//8267 6497//8269 6493//8265
f 6493//8265 6497//8269 6498//8270 6499//8271
f 6493//8265 6499//8271 6500//8272 6489//8261
f 6494//8266 6501//8273 6502//8274 6495//8267
f 6494//8266 6496//8268 6503//8275 6501//8273
f 6495//8267 6502//8274 6504//8276 6497//8269
f 6497//8269 6504//8276 6505//8277 6498//8270
f 6501//8273 6506//8278 6507//8279 6502//8274
f 6501//8273 6503//8275 6508//8280 6506//8278
f 6502//8274 6507//8279 6509//8281 6504//8276
f 6504//8276 6509//8281 6510//8282 6505//8277
f 6506//8278 6511//8283 6512//8284 6507//8279
f 6506//8278 6508//8280 6513//8285 6511//8283
f 6507//8279 6512//8284 6514//8286 6509//8281
f 6509//8281 6514//8286 6515//8287 6510//8282
f 6511//8283 6516//8288 6517//8289 6512//8284
f 6511//8283 6513//8285 6518//8290 6516//8288
f 6512//8284 6517//8289 6519//8291 6514//8286
f 6514//8286 6519//8291 6520//8292 6515//8287
f 6515//8287 6520//8292 6521//8293 6522//8294
f 6515//8287 6522//8294 6523//8295 6510//8282
f 6516//8288 6524//8296 6525//8297 6517//8289
f 6516//8288 6518//8290 6526//8298 6524//8296
f 6517//8289 6525//8297 6527//8299 6519//8291
f 6519//8291 6527//8299 6528//8300 6520//8292
f 6520//8292 6528//8300 6529//8301 6521//8293
f 6525//8297 6530//8302 6531//8303 6527//8299
f 6525//8297 6524//8296 6526//8298 6530//8302
f 6527//8299 6531//8303 6532//8304 6528//8300
f 6528//8300 6532//8304 6533//8305 6529//8301
s 1
f 6446//8218 6534//8306 6535//8307 6451//8223
f 6446//8218 6445//8217 6536//8308 6534//8306
f 6451//8223 6535//8307 6537//8309 6452//8224
f 6452//8224 6538//8310 6454//8226 6453//8225
f 6452//8224 6537//8309 6539//8311 6538//8310
f 6534//8306 6540//8312 6541//8313 6535//8307
f 6534//8306 6536//8308 6542//8314 6540//8312
f 6535//8307 6541//8313 6543//8315 6537//8309
f 6537//8309 6543//8315 6544//8316 6539//8311
f 6540//8312 6545//8317 6546//8318 6541//8313
f 6540//8312 6542//8314 6547//8319 6545//8317
f 6541//8313 6546//8318 6548//8320 6543//8315
f 6543//8315 6548//8320 6549//8321 6544//8316
f 6545//8317 6547//8319 6550//8322 6551//8323
f 6545//8317 6551//8323 6552//8324 6546//8318
f 6546//8318 6552//8324 6553//8325 6548//8320
f 6548//8320 6553//8325 6554//8326 6549//8321
f 6551//8323 6550//8322 6555//8327 6556//8328
f 6551//8323 6556//8328 6557//8329 6552//8324
f 6552//8324 6557//8329 6558//8330 6553//8325
f 6553//8325 6558//8330 6559//8331 6554//8326
f 6556//8328 6555//8327 6560//8332 6561//8333
f 6556//8328 6561//8333 6562//8334 6557//8329
f 6557//8329 6562//8334 6563//8335 6558//8330
f 6558//8330 6563//8335 6564//8336 6559//8331
f 6561//8333 6560//8332 6565//8337 6566//8338
f 6561//8333 6566//8338 6567//8339 6562//8334
f 6562//8334 6567//8339 6568//8340 6563//8335
f 6563//8335 6568//8340 6569//8341 6564//8336
f 6567//8339 6570//8342 6571//8343 6568//8340
f 6567//8339 6566//8338 6572//8344 6570//8342
f 6568//8340 6571//8343 6573//8345 6569//8341
f 6570//8342 6574//8346 6575//8347 6571//8343
f 6570//8342 6572//8344 6576//8348 6574//8346
f 6571//8343 6575//8347 6577//8349 6573//8345
f 6574//8346 6578//8350 6579//8351 6575//8347
f 6574//8346 6576//8348 6580//8352 6578//8350
f 6575//8347 6579//8351 6581//8353 6577//8349
f 6578//8350 6582//8354 6583//8355 6579//8351
f 6578//8350 6580//8352 6584//8356 6582//8354
f 6579//8351 6583//8355 6585//8357 6581//8353
f 6582//8354 6584//8356 6586//8358 6587//8359
f 6582//8354 6587//8359 6588//8360 6583//8355
f 6583//8355 6588//8360 6589//8361 6585//8357
f 6587//8359 6586//8358 6590//8362 6591//8363
f 6587//8359 6591//8363 6592//8364 6588//8360
f 6588//8360 6592//8364 6593//8365 6589//8361
f 6591//8363 6590//8362 6594//8366 6595//8367
f 6591//8363 6595//8367 6596//8368 6592//8364
f 6592//8364 6596//8368 6597//8369 6593//8365
f 6595//8367 6594//8366 6598//8370 6599//8371
f 6595//8367 6599//8371 6600//8372 6596//8368
f 6596//8368 6600//8372 6601//8373 6597//8369
f 6600//8372 6602//8374 6603//8375 6601//8373
f 6600//8372 6599//8371 6604//8376 6602//8374
f 6602//8374 6605//8377 6606//8378 6603//8375
f 6602//8374 6604//8376 6607//8379 6605//8377
f 6605//8377 6608//8380 6609//8381 6606//8378
f 6605//8377 6607//8379 6610//8382 6608//8380
f 6608//8380 6611//8383 6612//8384 6609//8381
f 6608//8380 6610//8382 6613//8385 6611//8383
f 6611//8383 6613//8385 6614//8386 6615//8387
f 6611//8383 6615//8387 6616//8388 6612//8384
f 6615//8387 6614//8386 6617//8389 6618//8390
f 6615//8387 6618//8390 6619//8391 6616//8388
f 6618//8390 6617//8389 6620//8392 6621//8393
f 6618//8390 6621//8393 6622//8394 6619//8391
f 6621//8393 6620//8392 6623//8395 6624//8396
f 6621//8393 6624//8396 6625//8397 6622//8394
f 6445//8217 6456//8228 6626//8398 6536//8308
f 6536//8308 6626//8398 6627//8399 6542//8314
f 6542//8314 6627//8399 6628//8400 6547//8319
f 6547//8319 6628//8400 6629//8401 6550//8322
f 6550//8322 6629//8401 6630//8402 6555//8327
f 6566//8338 6565//8337 6631//8403 6572//8344
f 6572//8344 6631//8403 6632//8404 6576//8348
f 6576//8348 6632//8404 6633//8405 6580//8352
f 6580//8352 6633//8405 6634//8406 6584//8356
f 6599//8371 6598//8370 6635//8407 6604//8376
f 6604//8376 6635//8407 6636//8408 6607//8379
f 6607//8379 6636//8408 6637//8409 6610//8382
f 6624//8396 6623//8395 6638//8410 6639//8411
f 6624//8396 6639//8411 6640//8412 6625//8397
s 2
f 6642//8413 6641//8414 6644//8415 6645//8416
f 6642//8413 6645//8416 6646//8417 6643//8418
f 6645//8416 6647//8419 6648//8420 6646//8417
f 6645//8416 6644//8415 6649//8421 6647//8419
f 6647//8419 6650//8422 6651//8423 6648//8420
f 6647//8419 6649//8421 6652//8424 6650//8422
f 6652//8424 6653//8425 6654//8426 6655//8427
f 6652//8424 6649//8421 6656//8428 6653//8425
f 6652//8424 6655//8427 6657//8429 6650//8422
f 6650//8422 6657//8429 6658//8430 6651//8423
f 6655//8427 6659//8431 6660//8432 6657//8429
f 6655//8427 6654//8426 6661//8433 6659//8431
f 6657//8429 6660//8432 6662//8434 6658//8430
f 6659//8431 6663//8435 6664//8436 6660//8432
f 6659//8431 6661//8433 6665//8437 6663//8435
f 6660//8432 6664//8436 6666//8438 6662//8434
f 6665//8437 6667//8439 6668//8440 6669//8441
f 6665//8437 6661//8433 6670//8442 6667//8439
f 6665//8437 6669//8441 6671//8443 6663//8435
f 6663//8435 6671//8443 6672//8444 6664//8436
f 6664//8436 6672//8444 6673//8445 6666//8438
f 6669//8441 6668//8440 6674//8446 6675//8447
f 6669//8441 6675//8447 6676//8448 6671//8443
f 6671//8443 6676//8448 6677//8449 6672//8444
f 6672//8444 6677//8449 6678//8450 6673//8445
f 6675//8447 6679//8451 6680//8452 6676//8448
f 6675//8447 6674//8446 6681//8453 6679//8451
f 6676//8448 6680//8452 6682//8454 6677//8449
f 6677//8449 6682//8454 6683//8455 6678//8450
f 6681//8453 6684//8456 6685//8457 6686//8458
f 6681//8453 6674//8446 6687//8459 6684//8456
f 6681//8453 6686//8458 6688//8460 6679//8451
f 6679//8451 6688//8460 6689//8461 6680//8452
f 6680//8452 6689//8461 6690//8462 6682//8454
f 6682//8454 6690//8462 6691//8463 6683//8455
f 6686//8458 6685//8457 6692//8464 6693//8465
f 6686//8458 6693//8465 6694//8466 6688//8460
f 6688//8460 6694//8466 6695//8467 6689//8461
f 6689//8461 6695//8467 6696//8468 6690//8462
f 6690//8462 6696//8468 6697//8469 6691//8463
f 6693//8465 6698//8470 6699//8471 6694//8466
f 6693//8465 6692//8464 6700//8472 6698//8470
f 6694//8466 6699//8471 6701//8473 6695//8467
f 6695//8467 6701//8473 6702//8474 6696//8468
f 6696//8468 6702//8474 6703//8475 6697//8469
f 6698//8470 6704//8476 6705//8477 6699//8471
f 6698//8470 6700//8472 6706//8478 6704//8476
f 6699//8471 6705//8477 6707//8479 6701//8473
f 6701//8473 6707//8479 6708//8480 6702//8474
f 6702//8474 6708//8480 6709//8481 6703//8475
f 6704//8476 6710//8482 6711//8483 6705//8477
f 6704//8476 6706//8478 6712//8484 6710//8482
f 6705//8477 6711//8483 6713//8485 6707//8479
f 6707//8479 6713//8485 6714//8486 6708//8480
f 6708//8480 6714//8486 6715//8487 6709//8481
f 6710//8482 6716//8488 6717//8489 6711//8483
f 6710//8482 6712//8484 6718//8490 6716//8488
f 6711//8483 6717//8489 6719//8491 6713//8485
f 6713//8485 6719//8491 6720//8492 6714//8486
f 6714//8486 6720//8492 6721//8493 6715//8487
f 6716//8488 6464//8236 6466//8238 6717//8489
f 6716//8488 6718//8490 6465//8237 6464//8236
f 6717//8489 6466//8238 6722//8494 6719//8491
f 6719//8491 6722//8494 6723//8495 6720//8492
f 6720//8492 6723//8495 6724//8496 6721//8493
f 6466//8238 6461//8233 6725//8497 6722//8494
f 6722//8494 6725//8497 6726//8498 6723//8495
f 6723//8495 6726//8498 6727//8499 6724//8496
f 6461//8233 6460//8232 6728//8500 6725//8497
f 6725//8497 6728//8500 6729//8501 6726//8498
f 6726//8498 6729//8501 6730//8502 6727//8499
f 6460//8232 6468//8240 6731//8503 6728//8500
f 6728//8500 6731//8503 6732//8504 6729//8501
f 6729//8501 6732//8504 6733//8505 6730//8502
f 6468//8240 6471//8243 6481//8253 6731//8503
f 6731//8503 6481//8253 6734//8506 6732//8504
f 6732//8504 6734//8506 6735//8507 6733//8505
f 6481//8253 6480//8252 6736//8508 6734//8506
f 6734//8506 6736//8508 6737//8509 6735//8507
f 6480//8252 6479//8251 6738//8510 6736//8508
f 6736//8508 6738//8510 6739//8511 6737//8509
f 6479//8251 6485//8257 6740//8512 6738//8510
f 6738//8510 6740//8512 6741//8513 6739//8511
f 6485//8257 6489//8261 6500//8272 6740//8512
f 6740//8512 6500//8272 6742//8514 6741//8513
f 6500//8272 6499//8271 6743//8515 6742//8514
f 6499//8271 6498//8270 6744//8516 6743//8515
f 6498//8270 6505//8277 6745//8517 6744//8516
f 6505//8277 6510//8282 6523//8295 6745//8517
s 1
f 6555//8327 6630//8402 6746//8518 6560//8332
f 6560//8332 6746//8518 6747//8519 6565//8337
f 6565//8337 6747//8519 6748//8520 6631//8403
f 6631//8403 6748//8520 6749//8521 6632//8404
f 6632//8404 6749//8521 6750//8522 6633//8405
f 6633//8405 6750//8522 6751//8523 6634//8406
f 6634//8406 6752//8524 6586//8358 6584//8356
f 6634//8406 6751//8523 6753//8525 6752//8524
f 6752//8524 6754//8526 6590//8362 6586//8358
f 6752//8524 6753//8525 6755//8527 6754//8526
f 6754//8526 6756//8528 6594//8366 6590//8362
f 6754//8526 6755//8527 6757//8529 6756//8528
f 6756//8528 6758//8530 6598//8370 6594//8366
f 6756//8528 6757//8529 6759//8531 6758//8530
f 6758//8530 6760//8532 6635//8407 6598//8370
f 6758//8530 6759//8531 6761//8533 6760//8532
f 6760//8532 6762//8534 6636//8408 6635//8407
f 6760//8532 6761//8533 6763//8535 6762//8534
f 6762//8534 6764//8536 6637//8409 6636//8408
f 6762//8534 6763//8535 6765//8537 6764//8536
f 6764//8536 6766//8538 6767//8539 6637//8409
f 6764//8536 6765//8537 6768//8540 6766//8538
f 6637//8409 6767//8539 6613//8385 6610//8382
f 6766//8538 6769//8541 6770//8542 6767//8539
f 6766//8538 6768//8540 6771//8543 6769//8541
f 6767//8539 6770//8542 6614//8386 6613//8385
f 6769//8541 6772//8544 6773//8545 6770//8542
f 6769//8541 6771//8543 6774//8546 6772//8544
f 6770//8542 6773//8545 6617//8389 6614//8386
f 6772//8544 6775//8547 6776//8548 6773//8545
f 6772//8544 6774//8546 6777//8549 6775//8547
f 6773//8545 6776//8548 6620//8392 6617//8389
f 6775//8547 6778//8550 6779//8551 6776//8548
f 6775//8547 6777//8549 6780//8552 6778//8550
f 6776//8548 6779//8551 6623//8395 6620//8392
f 6778//8550 6781//8553 6782//8554 6779//8551
f 6778//8550 6780//8552 6783//8555 6781//8553
f 6779//8551 6782//8554 6638//8410 6623//8395
f 6781//8553 6784//8556 6785//8557 6782//8554
f 6781//8553 6783//8555 6786//8558 6784//8556
f 6782//8554 6785//8557 6787//8559 6638//8410
f 6638//8410 6787//8559 6788//8560 6639//8411
f 6639//8411 6788//8560 6789//8561 6640//8412
f 6784//8556 6790//8562 6791//8563 6785//8557
f 6784//8556 6786//8558 6792//8564 6790//8562
f 6785//8557 6791//8563 6793//8565 6787//8559
f 6787//8559 6793//8565 6794//8566 6788//8560
f 6788//8560 6794//8566 6795//8567 6789//8561
f 6790//8562 6796//8568 6797//8569 6791//8563
f 6790//8562 6792//8564 6798//8570 6796//8568
f 6791//8563 6797//8569 6799//8571 6793//8565
f 6793//8565 6799//8571 6800//8572 6794//8566
f 6794//8566 6800//8572 6801//8573 6795//8567
f 6796//8568 6802//8574 6803//8575 6797//8569
f 6796//8568 6798//8570 6804//8576 6802//8574
f 6797//8569 6803//8575 6805//8577 6799//8571
f 6799//8571 6805//8577 6806//8578 6800//8572
f 6800//8572 6806//8578 6807//8579 6801//8573
f 6802//8574 6808//8580 6809//8581 6803//8575
f 6802//8574 6804//8576 6810//8582 6808//8580
f 6803//8575 6809//8581 6811//8583 6805//8577
f 6805//8577 6811//8583 6812//8584 6806//8578
f 6806//8578 6812//8584 6813//8585 6807//8579
s 2
f 6814//8586 6817//8587 6818//8588 6815//8589
f 6814//8586 6816//8590 6819//8591 6817//8587
f 6815//8589 6818//8588 6644//8415 6641//8414
f 6817//8587 6820//8592 6656//8428 6818//8588
f 6817//8587 6819//8591 6821//8593 6820//8592
f 6818//8588 6656//8428 6649//8421 6644//8415
f 6820//8592 6822//8594 6653//8425 6656//8428
f 6820//8592 6821//8593 6823//8595 6822//8594
f 6822//8594 6824//8596 6654//8426 6653//8425
f 6822//8594 6823//8595 6825//8597 6824//8596
f 6824//8596 6670//8442 6661//8433 6654//8426
f 6824//8596 6825//8597 6826//8598 6670//8442
f 6670//8442 6826//8598 6827//8599 6667//8439
f 6667//8439 6827//8599 6828//8600 6668//8440
f 6668//8440 6828//8600 6687//8459 6674//8446
s 5
f 6057//8601 6095//8602 6140//8603 6059//8604
f 6057//8601 6059//8604 6415//8605 6416//8606
f 6057//8601 6416//8606 6417//8607 6058//8608
f 6057//8601 6058//8608 6096//8609 6095//8602
f 6058//8608 6442//8610 6097//8611 6096//8609
f 6058//8608 6417//8607 6307//8612 6442//8610
f 6059//8604 6140//8603 6371//8613 6370//8614
f 6059//8604 6370//8614 6440//8615 6415//8605
s 6
f 6060//8616 6203//8617 6206//8618 6061//8619
f 6060//8616 6061//8619 6433//8620 6434//8621
f 6060//8616 6434//8621 6435//8622 6199//8623
f 6060//8616 6199//8623 6200//8624 6203//8617
f 6061//8619 6206//8618 6209//8625 6062//8626
f 6061//8619 6062//8626 6432//8627 6433//8620
f 6062//8626 6209//8625 6212//8628 6063//8629
f 6062//8626 6063//8629 6431//8630 6432//8627
f 6063//8629 6212//8628 6065//8631 6064//8632
f 6063//8629 6064//8632 6430//8633 6431//8630
f 6064//8632 6065//8631 6067//8634 6066//8635
f 6064//8632 6066//8635 6429//8636 6430//8633
f 6065//8631 6215//8637 6217//8638 6067//8634
f 6065//8631 6212//8628 6213//8639 6215//8637
f 6066//8635 6067//8634 6069//8640 6068//8641
f 6066//8635 6068//8641 6428//8642 6429//8636
f 6067//8634 6217//8638 6219//8643 6069//8640
f 6068//8641 6069//8640 6071//8644 6070//8645
f 6068//8641 6070//8645 6427//8646 6428//8642
f 6069//8640 6219//8643 6221//8647 6071//8644
f 6070//8645 6071//8644 6073//8648 6072//8649
f 6070//8645 6072//8649 6426//8650 6427//8646
f 6071//8644 6221//8647 6074//8651 6073//8648
f 6072//8649 6073//8648 6076//8652 6075//8653
f 6072//8649 6075//8653 6425//8654 6426//8650
f 6073//8648 6074//8651 6077//8655 6076//8652
f 6074//8651 6223//8656 6224//8657 6077//8655
f 6074//8651 6221//8647 6222//8658 6223//8656
f 6075//8653 6076//8652 6079//8659 6078//8660
f 6075//8653 6078//8660 6424//8661 6425//8654
f 6076//8652 6077//8655 6080//8662 6079//8659
f 6077//8655 6224//8657 6225//8663 6080//8662
f 6078//8660 6079//8659 6082//8664 6081//8665
f 6078//8660 6081//8665 6423//8666 6424//8661
f 6079//8659 6080//8662 6083//8667 6082//8664
f 6080//8662 6225//8663 6226//8668 6083//8667
f 6081//8665 6082//8664 6085//8669 6084//8670
f 6081//8665 6084//8670 6422//8671 6423//8666
f 6082//8664 6083//8667 6086//8672 6085//8669
f 6083//8667 6226//8668 6087//8673 6086//8672
f 6084//8670 6085//8669 6089//8674 6088//8675
f 6084//8670 6088//8675 6421//8676 6422//8671
f 6085//8669 6086//8672 6090//8677 6089//8674
f 6086//8672 6087//8673 6091//8678 6090//8677
f 6087//8673 6367//8679 6368//8680 6091//8678
f 6087//8673 6226//8668 6366//8681 6367//8679
f 6088//8675 6089//8674 6092//8682 6439//8683
f 6088//8675 6439//8683 6420//8684 6421//8676
f 6089//8674 6090//8677 6093//8685 6092//8682
f 6090//8677 6091//8678 6094//8686 6093//8685
f 6091//8678 6368//8680 6369//8687 6094//8686
f 6092//8682 6093//8685 6418//8688 6419//8689
f 6092//8682 6419//8689 6420//8684 6439//8683
f 6093//8685 6094//8686 6414//8690 6418//8688
f 6094//8686 6369//8687 6441//8691 6414//8690
s 5
f 6095//8602 6096//8609 6099//8692 6098//8693
f 6095//8602 6098//8693 6141//8694 6140//8603
f 6096//8609 6097//8611 6100//8695 6099//8692
f 6097//8611 6442//8610 6307//8612 6308//8696
f 6097//8611 6308//8696 6309//8697 6100//8695
f 6098//8693 6099//8692 6102//8698 6101//8699
f 6098//8693 6101//8699 6142//8700 6141//8694
f 6099//8692 6100//8695 6103//8701 6102//8698
f 6100//8695 6309//8697 6310//8702 6103//8701
f 6101//8699 6102//8698 6105//8703 6104//8704
f 6101//8699 6104//8704 6143//8705 6142//8700
f 6102//8698 6103//8701 6106//8706 6105//8703
f 6103//8701 6310//8702 6311//8707 6106//8706
f 6104//8704 6107//8708 6144//8709 6143//8705
f 6104//8704 6105//8703 6108//8710 6107//8708
f 6105//8703 6106//8706 6109//8711 6108//8710
f 6106//8706 6311//8707 6312//8712 6109//8711
f 6107//8708 6110//8713 6227//8714 6144//8709
f 6107//8708 6108//8710 6111//8715 6110//8713
f 6108//8710 6109//8711 6112//8716 6111//8715
f 6109//8711 6312//8712 6313//8717 6112//8716
f 6110//8713 6113//8718 6228//8719 6227//8714
f 6110//8713 6111//8715 6114//8720 6113//8718
f 6111//8715 6112//8716 6115//8721 6114//8720
f 6112//8716 6313//8717 6314//8722 6115//8721
f 6113//8718 6145//8723 6229//8724 6228//8719
f 6113//8718 6114//8720 6116//8725 6145//8723
f 6114//8720 6115//8721 6117//8726 6116//8725
f 6115//8721 6314//8722 6315//8727 6117//8726
f 6116//8725 6117//8726 6119//8728 6118//8729
f 6116//8725 6118//8729 6146//8730 6145//8723
f 6117//8726 6315//8727 6316//8731 6119//8728
f 6118//8729 6119//8728 6121//8732 6120//8733
f 6118//8729 6120//8733 6147//8734 6146//8730
f 6119//8728 6316//8731 6317//8735 6121//8732
f 6120//8733 6121//8732 6123//8736 6122//8737
f 6120//8733 6122//8737 6148//8738 6147//8734
f 6121//8732 6317//8735 6318//8739 6123//8736
f 6122//8737 6123//8736 6125//8740 6124//8741
f 6122//8737 6124//8741 6234//8742 6148//8738
f 6123//8736 6318//8739 6319//8743 6125//8740
f 6124//8741 6126//8744 6236//8745 6234//8742
f 6124//8741 6125//8740 6127//8746 6126//8744
f 6125//8740 6319//8743 6320//8747 6127//8746
f 6126//8744 6128//8748 6238//8749 6236//8745
f 6126//8744 6127//8746 6129//8750 6128//8748
f 6127//8746 6320//8747 6321//8751 6129//8750
f 6128//8748 6130//8752 6240//8753 6238//8749
f 6128//8748 6129//8750 6131//8754 6130//8752
f 6129//8750 6321//8751 6322//8755 6131//8754
f 6130//8752 6149//8756 6242//8757 6240//8753
f 6130//8752 6131//8754 6132//8758 6149//8756
f 6131//8754 6322//8755 6323//8759 6132//8758
f 6132//8758 6323//8759 6324//8760 6133//8761
f 6132//8758 6133//8761 6150//8762 6149//8756
f 6133//8761 6324//8760 6325//8763 6134//8764
f 6133//8761 6134//8764 6151//8765 6150//8762
f 6134//8764 6325//8763 6326//8766 6135//8767
f 6134//8764 6135//8767 6249//8768 6151//8765
f 6135//8767 6326//8766 6327//8769 6136//8770
f 6135//8767 6136//8770 6252//8771 6249//8768
f 6136//8770 6137//8772 6255//8773 6252//8771
f 6136//8770 6327//8769 6328//8774 6137//8772
f 6137//8772 6138//8775 6258//8776 6255//8773
f 6137//8772 6328//8774 6329//8777 6138//8775
f 6138//8775 6139//8778 6261//8779 6258//8776
f 6138//8775 6329//8777 6330//8780 6139//8778
f 6139//8778 6152//8781 6264//8782 6261//8779
f 6139//8778 6330//8780 6331//8783 6152//8781
f 6140//8603 6141//8694 6372//8784 6371//8613
f 6141//8694 6142//8700 6373//8785 6372//8784
f 6142//8700 6143//8705 6374//8786 6373//8785
f 6143//8705 6144//8709 6375//8787 6374//8786
f 6144//8709 6227//8714 6376//8788 6375//8787
f 6145//8723 6146//8730 6230//8789 6229//8724
f 6146//8730 6147//8734 6231//8790 6230//8789
f 6147//8734 6148//8738 6232//8791 6231//8790
f 6148//8738 6234//8742 6233//8792 6232//8791
f 6149//8756 6150//8762 6244//8793 6242//8757
f 6150//8762 6151//8765 6246//8794 6244//8793
f 6151//8765 6249//8768 6248//8795 6246//8794
f 6152//8781 6268//8796 6267//8797 6264//8782
f 6152//8781 6331//8783 6332//8798 6268//8796
s 6
f 6153//8799 6154//8800 6294//8801 6291//8802
f 6153//8799 6338//8803 6339//8804 6154//8800
f 6154//8800 6339//8804 6340//8805 6155//8806
f 6154//8800 6155//8806 6297//8807 6294//8801
f 6155//8806 6340//8805 6341//8808 6157//8809
f 6155//8806 6157//8809 6156//8810 6297//8807
f 6156//8810 6158//8811 6301//8812 6299//8813
f 6156//8810 6299//8813 6296//8814 6297//8807
f 6156//8810 6157//8809 6159//8815 6158//8811
f 6157//8809 6341//8808 6342//8816 6159//8815
f 6158//8811 6159//8815 6161//8817 6160//8818
f 6158//8811 6160//8818 6303//8819 6301//8812
f 6159//8815 6342//8816 6343//8820 6161//8817
f 6160//8818 6161//8817 6164//8821 6163//8822
f 6160//8818 6163//8822 6162//8823 6303//8819
f 6161//8817 6343//8820 6344//8824 6164//8821
f 6162//8823 6165//8825 6305//8826 6304//8827
f 6162//8823 6304//8827 6302//8828 6303//8819
f 6162//8823 6163//8822 6166//8829 6165//8825
f 6163//8822 6164//8821 6167//8830 6166//8829
f 6164//8821 6344//8824 6345//8831 6167//8830
f 6165//8825 6168//8832 6306//8833 6305//8826
f 6165//8825 6166//8829 6169//8834 6168//8832
f 6166//8829 6167//8830 6170//8835 6169//8834
f 6167//8830 6345//8831 6346//8836 6170//8835
f 6168//8832 6169//8834 6173//8837 6172//8838
f 6168//8832 6172//8838 6171//8839 6306//8833
f 6169//8834 6170//8835 6174//8840 6173//8837
f 6170//8835 6346//8836 6347//8841 6174//8840
f 6171//8839 6175//8842 6411//8843 6410//8844
f 6171//8839 6410//8844 6409//8845 6306//8833
f 6171//8839 6172//8838 6176//8846 6175//8842
f 6172//8838 6173//8837 6177//8847 6176//8846
f 6173//8837 6174//8840 6178//8848 6177//8847
f 6174//8840 6347//8841 6348//8849 6178//8848
f 6175//8842 6179//8850 6412//8851 6411//8843
f 6175//8842 6176//8846 6180//8852 6179//8850
f 6176//8846 6177//8847 6181//8853 6180//8852
f 6177//8847 6178//8848 6182//8854 6181//8853
f 6178//8848 6348//8849 6349//8855 6182//8854
f 6179//8850 6180//8852 6184//8856 6183//8857
f 6179//8850 6183//8857 6413//8858 6412//8851
f 6180//8852 6181//8853 6185//8859 6184//8856
f 6181//8853 6182//8854 6186//8860 6185//8859
f 6182//8854 6349//8855 6350//8861 6186//8860
f 6183//8857 6184//8856 6188//8862 6187//8863
f 6183//8857 6187//8863 6438//8864 6413//8858
f 6184//8856 6185//8859 6189//8865 6188//8862
f 6185//8859 6186//8860 6190//8866 6189//8865
f 6186//8860 6350//8861 6351//8867 6190//8866
f 6187//8863 6188//8862 6192//8868 6191//8869
f 6187//8863 6191//8869 6437//8870 6438//8864
f 6188//8862 6189//8865 6193//8871 6192//8868
f 6189//8865 6190//8866 6194//8872 6193//8871
f 6190//8866 6351//8867 6352//8873 6194//8872
f 6191//8869 6192//8868 6196//8874 6195//8875
f 6191//8869 6195//8875 6436//8876 6437//8870
f 6192//8868 6193//8871 6197//8877 6196//8874
f 6193//8871 6194//8872 6198//8878 6197//8877
f 6194//8872 6352//8873 6353//8879 6198//8878
f 6195//8875 6196//8874 6200//8624 6199//8623
f 6195//8875 6199//8623 6435//8622 6436//8876
f 6196//8874 6197//8877 6201//8880 6200//8624
f 6197//8877 6198//8878 6202//8881 6201//8880
f 6198//8878 6353//8879 6354//8882 6202//8881
f 6200//8624 6201//8880 6204//8883 6203//8617
f 6201//8880 6202//8881 6205//8884 6204//8883
f 6202//8881 6354//8882 6355//8885 6205//8884
f 6203//8617 6204//8883 6207//8886 6206//8618
f 6204//8883 6205//8884 6208//8887 6207//8886
f 6205//8884 6355//8885 6356//8888 6208//8887
f 6206//8618 6207//8886 6210//8889 6209//8625
f 6207//8886 6208//8887 6211//8890 6210//8889
f 6208//8887 6356//8888 6357//8891 6211//8890
f 6209//8625 6210//8889 6213//8639 6212//8628
f 6210//8889 6211//8890 6214//8892 6213//8639
f 6211//8890 6357//8891 6358//8893 6214//8892
f 6213//8639 6214//8892 6216//8894 6215//8637
f 6214//8892 6358//8893 6359//8895 6216//8894
f 6215//8637 6216//8894 6218//8896 6217//8638
f 6216//8894 6359//8895 6360//8897 6218//8896
f 6217//8638 6218//8896 6220//8898 6219//8643
f 6218//8896 6360//8897 6361//8899 6220//8898
f 6219//8643 6220//8898 6222//8658 6221//8647
f 6220//8898 6361//8899 6362//8900 6222//8658
f 6222//8658 6362//8900 6363//8901 6223//8656
f 6223//8656 6363//8901 6364//8902 6224//8657
f 6224//8657 6364//8902 6365//8903 6225//8663
f 6225//8663 6365//8903 6366//8681 6226//8668
s 5
f 6227//8714 6228//8719 6377//8904 6376//8788
f 6228//8719 6229//8724 6378//8905 6377//8904
f 6229//8724 6230//8789 6379//8906 6378//8905
f 6230//8789 6231//8790 6380//8907 6379//8906
f 6231//8790 6232//8791 6381//8908 6380//8907
f 6232//8791 6233//8792 6382//8909 6381//8908
f 6233//8792 6234//8742 6236//8745 6235//8910
f 6233//8792 6235//8910 6383//8911 6382//8909
f 6235//8910 6236//8745 6238//8749 6237//8912
f 6235//8910 6237//8912 6384//8913 6383//8911
f 6237//8912 6238//8749 6240//8753 6239//8914
f 6237//8912 6239//8914 6385//8915 6384//8913
f 6239//8914 6240//8753 6242//8757 6241//8916
f 6239//8914 6241//8916 6386//8917 6385//8915
f 6241//8916 6242//8757 6244//8793 6243//8918
f 6241//8916 6243//8918 6387//8919 6386//8917
f 6243//8918 6244//8793 6246//8794 6245//8920
f 6243//8918 6245//8920 6388//8921 6387//8919
f 6245//8920 6246//8794 6248//8795 6247//8922
f 6245//8920 6247//8922 6389//8923 6388//8921
f 6247//8922 6248//8795 6251//8924 6250//8925
f 6247//8922 6250//8925 6390//8926 6389//8923
f 6248//8795 6249//8768 6252//8771 6251//8924
f 6250//8925 6251//8924 6254//8927 6253//8928
f 6250//8925 6253//8928 6391//8929 6390//8926
f 6251//8924 6252//8771 6255//8773 6254//8927
f 6253//8928 6254//8927 6257//8930 6256//8931
f 6253//8928 6256//8931 6392//8932 6391//8929
f 6254//8927 6255//8773 6258//8776 6257//8930
f 6256//8931 6257//8930 6260//8933 6259//8934
f 6256//8931 6259//8934 6393//8935 6392//8932
f 6257//8930 6258//8776 6261//8779 6260//8933
f 6259//8934 6260//8933 6263//8936 6262//8937
f 6259//8934 6262//8937 6394//8938 6393//8935
f 6260//8933 6261//8779 6264//8782 6263//8936
f 6262//8937 6263//8936 6266//8939 6265//8940
f 6262//8937 6265//8940 6395//8941 6394//8938
f 6263//8936 6264//8782 6267//8797 6266//8939
f 6265//8940 6266//8939 6270//8942 6269//8943
f 6265//8940 6269//8943 6396//8944 6395//8941
f 6266//8939 6267//8797 6271//8945 6270//8942
f 6267//8797 6268//8796 6272//8946 6271//8945
f 6268//8796 6332//8798 6333//8947 6272//8946
f 6269//8943 6270//8942 6274//8948 6273//8949
f 6269//8943 6273//8949 6397//8950 6396//8944
f 6270//8942 6271//8945 6275//8951 6274//8948
f 6271//8945 6272//8946 6276//8952 6275//8951
f 6272//8946 6333//8947 6334//8953 6276//8952
f 6273//8949 6274//8948 6278//8954 6277//8955
f 6273//8949 6277//8955 6398//8956 6397//8950
f 6274//8948 6275//8951 6279//8957 6278//8954
f 6275//8951 6276//8952 6280//8958 6279//8957
f 6276//8952 6334//8953 6335//8959 6280//8958
f 6277//8955 6278//8954 6282//8960 6281//8961
f 6277//8955 6281//8961 6399//8962 6398//8956
f 6278//8954 6279//8957 6283//8963 6282//8960
f 6279//8957 6280//8958 6284//8964 6283//8963
f 6280//8958 6335//8959 6336//8965 6284//8964
f 6281//8961 6282//8960 6286//8966 6285//8967
f 6281//8961 6285//8967 6400//8968 6399//8962
f 6282//8960 6283//8963 6287//8969 6286//8966
f 6283//8963 6284//8964 6288//8970 6287//8969
f 6284//8964 6336//8965 6337//8971 6288//8970
s 6
f 6289//8972 6290//8973 6293//8974 6292//8975
f 6289//8972 6292//8975 6402//8976 6401//8977
f 6290//8973 6291//8802 6294//8801 6293//8974
f 6292//8975 6293//8974 6296//8814 6295//8978
f 6292//8975 6295//8978 6403//8979 6402//8976
f 6293//8974 6294//8801 6297//8807 6296//8814
f 6295//8978 6296//8814 6299//8813 6298//8980
f 6295//8978 6298//8980 6404//8981 6403//8979
f 6298//8980 6299//8813 6301//8812 6300//8982
f 6298//8980 6300//8982 6405//8983 6404//8981
f 6300//8982 6301//8812 6303//8819 6302//8828
f 6300//8982 6302//8828 6406//8984 6405//8983
f 6302//8828 6304//8827 6407//8985 6406//8984
f 6304//8827 6305//8826 6408//8986 6407//8985
f 6305//8826 6306//8833 6409//8845 6408//8986
s 8
f 6416//8987 6415//8988 6448//8989 6447//8990
f 6417//8991 6416//8987 6447//8990 6450//8992
f 6307//8993 6417//8991 6450//8992 6454//8994
s 9
f 6370//8995 6371//8996 6456//8997 6455//8998
s 8
f 6415//8988 6440//8999 6457//9000 6448//8989
s 9
f 6440//9001 6370//8995 6455//8998 6457//9002
s 10
f 6434//9003 6433//9004 6463//9005 6462//9006
f 6435//9007 6434//9003 6462//9006 6465//9008
f 6433//9004 6432//9009 6469//9010 6463//9005
f 6432//9009 6431//9011 6472//9012 6469//9010
f 6431//9011 6430//9013 6475//9014 6472//9012
f 6430//9013 6429//9015 6478//9016 6475//9014
f 6429//9015 6428//9017 6484//9018 6478//9016
f 6428//9017 6427//9019 6488//9020 6484//9018
f 6427//9019 6426//9021 6492//9022 6488//9020
f 6426//9021 6425//9023 6496//9024 6492//9022
f 6425//9023 6424//9025 6503//9026 6496//9024
f 6424//9025 6423//9027 6508//9028 6503//9026
f 6423//9027 6422//9029 6513//9030 6508//9028
f 6422//9029 6421//9031 6518//9032 6513//9030
s 11
f 6368//9033 6367//9034 6522//9035 6521//9036
f 6367//9034 6366//9037 6523//9038 6522//9035
s 10
f 6421//9031 6420//9039 6526//9040 6518//9032
s 11
f 6369//9041 6368//9033 6521//9036 6529//9042
s 10
f 6419//9043 6418//9044 6531//9045 6530//9046
f 6420//9039 6419//9043 6530//9046 6526//9040
f 6418//9044 6414//9047 6532//9048 6531//9045
f 6414//9047 6441//9049 6533//9050 6532//9048
s 11
f 6441//9051 6369//9041 6529//9042 6533//9052
s 13
f 6308//9053 6307//9054 6454//9055 6538//9056
f 6309//9057 6308//9053 6538//9056 6539//9058
f 6310//9059 6309//9057 6539//9058 6544//9060
f 6311//9061 6310//9059 6544//9060 6549//9062
f 6312//9063 6311//9061 6549//9062 6554//9064
f 6313//9065 6312//9063 6554//9064 6559//9066
f 6314//9067 6313//9065 6559//9066 6564//9068
f 6315//9069 6314//9067 6564//9068 6569//9070
f 6316//9071 6315//9069 6569//9070 6573//9072
f 6317//9073 6316//9071 6573//9072 6577//9074
f 6318//9075 6317//9073 6577//9074 6581//9076
f 6319//9077 6318//9075 6581//9076 6585//9078
f 6320//9079 6319//9077 6585//9078 6589//9080
f 6321//9081 6320//9079 6589//9080 6593//9082
f 6322//9083 6321//9081 6593//9082 6597//9084
f 6323//9085 6322//9083 6597//9084 6601//9086
f 6324//9087 6323//9085 6601//9086 6603//9088
f 6325//9089 6324//9087 6603//9088 6606//9090
f 6326//9091 6325//9089 6606//9090 6609//9092
f 6327//9093 6326//9091 6609//9092 6612//9094
f 6328//9095 6327//9093 6612//9094 6616//9096
f 6329//9097 6328//9095 6616//9096 6619//9098
f 6330//9099 6329//9097 6619//9098 6622//9100
f 6331//9101 6330//9099 6622//9100 6625//9102
s 9
f 6371//8996 6372//9103 6626//9104 6456//8997
f 6372//9103 6373//9105 6627//9106 6626//9104
f 6373//9105 6374//9107 6628//9108 6627//9106
f 6374//9107 6375//9109 6629//9110 6628//9108
f 6375//9109 6376//9111 6630//9112 6629//9110
s 13
f 6332//9113 6331//9101 6625//9102 6640//9114
s 11
f 6339//9115 6338//9116 6643//9117 6646//9118
f 6340//9119 6339//9115 6646//9118 6648//9120
f 6341//9121 6340//9119 6648//9120 6651//9122
f 6342//9123 6341//9121 6651//9122 6658//9124
f 6343//9125 6342//9123 6658//9124 6662//9126
f 6344//9127 6343//9125 6662//9126 6666//9128
f 6345//9129 6344//9127 6666//9128 6673//9130
f 6346//9131 6345//9129 6673//9130 6678//9132
f 6347//9133 6346//9131 6678//9132 6683//9134
s 10
f 6410//9135 6411//9136 6685//9137 6684//9138
f 6409//9139 6410//9135 6684//9138 6687//9140
s 11
f 6348//9141 6347//9133 6683//9134 6691//9142
s 10
f 6411//9136 6412//9143 6692//9144 6685//9137
s 11
f 6349//9145 6348//9141 6691//9142 6697//9146
s 10
f 6412//9143 6413//9147 6700//9148 6692//9144
s 11
f 6350//9149 6349//9145 6697//9146 6703//9150
s 10
f 6413//9147 6438//9151 6706//9152 6700//9148
s 11
f 6351//9153 6350//9149 6703//9150 6709//9154
s 10
f 6438//9151 6437//9155 6712//9156 6706//9152
s 11
f 6352//9157 6351//9153 6709//9154 6715//9158
s 10
f 6437//9155 6436//9159 6718//9160 6712//9156
s 11
f 6353//9161 6352//9157 6715//9158 6721//9162
s 10
f 6436//9159 6435//9007 6465//9008 6718//9160
s 11
f 6354//9163 6353//9161 6721//9162 6724//9164
f 6355//9165 6354//9163 6724//9164 6727//9166
f 6356//9167 6355//9165 6727//9166 6730//9168
f 6357//9169 6356//9167 6730//9168 6733//9170
f 6358//9171 6357//9169 6733//9170 6735//9172
f 6359//9173 6358//9171 6735//9172 6737//9174
f 6360//9175 6359//9173 6737//9174 6739//9176
f 6361//9177 6360//9175 6739//9176 6741//9178
f 6362//9179 6361//9177 6741//9178 6742//9180
f 6363//9181 6362//9179 6742//9180 6743//9182
f 6364//9183 6363//9181 6743//9182 6744//9184
f 6365//9185 6364//9183 6744//9184 6745//9186
f 6366//9037 6365//9185 6745//9186 6523//9038
s 9
f 6376//9111 6377//9187 6746//9188 6630//9112
f 6377//9187 6378//9189 6747//9190 6746//9188
f 6378//9189 6379//9191 6748//9192 6747//9190
f 6379//9191 6380//9193 6749//9194 6748//9192
f 6380//9193 6381//9195 6750//9196 6749//9194
f 6381//9195 6382//9197 6751//9198 6750//9196
f 6382//9197 6383//9199 6753//9200 6751//9198
f 6383//9199 6384//9201 6755//9202 6753//9200
f 6384//9201 6385//9203 6757//9204 6755//9202
f 6385//9203 6386//9205 6759//9206 6757//9204
f 6386//9205 6387//9207 6761//9208 6759//9206
f 6387//9207 6388//9209 6763//9210 6761//9208
f 6388//9209 6389//9211 6765//9212 6763//9210
f 6389//9211 6390//9213 6768//9214 6765//9212
f 6390//9213 6391//9215 6771//9216 6768//9214
f 6391//9215 6392//9217 6774//9218 6771//9216
f 6392//9217 6393//9219 6777//9220 6774//9218
f 6393//9219 6394//9221 6780//9222 6777//9220
f 6394//9221 6395//9223 6783//9224 6780//9222
f 6395//9223 6396//9225 6786//9226 6783//9224
s 13
f 6333//9227 6332//9113 6640//9114 6789//9228
s 9
f 6396//9225 6397//9229 6792//9230 6786//9226
s 13
f 6334//9231 6333//9227 6789//9228 6795//9232
s 9
f 6397//9229 6398//9233 6798//9234 6792//9230
s 13
f 6335//9235 6334//9231 6795//9232 6801//9236
s 9
f 6398//9233 6399//9237 6804//9238 6798//9234
s 13
f 6336//9239 6335//9235 6801//9236 6807//9240
s 9
f 6399//9237 6400//9241 6810//9242 6804//9238
s 13
f 6337//9243 6336//9239 6807//9240 6813//9244
s 10
f 6401//9245 6402//9246 6819//9247 6816//9248
f 6402//9246 6403//9249 6821//9250 6819//9247
f 6403//9249 6404//9251 6823//9252 6821//9250
f 6404//9251 6405//9253 6825//9254 6823//9252
f 6405//9253 6406//9255 6826//9256 6825//9254
f 6406//9255 6407//9257 6827//9258 6826//9256
f 6407//9257 6408//9259 6828//9260 6827//9258
f 6408//9259 6409//9139 6687//9140 6828//9260
